Nom_Fichier,Artiste,Cluster_ID,Distance_Centroide,Score_Silhouette
aborigene_1.jpg,Aborigene,15,7.7216,-0.0158
accardi_1.jpg,Accardi,0,6.261,-0.0125
accardi_2.jpg,Accardi,14,6.2229,-0.004
af-klint_1.jpg,Af-klint,18,7.1739,-0.0437
af-klint_10.jpg,Af-klint,27,5.3109,-0.0419
af-klint_11.jpg,Af-klint,13,8.7457,0.0068
af-klint_12.jpg,Af-klint,2,7.0256,0.0099
af-klint_13.jpg,Af-klint,11,7.0859,-0.1352
af-klint_2.jpg,Af-klint,4,5.8212,0.0624
af-klint_3.jpg,Af-klint,3,9.4608,-0.0097
af-klint_4.jpg,Af-klint,23,6.9319,-0.0362
af-klint_5.jpg,Af-klint,27,6.2452,-0.0359
af-klint_6.jpg,Af-klint,4,6.2795,0.0815
af-klint_8.jpg,Af-klint,6,7.1813,0.0172
af-klint_9.jpg,Af-klint,2,6.503,-0.1221
afif_1.jpg,Afif,16,7.808,0.0019
afnan_2.jpg,Afnan,4,5.1177,0.131
afro_1.jpg,Afro,6,4.9112,0.0048
afro_2.jpg,Afro,16,6.776,-0.0151
afro_3.jpg,Afro,18,5.6073,0.0115
afro_4.jpg,Afro,18,5.3147,-0.0129
afro_5.jpg,Afro,18,6.1421,-0.0319
afro_6.jpg,Afro,17,6.9784,-0.0713
afro_7.jpg,Afro,7,5.7442,0.0034
al-azzawi_1.jpg,Al-azzawi,20,5.7802,-0.1291
albers_1.jpg,Albers,8,8.2974,-0.0317
albers_10.jpg,Albers,14,6.3229,-0.0071
albers_11.jpg,Albers,3,6.9977,0.0609
albers_12.jpg,Albers,16,9.5512,0.01
albers_13.jpg,Albers,19,7.2711,0.0141
albers_14.jpg,Albers,1,9.8952,-0.0729
albers_15.jpg,Albers,14,8.7551,-0.0416
albers_16.jpg,Albers,12,7.9482,0.1417
albers_17.jpg,Albers,14,11.0951,-0.0242
albers_2.jpg,Albers,18,8.104,0.0255
albers_3.jpg,Albers,5,12.5485,0.2008
albers_4.jpg,Albers,18,7.3666,0.029
albers_5.jpg,Albers,8,9.9612,-0.0368
albers_6.jpg,Albers,9,8.7072,-0.0187
albers_7.jpg,Albers,9,6.2502,-0.0048
albers_8.jpg,Albers,5,10.1798,0.1712
albers_9.jpg,Albers,5,9.9449,0.2015
albert-birot_1.jpg,Albert-birot,15,4.8837,-0.0097
alechinsky_1.jpg,Alechinsky,15,5.7857,0.005
alechinsky_2.jpg,Alechinsky,27,5.7591,0.0479
alechinsky_3.jpg,Alechinsky,27,4.6054,-0.0299
alechinsky_4.jpg,Alechinsky,27,5.3781,-0.0636
allard_1.jpg,Allard,15,5.7027,0.1015
andre_1.jpg,Andre,9,7.4338,0.0127
angkasapura_1.jpg,Angkasapura,15,6.7756,0.0003
angkasapura_2.jpg,Angkasapura,23,4.4806,0.0546
angkasapura_3.jpg,Angkasapura,15,5.6051,-0.0035
appel_11.jpg,Appel,3,5.0021,0.0227
appel_2.jpg,Appel,3,5.4079,0.0254
appel_3.jpg,Appel,25,5.5378,-0.0431
appel_4.jpg,Appel,27,5.0455,0.0542
appel_5.jpg,Appel,23,6.6681,0.0524
appel_6.jpg,Appel,23,5.062,-0.0402
araeen_1.jpg,Araeen,7,8.0429,-0.0127
arguelles_1.jpg,Arguelles,9,7.3591,-0.0147
arman_1.jpg,Arman,4,4.5397,0.0936
arman_2.jpg,Arman,4,4.2389,0.107
arman_3.jpg,Arman,27,5.9509,0.0476
arman_4.jpg,Arman,3,5.9052,0.035
arman_5.jpg,Arman,15,5.6597,0.0019
arman_6.jpg,Arman,27,5.0778,-0.081
arman_7.jpg,Arman,21,5.7767,0.0465
arman_98.jpg,Arman,24,5.1265,-0.0379
arman_99.jpg,Arman,3,5.9982,-0.0245
armandon_1.jpg,Armandon,21,4.9452,-0.0569
arnal_1.jpg,Arnal,24,4.294,0.0476
arp_1.jpg,Arp,23,8.124,-0.1508
arp_2.jpg,Arp,1,8.6225,-0.0473
arp_3.jpg,Arp,14,8.1347,-0.0288
arp_4.jpg,Arp,2,9.3304,-0.0346
arp_8.jpg,Arp,17,7.2734,-0.0428
art-et-language_1.jpg,Art-et-language,28,6.1335,-0.1013
asse_1.jpg,Asse,13,10.0812,-0.0332
asse_10.jpg,Asse,7,7.3549,-0.0386
asse_2.jpg,Asse,17,9.5194,0.0392
asse_3.jpg,Asse,16,7.6654,-0.0478
asse_4.jpg,Asse,17,5.2529,-0.0742
asse_5.jpg,Asse,17,7.2058,-0.0664
asse_6.jpg,Asse,2,8.8478,-0.0206
asse_7.jpg,Asse,1,8.5875,0.027
asse_8.jpg,Asse,10,9.4333,-0.0654
asse_9.jpg,Asse,18,5.9478,-0.017
atassi_1.jpg,Atassi,11,6.9389,-0.1429
atassi_2.jpg,Atassi,20,7.4815,-0.0776
atlan_1.jpg,Atlan,3,6.3737,-0.0071
atlan_2.jpg,Atlan,3,7.3748,0.0131
atlan_3.jpg,Atlan,20,7.0275,-0.0786
atlan_4.jpg,Atlan,3,5.8833,0.0036
atlan_5.jpg,Atlan,7,6.4632,-0.0478
auerbach_1.jpg,Auerbach,4,4.8075,0.0762
auerbach_2.jpg,Auerbach,4,5.7883,0.1138
ayme_1.jpg,Ayme,1,7.6343,0.0811
bacher_1.jpg,Bacher,12,5.5987,0.0304
bae_1.jpg,Bae,21,5.4772,0.0578
bak_1.jpg,Bak,14,9.0099,0.0963
balas_1.jpg,Balas,21,5.4823,-0.0345
balla_1.jpg,Balla,21,5.7493,-0.1028
balla_2.jpg,Balla,25,6.7951,-0.1368
balla_3.jpg,Balla,19,7.629,0.0796
barre_1.jpg,Barre,13,9.4045,-0.0017
barre_2.jpg,Barre,17,10.5074,0.0427
barre_3.jpg,Barre,17,7.9114,-0.0169
barre_4.jpg,Barre,17,8.2071,0.0074
barre_5.jpg,Barre,29,7.5928,-0.0478
bart_1.jpg,Bart,17,8.6012,0.0616
barthes_1.jpg,Barthes,0,5.642,-0.0669
barthes_2.jpg,Barthes,0,6.3706,-0.0918
baruch_1.jpg,Baruch,13,8.1779,0.0161
baruch_2.jpg,Baruch,13,8.699,0.0413
baruchello_1.jpg,Baruchello,17,6.3157,-0.0798
basquiat_1.jpg,Basquiat,15,4.5848,0.0824
basquiat_12.jpg,Basquiat,15,4.7959,0.0756
basquiat_2.jpg,Basquiat,27,5.104,-0.0425
basquiat_7.jpg,Basquiat,3,6.3039,0.0158
bazaine_1.jpg,Bazaine,6,7.6107,0.0619
beck_1.jpg,Beck,6,5.161,0.0109
bedin_1.jpg,Bedin,18,6.3599,-0.041
bellaguet_1.jpg,Bellaguet,17,7.4981,-0.0279
bellmer_1.jpg,Bellmer,26,8.4719,-0.1132
beloussovitch_1.jpg,Beloussovitch,18,8.4491,0.0024
benchamma_1.jpg,Benchamma,0,7.0012,-0.1072
benrath_1.jpg,Benrath,4,4.872,0.0996
benrath_2.jpg,Benrath,10,7.9855,-0.0154
bergman_1.jpg,Bergman,6,6.0076,0.0217
bergman_10.jpg,Bergman,9,6.5725,-0.0475
bergman_11.jpg,Bergman,6,6.3827,-0.0002
bergman_12.jpg,Bergman,26,6.7079,-0.1394
bergman_13.jpg,Bergman,7,8.8945,-0.0458
bergman_14.jpg,Bergman,3,5.6208,0.056
bergman_15.jpg,Bergman,11,6.9713,-0.125
bergman_16.jpg,Bergman,18,6.7473,-0.0151
bergman_17.jpg,Bergman,3,7.0079,0.0707
bergman_18.jpg,Bergman,2,7.549,-0.12
bergman_19.jpg,Bergman,11,7.6538,-0.1493
bergman_2.jpg,Bergman,7,8.9762,0.0061
bergman_20.jpg,Bergman,3,7.1011,-0.0283
bergman_21.jpg,Bergman,7,6.6374,-0.0364
bergman_22.jpg,Bergman,16,7.2246,0.0007
bergman_23.jpg,Bergman,24,5.5367,-0.0177
bergman_24.jpg,Bergman,2,7.7957,-0.0959
bergman_25.jpg,Bergman,12,7.4615,0.0808
bergman_26.jpg,Bergman,3,5.9106,0.0153
bergman_27.jpg,Bergman,4,5.316,0.0777
bergman_28.jpg,Bergman,4,6.3047,0.0983
bergman_29.jpg,Bergman,26,6.4578,-0.1132
bergman_3.jpg,Bergman,19,10.2176,-0.023
bergman_30.jpg,Bergman,16,6.2545,0.0865
bergman_31.jpg,Bergman,7,6.876,-0.0701
bergman_32.jpg,Bergman,26,6.3538,-0.0994
bergman_33.jpg,Bergman,4,5.0322,0.0991
bergman_34.jpg,Bergman,16,7.6338,-0.0289
bergman_35.jpg,Bergman,6,6.8481,0.0138
bergman_36.jpg,Bergman,0,10.5426,-0.0098
bergman_37.jpg,Bergman,4,6.1677,0.0756
bergman_38.jpg,Bergman,16,6.5621,-0.0051
bergman_39.jpg,Bergman,7,6.8177,-0.0677
bergman_4.jpg,Bergman,2,6.8799,-0.1055
bergman_40.jpg,Bergman,6,5.1133,0.0057
bergman_41.jpg,Bergman,16,5.8002,-0.0531
bergman_42.jpg,Bergman,3,4.9972,0.0154
bergman_43.jpg,Bergman,16,5.8917,0.0043
bergman_44.jpg,Bergman,20,6.0581,-0.0945
bergman_45.jpg,Bergman,12,9.8928,-0.0197
bergman_46.jpg,Bergman,16,7.0556,-0.0023
bergman_47.jpg,Bergman,14,8.1993,-0.0301
bergman_48.jpg,Bergman,17,10.038,-0.0049
bergman_49.jpg,Bergman,12,8.8553,0.047
bergman_5.jpg,Bergman,1,8.2162,-0.0253
bergman_50.jpg,Bergman,21,5.167,-0.0769
bergman_51.jpg,Bergman,4,4.3981,0.0991
bergman_52.jpg,Bergman,6,6.0259,0.0221
bergman_6.jpg,Bergman,11,8.5682,-0.0969
bergman_7.jpg,Bergman,6,5.6271,0.0001
bergman_8.jpg,Bergman,16,6.2871,0.0299
bergman_9.jpg,Bergman,16,6.1929,-0.052
bergman_91.jpg,Bergman,20,5.8578,-0.0752
bergman_98.jpg,Bergman,17,6.7013,-0.0641
bergman_99.jpg,Bergman,19,6.7797,0.015
berman_1.jpg,Berman,6,6.74,0.0023
bernsk_1.jpg,Bernsk,17,6.1348,-0.092
bernsk_2.jpg,Bernsk,4,5.0495,0.1069
bertholle_1.jpg,Bertholle,4,5.5732,0.0745
bertholle_2.jpg,Bertholle,20,5.2122,-0.0811
bertholle_3.jpg,Bertholle,20,4.5493,-0.0312
bertholle_4.jpg,Bertholle,6,4.8786,-0.0067
bertrand_1.jpg,Bertrand,18,6.3309,-0.0311
bezie_1.jpg,Bezie,17,7.4298,0.004
bissiere_1.jpg,Bissiere,3,4.4701,0.0242
bissiere_2.jpg,Bissiere,3,5.5185,0.0599
bloc_1.jpg,Bloc,11,12.1186,-0.0451
bloch_1.jpg,Bloch,15,6.1092,-0.0078
boccioni_1.jpg,Boccioni,4,3.9587,0.1101
boeti_1.jpg,Boeti,28,4.9155,-0.0782
boetti_1.jpg,Boetti,15,4.114,0.0101
boetti_2.jpg,Boetti,16,6.4838,-0.0148
bonneaud_1.jpg,Bonneaud,14,6.995,-0.0476
boumester_1.jpg,Boumester,17,7.9253,-0.082
bourgeois_1.jpg,Bourgeois,8,5.6671,0.0097
bouttier_1.jpg,Bouttier,24,6.2533,-0.0304
bouttier_2.jpg,Bouttier,4,6.0629,0.0773
bowling_1.jpg,Bowling,20,5.1367,-0.0522
bozzolino_1.jpg,Bozzolino,11,10.9913,-0.0317
bradford_1.jpg,Bradford,4,4.4032,0.0968
bradford_2.jpg,Bradford,24,5.6917,-0.0338
brassai_1.jpg,Brassai,4,4.5139,0.099
brassai_2.jpg,Brassai,4,6.2308,0.0619
brusse_1.jpg,Brusse,16,6.8834,0.0126
brusse_2.jpg,Brusse,6,6.1878,0.0132
bryen_1.jpg,Bryen,21,4.8547,-0.0509
bryen_2.jpg,Bryen,4,5.6221,0.0649
buren_1.jpg,Buren,7,6.9696,0.039
buren_2.jpg,Buren,19,6.7338,0.0163
buren_3.jpg,Buren,19,5.9703,0.2385
buren_4.jpg,Buren,19,5.8785,0.2102
buren_5.jpg,Buren,8,8.0671,0.0069
burri_1.jpg,Burri,16,6.1577,0.0306
burri_10.jpg,Burri,23,5.0331,-0.0776
burri_11.jpg,Burri,18,5.9293,-0.0376
burri_12.jpg,Burri,4,5.7064,0.0825
burri_13.jpg,Burri,6,6.3269,0.0044
burri_14.jpg,Burri,17,8.3715,-0.038
burri_15.jpg,Burri,18,5.7064,-0.0188
burri_2.jpg,Burri,25,6.0941,-0.0902
burri_3.jpg,Burri,18,8.549,-0.0312
burri_4.jpg,Burri,18,8.4174,-0.0228
burri_5.jpg,Burri,14,8.1324,0.0146
burri_6.jpg,Burri,4,4.6958,0.1069
burri_7.jpg,Burri,16,6.9898,-0.0492
burri_8.jpg,Burri,4,5.5001,0.0912
burri_9.jpg,Burri,16,5.5319,-0.0599
burroughs_1.jpg,Burroughs,23,5.2242,-0.0289
buthe_1.jpg,Buthe,3,7.429,0.0637
calima_1.jpg,Calima,1,7.7202,-0.0782
calima_2.jpg,Calima,8,7.3825,0.0275
cane_1.jpg,Cane,6,5.2637,-0.0067
capogrossi_1.jpg,Capogrossi,9,7.0186,0.0005
capogrossi_5.jpg,Capogrossi,15,5.4644,0.0399
cappa_1.jpg,Cappa,20,6.8391,-0.1923
carlsund_1.jpg,Carlsund,19,5.4617,0.1712
cassel_1.jpg,Cassel,2,7.8995,-0.0627
cassel_2.jpg,Cassel,18,7.3836,-0.0336
cassel_3.jpg,Cassel,27,7.1431,-0.0325
castellani_1.jpg,Castellani,6,6.8163,0.0653
castellani_2.jpg,Castellani,9,8.3126,-0.0536
chagall_1.jpg,Chagall,11,7.7823,-0.1425
chardon_1.jpg,Chardon,8,7.3766,0.0023
charlton_1.jpg,Charlton,19,7.7448,0.179
chesnier_1.jpg,Chesnier,10,8.9566,0.0302
choi_1.jpg,Choi,6,6.0675,0.0061
choi_2.jpg,Choi,16,7.3999,-0.0563
choi_3.jpg,Choi,16,7.5273,0.0317
clark_1.jpg,Clark,4,4.7402,0.0833
clement_1.jpg,Clement,6,6.8096,0.0114
clough_1.jpg,Clough,3,4.4288,-0.0277
colombet_1.jpg,Colombet,28,4.5243,-0.0632
colombet_2.jpg,Colombet,24,3.9137,-0.0307
colombet_3.jpg,Colombet,4,4.3005,0.099
colombet_4.jpg,Colombet,24,4.2715,0.0481
colombet_5.jpg,Colombet,16,5.8633,0.0694
colombet_6.jpg,Colombet,4,4.8416,0.0844
colquhoun_1.jpg,Colquhoun,3,7.2908,-0.022
colquhoun_2.jpg,Colquhoun,7,7.2141,0.0034
colquhoun_3.jpg,Colquhoun,16,6.0772,-0.0628
colquhoun_4.jpg,Colquhoun,20,6.1946,-0.0453
colquhoun_5.jpg,Colquhoun,6,6.6056,-0.0004
colquhoun_6.jpg,Colquhoun,6,5.7577,0.0075
condo_1.jpg,Condo,17,6.7803,-0.0869
condo_10.jpg,Condo,4,5.0466,0.0772
condo_20.jpg,Condo,4,4.5196,0.0763
condo_21.jpg,Condo,4,3.9755,0.1063
condo_3.jpg,Condo,3,5.8146,0.0076
condo_30.jpg,Condo,4,4.5048,0.0974
condo_33.jpg,Condo,4,4.6736,0.1062
condo_42.jpg,Condo,6,5.9512,0.037
condo_49.jpg,Condo,9,7.5998,0.0327
condo_50.jpg,Condo,9,6.6588,-0.0286
condo_51.jpg,Condo,25,6.0507,-0.0751
condo_53.jpg,Condo,6,4.9837,-0.0269
condo_58.jpg,Condo,6,4.9495,0.0063
condo_60.jpg,Condo,6,4.8375,0.0033
condo_73.jpg,Condo,9,7.5674,-0.0066
conner_1.jpg,Conner,4,5.6984,0.0594
conner_2.jpg,Conner,29,7.0734,-0.0693
covert_1.jpg,Covert,16,4.874,-0.0561
crepin_1.jpg,Crepin,27,5.6971,-0.0288
crepin_2.jpg,Crepin,15,5.1571,-0.0169
crotti_1.jpg,Crotti,18,7.9395,-0.0089
crotti_2.jpg,Crotti,3,7.2284,0.0154
cruz-diez_1.jpg,Cruz-diez,9,9.8972,-0.0346
culbert_1.jpg,Culbert,22,7.1196,-0.1106
culbert_2.jpg,Culbert,26,6.234,-0.0932
culbert_3.jpg,Culbert,3,6.0902,0.0347
culbert_4.jpg,Culbert,6,6.1176,0.0388
culin_1.jpg,Culin,3,7.587,-0.0208
dali_1.jpg,Dali,16,5.7955,0.011
damoah_1.jpg,Damoah,3,6.7874,0.052
damoah_2.jpg,Damoah,26,7.2284,-0.0877
damoah_3.jpg,Damoah,4,5.0459,0.1208
de-bary_1.jpg,De-bary,16,7.4896,0.0267
de-dominicis_1.jpg,De-dominicis,17,6.8472,-0.073
de-kooning_13.jpg,De-kooning,23,3.8944,-0.0285
de-kooning_16.jpg,De-kooning,27,4.8477,-0.039
de-kooning_3.jpg,De-kooning,20,5.0248,-0.0379
de-kooning_7.jpg,De-kooning,6,4.9313,0.0042
de-kooning_8.jpg,De-kooning,23,5.6565,-0.0461
de-kooning_9.jpg,De-kooning,23,3.9054,-0.05
de-souza-cardoso_11.jpg,De-souza-cardoso,3,6.5496,0.0022
de-souza-cardoso_12.jpg,De-souza-cardoso,27,4.2649,-0.0394
de-souza-cardoso_13.jpg,De-souza-cardoso,6,5.531,-0.0072
de-souza-cardoso_14.jpg,De-souza-cardoso,23,4.3234,-0.0388
de-souza-cardoso_15.jpg,De-souza-cardoso,6,4.6904,0.0488
de-souza-cardoso_31.jpg,De-souza-cardoso,7,6.1866,-0.0342
de-souza-cardoso_32.jpg,De-souza-cardoso,7,6.459,-0.0649
de-souza-cardoso_33.jpg,De-souza-cardoso,3,6.1263,0.0329
de-souza-cardoso_34.jpg,De-souza-cardoso,25,6.248,-0.0888
de-stael_1.jpg,De-stael,28,5.3734,-0.1419
de-stael_10.jpg,De-stael,9,5.9434,-0.0188
de-stael_11.jpg,De-stael,4,4.9109,0.0937
de-stael_12.jpg,De-stael,4,5.9286,0.0835
de-stael_13.jpg,De-stael,4,5.3642,0.072
de-stael_14.jpg,De-stael,4,4.2844,0.0987
de-stael_15.jpg,De-stael,21,5.4295,-0.0851
de-stael_16.jpg,De-stael,9,6.1488,-0.0614
de-stael_18.jpg,De-stael,16,6.5198,0.0295
de-stael_19.jpg,De-stael,9,7.2786,-0.0225
de-stael_2.jpg,De-stael,4,5.5756,0.0809
de-stael_20.jpg,De-stael,16,4.8464,0.0258
de-stael_21.jpg,De-stael,9,6.105,-0.0619
de-stael_22.jpg,De-stael,16,6.6096,0.0732
de-stael_23.jpg,De-stael,6,6.0078,0.0361
de-stael_24.jpg,De-stael,4,5.1297,0.0773
de-stael_29.jpg,De-stael,6,5.5986,-0.0093
de-stael_3.jpg,De-stael,4,4.1264,0.1134
de-stael_4.jpg,De-stael,4,5.427,0.0861
de-stael_41.jpg,De-stael,4,4.7933,0.0678
de-stael_5.jpg,De-stael,20,4.8503,-0.05
de-stael_6.jpg,De-stael,20,4.9098,-0.0336
de-stael_7.jpg,De-stael,4,5.4023,0.0899
de-stael_8.jpg,De-stael,0,7.6314,-0.0253
de-stael_9.jpg,De-stael,2,7.2653,-0.1297
debre_1.jpg,Debre,23,4.6345,-0.0519
debre_2.jpg,Debre,10,9.5997,-0.0531
defeo_1.jpg,Defeo,4,4.8822,0.1229
degottex_1.jpg,Degottex,9,6.1388,-0.0657
degottex_10.jpg,Degottex,13,7.1439,0.05
degottex_11.jpg,Degottex,16,6.5839,-0.032
degottex_2.jpg,Degottex,20,7.0205,-0.0729
degottex_3.jpg,Degottex,6,5.3256,0.0278
degottex_4.jpg,Degottex,12,6.6313,-0.0309
degottex_5.jpg,Degottex,22,6.0852,-0.0698
deguelle_1.jpg,Deguelle,3,6.5735,-0.0021
del-marle_1.jpg,Del-marle,14,8.6538,-0.0667
delaney_1.jpg,Delaney,16,5.8133,-0.0605
delaunay-r_10.jpg,Delaunay-r,20,4.61,-0.0447
delaunay-r_12.jpg,Delaunay-r,11,7.7154,-0.1141
delaunay-r_15.jpg,Delaunay-r,6,6.3946,-0.0146
delaunay-r_17.jpg,Delaunay-r,24,4.9091,-0.0361
delaunay-r_18.jpg,Delaunay-r,4,5.7218,0.0772
delaunay-r_19.jpg,Delaunay-r,18,6.9005,-0.0229
delaunay-r_2.jpg,Delaunay-r,3,5.246,0.0257
delaunay-r_21.jpg,Delaunay-r,2,7.8378,0.0202
delaunay-r_32.jpg,Delaunay-r,2,7.7759,0.014
delaunay-r_34.jpg,Delaunay-r,3,6.6269,0.0021
delaunay-r_35.jpg,Delaunay-r,2,7.4761,0.0552
delaunay-r_36.jpg,Delaunay-r,2,7.219,-0.0002
delaunay-r_4.jpg,Delaunay-r,2,8.1547,0.017
delaunay-r_5.jpg,Delaunay-r,2,7.9871,-0.0164
delaunay-r_9.jpg,Delaunay-r,4,4.8461,0.0884
delaunay-s_10.jpg,Delaunay-s,2,7.7001,-0.0347
delaunay-s_12.jpg,Delaunay-s,2,7.518,-0.1064
delaunay-s_16.jpg,Delaunay-s,3,5.9665,-0.0188
delaunay-s_17.jpg,Delaunay-s,3,5.9326,-0.0193
delaunay-s_18.jpg,Delaunay-s,2,7.6271,-0.0105
delaunay-s_2.jpg,Delaunay-s,6,4.8431,0.0355
delaunay-s_3.jpg,Delaunay-s,6,7.8384,0.0025
delaunay-s_4.jpg,Delaunay-s,6,6.2996,0.0116
delaunay-s_5.jpg,Delaunay-s,6,5.61,0.0153
delaunay-s_6.jpg,Delaunay-s,6,6.083,0.0433
delaunay-s_7.jpg,Delaunay-s,2,7.8146,-0.0179
delaunay-s_8.jpg,Delaunay-s,3,6.102,-0.0202
delporte_1.jpg,Delporte,4,4.4509,0.1154
delprat_1.jpg,Delprat,12,7.8224,0.1055
devade_1.jpg,Devade,10,8.1875,-0.0334
deyrolle_1.jpg,Deyrolle,6,6.8332,0.0039
dezeuze_1.jpg,Dezeuze,11,12.65,0.001
dezeuze_2.jpg,Dezeuze,12,7.4636,0.0045
diebenkorn_1.jpg,Diebenkorn,16,5.201,0.0065
dmitrienko_1.jpg,Dmitrienko,2,8.3562,-0.0875
do-amaral_17.jpg,Do-amaral,7,5.9114,0.0342
do-amaral_18.jpg,Do-amaral,7,5.4308,-0.0248
doka_1.jpg,Doka,2,7.8716,-0.07
domela_1.jpg,Domela,8,8.1902,0.0336
domela_2.jpg,Domela,11,10.5131,-0.0579
domela_3.jpg,Domela,11,9.4603,-0.0797
domela_4.jpg,Domela,11,7.1227,-0.0855
domela_5.jpg,Domela,11,7.2105,-0.1177
domela_6.jpg,Domela,11,8.21,-0.1362
domela_7.jpg,Domela,11,8.6215,-0.1258
dominguez_1.jpg,Dominguez,16,8.1374,0.0168
dominguez_2.jpg,Dominguez,16,7.7289,-0.0092
dondi-white_1.jpg,Dondi-white,16,7.7975,0.0297
dorazio_1.jpg,Dorazio,4,6.0946,0.0705
dordek_1.jpg,Dordek,2,6.1228,-0.1021
dotremont_1.jpg,Dotremont,0,6.3312,0.0522
doumar_1.jpg,Doumar,3,7.1437,0.0102
drew_1.jpg,Drew,15,5.5927,0.025
du-pasquier_1.jpg,Du-pasquier,27,5.824,-0.1266
du-pasquier_2.jpg,Du-pasquier,15,5.4671,0.0783
du-pasquier_3.jpg,Du-pasquier,15,5.764,0.071
dubuffet_1.jpg,Dubuffet,15,4.6676,0.0486
dubuffet_10.jpg,Dubuffet,0,6.3524,0.0042
dubuffet_11.jpg,Dubuffet,15,6.2394,-0.0009
dubuffet_12.jpg,Dubuffet,0,5.6978,0.0585
dubuffet_13.jpg,Dubuffet,15,4.065,0.0711
dubuffet_14.jpg,Dubuffet,4,4.47,0.1101
dubuffet_16.jpg,Dubuffet,4,3.9554,0.133
dubuffet_19.jpg,Dubuffet,6,5.6973,-0.0149
dubuffet_2.jpg,Dubuffet,4,4.4301,0.1032
dubuffet_21.jpg,Dubuffet,6,6.2403,0.0335
dubuffet_3.jpg,Dubuffet,4,4.1629,0.1023
dubuffet_4.jpg,Dubuffet,11,8.7001,-0.1118
dubuffet_5.jpg,Dubuffet,15,5.8287,-0.0123
dubuffet_7.jpg,Dubuffet,0,6.9327,0.1227
dubuffet_8.jpg,Dubuffet,0,8.2738,-0.0662
dubuffet_9.jpg,Dubuffet,0,8.8955,-0.0547
dulom_1.jpg,Dulom,10,10.4183,0.028
dumitresco_1.jpg,Dumitresco,4,4.4982,0.0627
dumitresco_2.jpg,Dumitresco,27,5.6079,-0.0428
dupre_1.jpg,Dupre,15,4.6881,0.089
durieu_1.jpg,Durieu,29,9.0207,-0.0581
durieu_2.jpg,Durieu,6,6.0656,-0.0066
el-anatsui_1.jpg,El-anatsui,27,4.3838,-0.0273
el-anatsui_2.jpg,El-anatsui,0,5.713,-0.1103
el-lissitzky_1.jpg,El-lissitzky,17,7.769,-0.0281
el-lissitzky_2.jpg,El-lissitzky,2,7.5639,-0.0271
el-lissitzky_3.jpg,El-lissitzky,9,7.7856,-0.0311
el-lissitzky_4.jpg,El-lissitzky,16,7.638,-0.03
el-lissitzky_5.jpg,El-lissitzky,22,8.5525,-0.0886
el-lissitzky_6.jpg,El-lissitzky,17,8.0467,-0.0216
el-lissitzky_7.jpg,El-lissitzky,17,7.4377,-0.0581
el-lissitzky_8.jpg,El-lissitzky,14,8.8749,-0.0599
ermolaeva_1.jpg,Ermolaeva,18,8.4057,0.0108
ernst_1.jpg,Ernst,3,5.3933,-0.0294
ernst_10.jpg,Ernst,3,6.0108,0.0106
ernst_11.jpg,Ernst,3,5.6513,-0.0182
ernst_12.jpg,Ernst,25,4.7405,-0.0874
ernst_13.jpg,Ernst,21,5.1602,0.0486
ernst_14.jpg,Ernst,27,7.992,0.0419
ernst_15.jpg,Ernst,20,5.1328,-0.0481
ernst_18.jpg,Ernst,21,4.7825,-0.038
ernst_25.jpg,Ernst,9,7.1408,-0.0668
ernst_26.jpg,Ernst,26,5.3772,-0.0999
ernst_3.jpg,Ernst,20,6.4749,-0.0704
ernst_33.jpg,Ernst,3,7.0437,-0.0167
ernst_5.jpg,Ernst,26,8.4412,-0.171
ernst_8.jpg,Ernst,4,5.4179,0.0759
erruas_1.jpg,Erruas,28,6.0923,-0.1257
esteve_1.jpg,Esteve,9,7.0011,-0.0575
esteve_2.jpg,Esteve,6,7.0234,0.036
fangor_1.jpg,Fangor,2,10.6286,0.1161
farmanfarmaian_1.jpg,Farmanfarmaian,9,7.3537,-0.0241
farmanfarmaian_2.jpg,Farmanfarmaian,9,7.5192,-0.0221
fautrier_11.jpg,Fautrier,28,5.3451,-0.0385
fautrier_12.jpg,Fautrier,4,5.6629,0.0711
fautrier_13.jpg,Fautrier,28,5.8364,-0.0513
fautrier_14.jpg,Fautrier,21,4.6018,-0.1189
fautrier_2.jpg,Fautrier,21,5.4003,-0.0685
fautrier_25.jpg,Fautrier,16,5.386,0.0923
fautrier_26.jpg,Fautrier,24,5.6393,-0.0359
fautrier_29.jpg,Fautrier,4,5.875,0.0843
fautrier_7.jpg,Fautrier,4,5.2222,0.0682
fautrier_9.jpg,Fautrier,28,5.7084,-0.0323
favier_1.jpg,Favier,17,6.7767,-0.0754
fernandez.jpg,Fernandez.jpg,22,7.6353,-0.0697
festa_1.jpg,Festa,19,9.3007,0.013
filia_1.jpg,Filia,6,6.5765,0.0509
fini_1.jpg,Fini,4,3.9556,0.1084
fini_2.jpg,Fini,3,4.674,0.0436
folmer_1.jpg,Folmer,19,8.6922,0.0626
folmer_2.jpg,Folmer,6,6.0996,0.0743
folmer_3.jpg,Folmer,13,7.9476,-0.0231
fondrillon_1.jpg,Fondrillon,4,5.15,0.099
fontana_1.jpg,Fontana,18,5.3182,0.0291
fontana_10.jpg,Fontana,18,5.9356,-0.005
fontana_11.jpg,Fontana,4,5.9107,0.0627
fontana_12.jpg,Fontana,21,6.4716,-0.0729
fontana_13.jpg,Fontana,18,6.6863,-0.0383
fontana_14.jpg,Fontana,18,6.066,0.0074
fontana_15.jpg,Fontana,18,6.1888,0.0237
fontana_16.jpg,Fontana,2,8.2117,-0.0654
fontana_17.jpg,Fontana,18,6.9187,-0.003
fontana_18.jpg,Fontana,28,5.4429,-0.0788
fontana_19.jpg,Fontana,25,5.7542,-0.0471
fontana_2.jpg,Fontana,16,9.4024,-0.0138
fontana_20.jpg,Fontana,3,6.8488,0.0262
fontana_21.jpg,Fontana,18,6.1497,0.0268
fontana_22.jpg,Fontana,14,8.8355,0.037
fontana_23.jpg,Fontana,8,10.5857,-0.0239
fontana_24.jpg,Fontana,18,7.825,-0.0064
fontana_25.jpg,Fontana,17,5.7922,-0.068
fontana_26.jpg,Fontana,18,6.8111,0.0235
fontana_27.jpg,Fontana,17,7.4869,-0.0521
fontana_28.jpg,Fontana,1,10.9737,-0.0222
fontana_29.jpg,Fontana,14,9.5569,-0.0065
fontana_3.jpg,Fontana,18,7.3303,-0.0215
fontana_30.jpg,Fontana,18,6.8306,0.0021
fontana_31.jpg,Fontana,25,5.3443,-0.0548
fontana_32.jpg,Fontana,7,9.5716,-0.0417
fontana_4.jpg,Fontana,3,6.3993,0.0078
fontana_5.jpg,Fontana,25,7.1976,-0.0815
fontana_6.jpg,Fontana,16,8.2105,-0.0017
fontana_7.jpg,Fontana,18,5.5911,0.0123
fontana_8.jpg,Fontana,18,8.2991,-0.0284
fontana_9.jpg,Fontana,25,6.1043,-0.051
fontana_98.jpg,Fontana,12,8.952,0.1143
francis_1.jpg,Francis,6,5.5027,-0.0159
francis_2.jpg,Francis,27,4.765,-0.0296
francis_3.jpg,Francis,27,4.8571,-0.0441
frankenthaler_1.jpg,Frankenthaler,22,7.3906,-0.0906
freundlich_10.jpg,Freundlich,11,8.928,-0.142
freundlich_11.jpg,Freundlich,7,8.2603,-0.0574
freundlich_12.jpg,Freundlich,18,5.4542,-0.0287
freundlich_13.jpg,Freundlich,18,5.6198,-0.0358
freundlich_14.jpg,Freundlich,20,5.7699,-0.0285
freundlich_15.jpg,Freundlich,9,7.0618,-0.0123
freundlich_16.jpg,Freundlich,16,6.7246,-0.0569
freundlich_17.jpg,Freundlich,22,7.2322,-0.0804
freundlich_18.jpg,Freundlich,7,7.0526,-0.0597
freundlich_19.jpg,Freundlich,6,7.1624,0.0675
freundlich_20.jpg,Freundlich,22,7.2988,-0.0541
freundlich_21.jpg,Freundlich,9,7.0309,-0.0455
freundlich_22.jpg,Freundlich,7,7.3852,-0.0377
freundlich_23.jpg,Freundlich,18,5.9929,-0.0321
freundlich_24.jpg,Freundlich,8,5.7168,-0.0032
freundlich_25.jpg,Freundlich,11,5.9189,-0.1411
freundlich_26.jpg,Freundlich,24,7.2135,-0.0397
freundlich_27.jpg,Freundlich,6,4.9166,0.0384
freundlich_28.jpg,Freundlich,2,6.9326,-0.1171
freundlich_6.jpg,Freundlich,6,5.0497,0.0337
freundlich_7.jpg,Freundlich,11,9.5117,-0.097
freundlich_79.jpg,Freundlich,2,8.8178,-0.0264
freundlich_8.jpg,Freundlich,16,10.2541,-0.0114
frize_1.jpg,Frize,9,7.5215,-0.0008
frize_16.jpg,Frize,6,7.4269,0.0062
frize_19.jpg,Frize,20,9.9852,-0.0961
frize_2.jpg,Frize,12,9.7123,0.1004
frize_25.jpg,Frize,16,5.6108,-0.0551
frize_27.jpg,Frize,16,7.2606,-0.0319
frize_30.jpg,Frize,4,4.9831,0.062
frize_31.jpg,Frize,4,4.6755,0.0754
frize_33.jpg,Frize,6,5.101,-0.0065
frize_35.jpg,Frize,15,6.6198,0.0556
frize_4.jpg,Frize,23,6.5412,-0.0344
frize_7.jpg,Frize,6,7.6403,0.0115
frize_8.jpg,Frize,6,6.692,0.0474
fromanger_1.jpg,Fromanger,25,7.5985,-0.1635
fromanger_15.jpg,Fromanger,7,9.0668,-0.0516
fromanger_21.jpg,Fromanger,17,7.5534,-0.0519
fromanger_25.jpg,Fromanger,8,9.8351,-0.0379
fromanger_26.jpg,Fromanger,19,9.1556,0.0686
fromanger_7.jpg,Fromanger,15,5.3814,0.1033
fukui_1.jpg,Fukui,15,4.6756,0.0035
futura-2000_1.jpg,Futura-2000,6,5.475,0.0162
futura-2000_2.jpg,Futura-2000,25,5.9294,-0.1018
futura-2000_3.jpg,Futura-2000,18,5.7099,0.0064
futura-2000_4.jpg,Futura-2000,21,5.8455,-0.1236
gabori_1.jpg,Gabori,20,7.0802,-0.0776
gabori_2.jpg,Gabori,16,6.6216,-0.0551
gabori_3.jpg,Gabori,28,5.5386,-0.0583
gabori_4.jpg,Gabori,7,10.7951,-0.026
gabori_5.jpg,Gabori,9,10.4569,-0.0229
gabori_6.jpg,Gabori,7,8.4189,0.0088
gabori_7.jpg,Gabori,3,7.1346,0.0276
galvano_1.jpg,Galvano,7,8.7999,0.0227
garcia_1.jpg,Garcia,15,4.4704,0.1341
garcin_1.jpg,Garcin,2,7.8651,-0.0858
gaston-dreyfus_1.jpg,Gaston-dreyfus,3,5.9557,0.0531
gnamus_1.jpg,Gnamus,17,8.8579,0.0341
godeg_1.jpg,Godeg,3,6.893,0.0585
goldfarb_1.jpg,Goldfarb,4,4.7312,0.0966
gontcharova_8.jpg,Gontcharova,7,5.6824,-0.0621
gonzales_1.jpg,Gonzales,7,7.5426,-0.0383
gonzales_2.jpg,Gonzales,18,5.3571,-0.0466
gonzalez_5.jpg,Gonzalez,3,6.94,-0.0165
gorenec_1.jpg,Gorenec,2,10.7289,0.0993
gorin_1.jpg,Gorin,12,11.7258,0.027
gorin_2.jpg,Gorin,11,11.1238,-0.0593
gorin_3.jpg,Gorin,11,11.8252,-0.0073
gorin_4.jpg,Gorin,8,8.3973,0.0707
gorin_5 (2).jpg,Gorin,2,11.4163,0.0322
gorin_6.jpg,Gorin,8,10.096,0.037
gorin_7.jpg,Gorin,10,11.8405,-0.0218
gorin_8.jpg,Gorin,14,7.6627,0.0504
gorki_1.jpg,Gorki,6,5.1746,0.0155
granell_1.jpg,Granell,21,6.3806,-0.0843
granell_2.jpg,Granell,26,6.4306,-0.0331
graverol_1.jpg,Graverol,11,7.9074,-0.1334
griffa_2.jpg,Griffa,18,6.0451,0.0115
gruden_1.jpg,Gruden,27,5.1927,0.0591
guitet_1.jpg,Guitet,3,6.3257,0.0405
guitet_11.jpg,Guitet,7,7.5677,0.0333
guitet_12.jpg,Guitet,7,9.2262,0.0305
guitet_13.jpg,Guitet,18,6.0866,0.0075
guitet_15.jpg,Guitet,2,8.3114,-0.1063
guitet_16.jpg,Guitet,16,7.3101,0.0302
guitet_2.jpg,Guitet,28,5.838,-0.0289
guitet_3.jpg,Guitet,1,10.1842,-0.034
guitet_4.jpg,Guitet,1,9.3357,-0.0009
guitet_5.jpg,Guitet,17,7.645,-0.0743
guitet_6.jpg,Guitet,18,7.2612,-0.0105
guitet_7.jpg,Guitet,6,6.7218,0.0133
guitet_9.jpg,Guitet,16,6.4817,0.0014
gujral_1.jpg,Gujral,4,6.6577,0.0767
gutai_1.jpg,Gutai,4,6.205,0.0749
gysin_1.jpg,Gysin,27,5.3031,-0.1529
gysin_10.jpg,Gysin,9,6.7555,0.0172
gysin_11.jpg,Gysin,16,5.3132,-0.0338
gysin_2.jpg,Gysin,16,5.7237,0.0597
gysin_6.jpg,Gysin,20,4.8205,-0.0545
gysin_7.jpg,Gysin,16,5.6631,0.0306
gysin_8.jpg,Gysin,4,5.1878,0.0732
gysin_9.jpg,Gysin,6,5.9164,-0.018
ha_1.jpg,Ha,7,7.6634,-0.0527
ha_2.jpg,Ha,9,7.964,-0.0195
halley_1.jpg,Halley,8,7.1084,0.0051
hammons_1.jpg,Hammons,17,7.6842,-0.0627
hantai_1.jpg,Hantai,2,8.9991,-0.0585
hantai_2.jpg,Hantai,24,6.1027,-0.0841
hantai_4.jpg,Hantai,16,7.7684,-0.0173
hantai_5.jpg,Hantai,27,6.3984,-0.1089
hantai_6.jpg,Hantai,15,5.9176,-0.0134
hantai_7.jpg,Hantai,4,4.8055,0.093
hantai_8.jpg,Hantai,18,7.1319,-0.035
haring_12.jpg,Haring,15,5.1823,0.0681
hartung_1.jpg,Hartung,4,7.1628,0.0659
hartung_10.jpg,Hartung,11,9.5764,-0.0767
hartung_11.jpg,Hartung,4,5.8581,0.081
hartung_12.jpg,Hartung,7,7.8942,-0.0171
hartung_13.jpg,Hartung,16,9.096,0.0272
hartung_14.jpg,Hartung,26,8.8374,-0.1673
hartung_15.jpg,Hartung,5,10.256,-0.0829
hartung_16.jpg,Hartung,5,9.0608,0.0201
hartung_17.jpg,Hartung,16,7.2843,-0.0587
hartung_18.jpg,Hartung,9,8.4277,-0.056
hartung_19.jpg,Hartung,0,7.4285,-0.0503
hartung_2.jpg,Hartung,24,5.2184,-0.0229
hartung_20.jpg,Hartung,4,6.2866,0.0805
hartung_21.jpg,Hartung,16,8.9013,0.0185
hartung_22.jpg,Hartung,24,7.0741,-0.059
hartung_23.jpg,Hartung,9,9.8623,0.003
hartung_24.jpg,Hartung,0,6.5185,-0.0626
hartung_25.jpg,Hartung,4,6.2619,0.0846
hartung_26.jpg,Hartung,3,8.8598,0.0279
hartung_27.jpg,Hartung,28,6.4259,-0.0828
hartung_28.jpg,Hartung,28,6.4199,-0.059
hartung_29.jpg,Hartung,4,5.7676,0.0738
hartung_3.jpg,Hartung,12,8.101,0.1653
hartung_30.jpg,Hartung,23,7.6777,-0.1661
hartung_31.jpg,Hartung,15,5.756,0.0817
hartung_32.jpg,Hartung,4,5.7171,0.0723
hartung_33.jpg,Hartung,20,6.0654,-0.0403
hartung_4.jpg,Hartung,0,5.6377,-0.0703
hartung_5.jpg,Hartung,24,6.9158,-0.0613
hartung_6.jpg,Hartung,14,9.8411,-0.056
hartung_7.jpg,Hartung,11,9.7656,-0.0514
hartung_8.jpg,Hartung,7,8.4479,0.0354
hartung_9.jpg,Hartung,12,7.3655,-0.0081
hartung_98.jpg,Hartung,3,7.2606,-0.0029
helion_1.jpg,Helion,9,8.0927,-0.0642
helion_2.jpg,Helion,22,6.6512,-0.0774
helion_20.jpg,Helion,18,7.2443,-0.0414
helion_21.jpg,Helion,7,7.2203,-0.0393
helion_22.jpg,Helion,18,7.1291,0.0127
helion_23.jpg,Helion,8,7.4948,-0.0173
helion_3.jpg,Helion,2,6.9517,-0.1181
helion_4.jpg,Helion,7,8.8474,0.0158
helion_5.jpg,Helion,18,7.2654,-0.0384
helion_55.jpg,Helion,8,7.9995,0.0765
helion_56.jpg,Helion,8,8.6456,0.0079
helion_57.jpg,Helion,29,7.9449,-0.062
helion_58.jpg,Helion,3,5.991,0.0047
helion_59.jpg,Helion,3,5.8766,-0.0023
helion_60.jpg,Helion,9,6.8985,-0.0
helion_61.jpg,Helion,7,9.1486,-0.0159
hemery_1.jpg,Hemery,20,4.9534,-0.0665
henschel_1.jpg,Henschel,20,6.5348,-0.0756
henschel_2.jpg,Henschel,3,6.6352,-0.0321
henschel_3.jpg,Henschel,20,5.4677,-0.0533
henschel_4.jpg,Henschel,3,6.8442,0.0121
henschel_5.jpg,Henschel,5,8.8481,0.0034
henschel_6.jpg,Henschel,7,7.6469,-0.0449
herbin_1.jpg,Herbin,7,7.7212,-0.0608
herbin_26.jpg,Herbin,9,6.1523,-0.0552
herbin_27.jpg,Herbin,7,5.9585,-0.0484
herbin_28.jpg,Herbin,6,5.4565,-0.0137
herbin_3.jpg,Herbin,2,7.8275,0.0221
herbin_31.jpg,Herbin,9,7.4509,-0.011
herbin_37.jpg,Herbin,19,7.1625,-0.0217
herbin_39.jpg,Herbin,2,8.5777,-0.0863
herbin_4.jpg,Herbin,19,9.5224,-0.0332
herbin_40.jpg,Herbin,2,7.7661,-0.0683
herbin_41.jpg,Herbin,2,8.2023,-0.1176
herbin_42.jpg,Herbin,14,7.7552,-0.0579
herbin_5.jpg,Herbin,8,10.7664,0.0014
herbin_6.jpg,Herbin,2,10.0457,-0.0315
herbin_7.jpg,Herbin,8,9.225,-0.025
herbin_8.jpg,Herbin,8,10.2804,0.0055
herbin_9.jpg,Herbin,7,8.364,-0.0115
herrera_1.jpg,Herrera,5,12.1595,0.0034
herrera_2.jpg,Herrera,16,8.7648,-0.0044
herrera_3.jpg,Herrera,17,9.1142,-0.0032
hong_1.jpg,Hong,2,7.5314,-0.0769
horlain_1.jpg,Horlain,3,6.2898,0.0245
horlain_2.jpg,Horlain,3,6.7832,0.0473
horlain_3.jpg,Horlain,6,5.4449,0.0467
horlain_4.jpg,Horlain,26,5.6181,-0.1024
hugo_1.jpg,Hugo,18,5.2842,-0.0341
hugo_2.jpg,Hugo,25,8.0093,0.041
hugo_3.jpg,Hugo,3,7.0906,-0.0254
hugo_4.jpg,Hugo,18,6.2376,-0.0321
huitric-nahas_1.jpg,Huitric-nahas,15,6.003,0.1382
hume_1.jpg,Hume,11,11.1943,-0.0497
humphries_1.jpg,Humphries,15,9.4609,0.0203
humphries_2.jpg,Humphries,15,7.0635,0.0355
huszar_1.jpg,Huszar,22,6.731,-0.0622
huszar_2.jpg,Huszar,8,5.5973,0.0829
iannone_10.jpg,Iannone,15,4.4199,0.0756
iannone_5.jpg,Iannone,27,5.1031,-0.0379
iannone_6.jpg,Iannone,11,9.9167,-0.0231
iannone_7.jpg,Iannone,17,9.1241,-0.0069
iannone_8.jpg,Iannone,13,7.7964,-0.0061
iannone_9.jpg,Iannone,1,9.7266,-0.048
ismael_1.jpg,Ismael,2,7.392,-0.1234
isou_1.jpg,Isou,27,5.6057,0.0459
istrati_1.jpg,Istrati,27,4.9575,-0.039
janco_1.jpg,Janco,23,5.5163,0.0579
janicot_1.jpg,Janicot,18,5.068,-0.047
jaray_1.jpg,Jaray,16,7.4215,-0.0356
jemek_1.jpg,Jemek,12,6.4035,0.2203
johns_1.jpg,Johns,21,6.5501,-0.0663
joong_1.jpg,Joong,17,6.9222,-0.0575
jorn_1.jpg,Jorn,27,4.4868,-0.05
jorn_2.jpg,Jorn,6,5.2844,0.01
jorn_3.jpg,Jorn,4,5.5794,0.0866
joung_1.jpg,Joung,16,6.3059,0.0207
jung_1.jpg,Jung,24,5.1962,0.0574
kablat_1.jpg,Kablat,25,5.6044,-0.1211
kadiweu_1.jpg,Kadiweu,20,6.1938,-0.0795
kagaya_1.jpg,Kagaya,15,6.589,0.0134
kagaya_2.jpg,Kagaya,15,5.322,0.0751
kallos_1.jpg,Kallos,12,6.7776,0.1162
kallos_2.jpg,Kallos,3,5.2798,-0.0295
kalt_1.jpg,Kalt,16,8.7884,-0.0311
kandinsky_1.jpg,Kandinsky,18,5.2344,-0.0142
kandinsky_10.jpg,Kandinsky,6,4.6943,-0.0189
kandinsky_11.jpg,Kandinsky,17,7.0788,-0.0903
kandinsky_12.jpg,Kandinsky,6,6.0226,-0.0097
kandinsky_13.jpg,Kandinsky,6,4.3676,0.0234
kandinsky_14.jpg,Kandinsky,7,6.6198,0.0073
kandinsky_16.jpg,Kandinsky,27,4.5005,-0.0418
kandinsky_17.jpg,Kandinsky,11,9.0562,-0.0586
kandinsky_18.jpg,Kandinsky,6,5.5894,-0.0038
kandinsky_19.jpg,Kandinsky,2,7.7773,-0.1143
kandinsky_2.jpg,Kandinsky,3,6.6504,0.0226
kandinsky_20.jpg,Kandinsky,9,7.1598,-0.0098
kandinsky_21.jpg,Kandinsky,6,7.7871,0.018
kandinsky_22.jpg,Kandinsky,16,6.6675,-0.0588
kandinsky_23.jpg,Kandinsky,18,7.3949,0.0
kandinsky_24.jpg,Kandinsky,18,7.3697,0.0152
kandinsky_25.jpg,Kandinsky,5,7.197,0.138
kandinsky_3.jpg,Kandinsky,6,6.2299,0.0626
kandinsky_4.jpg,Kandinsky,11,6.848,-0.1491
kandinsky_5.jpg,Kandinsky,18,5.5838,-0.0185
kandinsky_6.jpg,Kandinsky,6,5.8473,0.053
kandinsky_7.jpg,Kandinsky,6,5.2613,0.0326
kandinsky_8.jpg,Kandinsky,6,6.9003,0.0556
kandinsky_9.jpg,Kandinsky,6,5.9517,0.0582
kapus_1.jpg,Kapus,6,6.5659,-0.0185
katsura_1.jpg,Katsura,24,5.297,0.0521
katsura_2.jpg,Katsura,21,5.7811,0.0463
katsura_3.jpg,Katsura,9,6.4871,0.0276
kazuo_1.jpg,Kazuo,25,6.3554,-0.1542
kelly_1.jpg,Kelly,1,8.6431,0.0543
kelly_10.jpg,Kelly,17,6.4895,-0.0945
kelly_11.jpg,Kelly,16,8.7413,-0.0468
kelly_12.jpg,Kelly,1,10.1892,0.1501
kelly_13.jpg,Kelly,14,10.0148,0.1088
kelly_14.jpg,Kelly,14,11.6388,0.0312
kelly_15.jpg,Kelly,17,8.6397,-0.0706
kelly_2.jpg,Kelly,17,11.1044,0.0121
kelly_3.jpg,Kelly,10,11.308,-0.03
kelly_4.jpg,Kelly,6,7.3323,0.0363
kelly_5.jpg,Kelly,12,9.9196,0.0081
kelly_6.jpg,Kelly,19,8.0728,0.0285
kelly_7.jpg,Kelly,17,10.4776,-0.0046
kelly_8.jpg,Kelly,19,8.0988,0.1012
kelly_9.jpg,Kelly,3,5.8087,-0.0009
kemeny_1.jpg,Kemeny,27,7.1962,0.0395
kera_1.jpg,Kera,24,5.1618,-0.0491
kerouac_1.jpg,Kerouac,16,5.5302,0.0121
keseru_1.jpg,Keseru,3,7.1737,0.0551
khanna_1.jpg,Khanna,4,4.9201,0.0928
khanna_2.jpg,Khanna,23,4.8393,-0.0819
khanna_3.jpg,Khanna,4,4.4706,0.1139
khanna_4.jpg,Khanna,3,4.6854,-0.0265
khanna_5.jpg,Khanna,28,5.1048,-0.0804
khanna_6.jpg,Khanna,20,5.0466,-0.0841
khanna_7.jpg,Khanna,4,4.8795,0.0956
khidekel_1.jpg,Khidekel,9,8.381,-0.0304
khidekel_2.jpg,Khidekel,12,7.1861,0.0286
kiefer_1.jpg,Kiefer,4,3.9639,0.1444
kiefer_2.jpg,Kiefer,24,4.4932,-0.0345
kiefer_3.jpg,Kiefer,24,4.9945,-0.0227
kiefer_4.jpg,Kiefer,24,4.0932,-0.0243
kijno_1.jpg,Kijno,2,7.3655,-0.1306
kim_1.jpg,Kim,15,6.068,0.1402
kim_2.jpg,Kim,4,6.0204,0.1006
kim_4.jpg,Kim,15,4.6822,0.0651
kim_5.jpg,Kim,18,5.2159,-0.0308
kim_6.jpg,Kim,6,5.4821,0.049
kim_7.jpg,Kim,29,6.5861,-0.0808
kim_8.jpg,Kim,2,8.4483,-0.013
kirchberger_1.jpg,Kirchberger,10,10.4059,-0.0113
klee_1.jpg,Klee,18,5.5738,-0.0399
klee_10.jpg,Klee,9,5.8193,-0.008
klee_11.jpg,Klee,8,7.7013,0.0162
klee_2.jpg,Klee,16,6.5028,0.013
klee_22.jpg,Klee,15,8.7038,0.0208
klee_23.jpg,Klee,15,7.206,0.022
klee_25.jpg,Klee,12,6.5152,0.2116
klee_26.jpg,Klee,16,5.7005,0.0553
klee_32.jpg,Klee,4,5.2655,0.1006
klee_33.jpg,Klee,4,3.8755,0.1272
klee_9.jpg,Klee,22,5.3375,-0.0908
klein_1.jpg,Klein,0,7.027,-0.0372
klein_2.jpg,Klein,7,7.4976,-0.0418
klein_3.jpg,Klein,17,8.1075,-0.0249
klucis_1.jpg,Klucis,11,8.516,-0.069
ko_1.jpg,Ko,21,6.4439,-0.0987
kossof_1.jpg,Kossof,4,3.9372,0.0679
kotnik_1.jpg,Kotnik,22,8.1793,-0.1273
koudriachov_1.jpg,Koudriachov,2,8.3148,-0.0666
koudriachov_2.jpg,Koudriachov,16,8.3201,-0.0347
krasner_1.jpg,Krasner,24,4.6666,-0.0273
krasner_2.jpg,Krasner,20,5.6971,-0.045
kregar_1.jpg,Kregar,6,5.155,0.0232
kregar_2.jpg,Kregar,6,6.4572,0.0427
kulmer_1.jpg,Kulmer,4,4.5759,0.1422
kum_1.jpg,Kum,3,5.8151,-0.0256
kupka_1.jpg,Kupka,19,5.9217,0.0195
kupka_10.jpg,Kupka,3,7.3847,0.001
kupka_11.jpg,Kupka,20,7.142,-0.072
kupka_12.jpg,Kupka,2,7.8368,-0.1275
kupka_13.jpg,Kupka,7,5.922,-0.0371
kupka_14.jpg,Kupka,11,9.1864,-0.0809
kupka_17.jpg,Kupka,7,8.4542,-0.0523
kupka_2.jpg,Kupka,7,6.0197,-0.0318
kupka_3.jpg,Kupka,6,6.4568,0.0357
kupka_4.jpg,Kupka,3,7.4282,-0.0107
kupka_5.jpg,Kupka,20,6.3649,-0.0616
kupka_6.jpg,Kupka,21,6.2987,-0.0944
kupka_7.jpg,Kupka,23,4.6826,-0.0305
kupka_8.jpg,Kupka,7,9.3334,0.0038
kupka_9.jpg,Kupka,3,6.7767,0.0519
kwon_1.jpg,Kwon,4,4.946,0.0955
la-bourdonnaye_1.jpg,La-bourdonnaye,14,7.6266,-0.0436
labs_1.jpg,Labs,15,6.576,-0.0059
laloy_1.jpg,Laloy,24,6.2089,-0.141
lamarche_1.jpg,Lamarche,4,5.6743,0.082
lamba_1.jpg,Lamba,16,5.9905,0.0072
lanyon_1.jpg,Lanyon,3,6.1143,-0.0297
lanyon_2.jpg,Lanyon,3,6.672,0.0156
laubies_1.jpg,Laubies,16,5.9718,0.0028
laubies_2.jpg,Laubies,17,8.9045,-0.0212
lazzari_1.jpg,Lazzari,4,4.6661,0.071
le-corbusier_1.jpg,Le-corbusier,6,5.7844,0.0182
le-moal_2.jpg,Le-moal,6,4.5993,0.0188
le-moal_4.jpg,Le-moal,6,5.4416,0.0519
le-parc_1.jpg,Le-parc,16,8.5855,-0.0352
le-parc_2.jpg,Le-parc,7,9.7697,-0.0519
le-parc_3.jpg,Le-parc,9,7.2418,0.0341
leadbeater_1.jpg,Leadbeater,20,7.5968,-0.151
leadbeater_2.jpg,Leadbeater,11,8.5284,-0.12
leadbeater_3.jpg,Leadbeater,6,5.4194,0.0325
leclercq_1.jpg,Leclercq,9,8.0089,-0.0087
lee_1.jpg,Lee,4,4.6674,0.0792
lee_2.jpg,Lee,4,4.3893,0.0861
lee_3.jpg,Lee,4,4.3367,0.0759
lee_4.jpg,Lee,16,9.5893,0.054
lee_5.jpg,Lee,2,10.399,-0.0367
lee_6.jpg,Lee,2,11.0059,0.0208
leger-f_16.jpg,Leger-f,6,5.7926,0.0362
leger-f_17.jpg,Leger-f,3,5.3413,0.0281
leger-f_21.jpg,Leger-f,9,6.0117,-0.0275
leger-f_23.jpg,Leger-f,6,5.6734,0.0172
leger-f_24.jpg,Leger-f,9,5.383,-0.0137
leger-f_25.jpg,Leger-f,20,6.5052,-0.0834
leger-f_40.jpg,Leger-f,8,7.9878,0.067
leger-f_41.jpg,Leger-f,3,7.643,0.0238
leger-f_6.jpg,Leger-f,4,4.9931,0.0743
leger-f_7.jpg,Leger-f,6,6.2771,0.0128
leger-f_8.jpg,Leger-f,6,5.8311,0.0165
leger-f_9.jpg,Leger-f,3,6.0401,0.0463
leger-n_10.jpg,Leger-n,3,7.7428,0.0182
leger-n_11.jpg,Leger-n,2,8.6158,-0.0599
leger-n_25.jpg,Leger-n,7,6.5357,-0.0642
leger-n_27.jpg,Leger-n,7,6.8811,-0.0113
leger-n_30.jpg,Leger-n,7,8.2959,-0.0116
leger-n_31.jpg,Leger-n,11,10.4983,-0.0421
leger-n_33.jpg,Leger-n,2,7.0709,-0.0586
leger-n_34.jpg,Leger-n,11,9.6245,-0.0641
leger-n_35.jpg,Leger-n,2,8.0264,-0.1064
leger-n_36.jpg,Leger-n,18,6.9344,0.0072
leger-n_37.jpg,Leger-n,11,8.4456,-0.0864
leger-n_6.jpg,Leger-n,7,7.2963,0.0449
leger-n_7.jpg,Leger-n,7,6.7839,-0.0628
lemonnier_1.jpg,Lemonnier,15,5.7105,0.0421
lemonnier_2.jpg,Lemonnier,8,10.2081,0.0199
lerin_1.jpg,Lerin,2,9.0102,-0.0514
lerin_2.jpg,Lerin,2,10.1768,0.0578
leroy_11.jpg,Leroy,4,4.1421,0.0827
leroy_12.jpg,Leroy,24,3.3419,-0.0505
leroy_13.jpg,Leroy,4,3.9023,0.0669
leroy_14.jpg,Leroy,24,4.5579,0.0433
leroy_16.jpg,Leroy,4,4.7166,0.0661
leroy_17.jpg,Leroy,4,3.8363,0.1323
leroy_18.jpg,Leroy,15,3.6229,0.0447
leroy_19.jpg,Leroy,24,3.4903,-0.0311
leroy_2.jpg,Leroy,4,4.5946,0.0871
leroy_20.jpg,Leroy,4,5.7871,0.0975
leroy_21.jpg,Leroy,4,4.4571,0.0858
leroy_4.jpg,Leroy,4,3.9127,0.0627
leroy_7.jpg,Leroy,4,3.643,0.0827
leroy_8.jpg,Leroy,4,3.9072,0.1017
leroy_9.jpg,Leroy,4,3.8035,0.0991
lesage_11.jpg,Lesage,4,5.7038,0.0906
lesage_12.jpg,Lesage,4,5.201,0.0993
lesage_13.jpg,Lesage,24,4.9995,0.0529
lesage_14.jpg,Lesage,4,4.895,0.1165
lesage_15.jpg,Lesage,4,5.2519,0.0992
lesage_24.jpg,Lesage,15,5.0527,-0.0154
lesage_3.jpg,Lesage,15,3.9366,0.0121
lesage_4.jpg,Lesage,15,3.9941,0.0806
lesage_5.jpg,Lesage,3,6.8834,0.0021
lesage_7.jpg,Lesage,15,6.0272,0.0725
lesage_9.jpg,Lesage,15,5.3571,0.0812
leslie_1.jpg,Leslie,16,8.1039,0.0299
lewis_1.jpg,Lewis,25,6.2547,-0.0597
lichtenberg-1.jpg,Lichtenberg-1.jpg,24,4.6729,-0.0316
lichtenberg-2.jpg,Lichtenberg-2.jpg,4,5.2902,0.108
lichtenberg-3.jpg,Lichtenberg-3.jpg,4,6.6216,0.0714
licini_1.jpg,Licini,28,7.0273,-0.1015
licini_2.jpg,Licini,18,5.9042,-0.0447
licini_3.jpg,Licini,14,10.0877,-0.007
lipchitz_9.jpg,Lipchitz,2,7.2203,0.0565
loazzari_2.jpg,Loazzari,28,4.1064,-0.0776
long_1.jpg,Long,18,5.8333,-0.0261
loubchansky_1.jpg,Loubchansky,1,7.7363,-0.0364
loubchansky_2.jpg,Loubchansky,18,5.9234,-0.0162
loubchansky_3.jpg,Loubchansky,17,8.9001,0.053
lupertz_1.jpg,Lupertz,10,10.5451,-0.0739
lussigny_1.jpg,Lussigny,8,9.3656,0.0218
lussigny_2.jpg,Lussigny,14,7.4255,-0.0565
maar_16.jpg,Maar,12,9.1761,-0.0249
maar_17.jpg,Maar,26,10.0052,-0.094
maar_18.jpg,Maar,16,6.084,-0.0334
maar_19.jpg,Maar,28,5.4162,-0.111
maar_20.jpg,Maar,9,7.0822,0.0026
maar_21.jpg,Maar,20,5.4581,-0.0409
maar_22.jpg,Maar,6,9.1483,0.0352
maar_23.jpg,Maar,16,5.3858,0.0116
magnelli_1.jpg,Magnelli,16,8.2896,-0.0395
magnelli_10.jpg,Magnelli,1,8.6478,-0.0821
magnelli_2.jpg,Magnelli,7,8.6025,-0.0223
magnelli_3.jpg,Magnelli,26,7.9529,-0.126
magnelli_4.jpg,Magnelli,20,6.9322,-0.1572
magnelli_5.jpg,Magnelli,7,7.9216,-0.0421
magnelli_6.jpg,Magnelli,8,8.6903,-0.0241
magnelli_7.jpg,Magnelli,7,8.0793,0.0288
magnelli_8.jpg,Magnelli,16,7.6224,0.0052
magnelli_9.jpg,Magnelli,16,9.192,0.0211
malaprade_1.jpg,Malaprade,1,9.6055,0.1038
malaprade_2.jpg,Malaprade,8,8.3602,0.0241
malaprade_3.jpg,Malaprade,8,8.4264,0.0597
malevitch_1.jpg,Malevitch,1,9.047,-0.0296
malevitch_10.jpg,Malevitch,6,5.8216,0.0164
malevitch_11.jpg,Malevitch,1,10.5276,0.0322
malevitch_12.jpg,Malevitch,20,4.5599,-0.0393
malevitch_2.jpg,Malevitch,11,8.219,-0.1209
malevitch_3.jpg,Malevitch,9,6.0949,-0.0585
malevitch_4.jpg,Malevitch,8,9.8116,-0.0061
malevitch_7.jpg,Malevitch,3,7.4341,0.0026
malevitch_8.jpg,Malevitch,3,5.4337,0.0435
mallo_2.jpg,Mallo,7,7.2934,-0.0534
mallo_3.jpg,Mallo,16,7.7216,-0.027
manessier_1.jpg,Manessier,7,6.2615,-0.0378
manessier_2.jpg,Manessier,7,5.9056,0.0447
manessier_3.jpg,Manessier,22,5.9393,-0.0729
manzoni_1.jpg,Manzoni,16,6.6104,-0.0187
marclay_1.jpg,Marclay,24,5.334,-0.0684
marclay_2.jpg,Marclay,9,7.1811,-0.0425
marclay_3.jpg,Marclay,22,9.5036,-0.1486
marclay_4.jpg,Marclay,28,6.363,0.0397
marclay_5.jpg,Marclay,4,5.5293,0.0772
marclay_6.jpg,Marclay,15,4.6521,0.0067
marclay_7.jpg,Marclay,4,4.8068,0.1099
marclay_9.jpg,Marclay,4,5.0536,0.0809
marden_1.jpg,Marden,8,7.7001,-0.0024
marden_2.jpg,Marden,3,6.2904,-0.0267
marden_3.jpg,Marden,15,5.0588,0.0118
marfaing_1.jpg,Marfaing,6,7.5161,-0.0139
marfaing_2.jpg,Marfaing,14,9.2103,0.038
marfaing_3.jpg,Marfaing,6,6.4622,-0.0206
marfaing_4.jpg,Marfaing,14,10.4805,0.0726
marquette_1.jpg,Marquette,22,7.0303,-0.0574
massanet_1.jpg,Massanet,16,7.2561,0.0837
masson_1.jpg,Masson,18,5.5733,-0.0387
masson_11.jpg,Masson,16,5.5828,-0.044
masson_12.jpg,Masson,6,6.7261,0.0102
masson_13.jpg,Masson,6,5.4262,0.0355
masson_2.jpg,Masson,6,4.7527,0.0297
masson_4.jpg,Masson,6,5.1388,-0.0145
masson_5.jpg,Masson,18,5.7735,-0.0108
masson_8.jpg,Masson,4,5.938,0.0787
mathieu_1.jpg,Mathieu,16,5.8163,-0.0027
mathieu_10.jpg,Mathieu,4,5.9201,0.0714
mathieu_16.jpg,Mathieu,18,6.8204,-0.0423
mathieu_19.jpg,Mathieu,9,6.4788,-0.0246
mathieu_27.jpg,Mathieu,18,5.8208,-0.0348
mathieu_3.jpg,Mathieu,23,6.4911,0.0439
mathieu_5.jpg,Mathieu,23,5.2115,0.0528
mathieu_7.jpg,Mathieu,20,6.1255,-0.0461
matisse_20.jpg,Matisse,22,7.545,-0.1495
matta_1.jpg,Matta,21,5.7394,-0.0821
matta_2.jpg,Matta,6,7.0245,0.0098
matta_3.jpg,Matta,18,4.9712,-0.048
matta_4.jpg,Matta,6,5.871,0.0307
matta_5.jpg,Matta,6,6.621,0.0434
matta_6.jpg,Matta,28,6.269,-0.054
mauri_1.jpg,Mauri,8,8.5212,0.0581
mehadji_10.jpg,Mehadji,2,7.9006,-0.0846
mehadji_11.jpg,Mehadji,0,7.572,-0.0326
mehadji_16.jpg,Mehadji,23,5.3988,-0.051
mehadji_17.jpg,Mehadji,2,7.3448,-0.0714
mehadji_18.jpg,Mehadji,2,8.0021,-0.1086
mehadji_2.jpg,Mehadji,2,8.7258,-0.1075
mehadji_30.jpg,Mehadji,9,9.1022,-0.0461
mehadji_32.jpg,Mehadji,17,8.7116,-0.0176
mehadji_6.jpg,Mehadji,0,8.6467,-0.0073
mehretu_1.jpg,Mehretu,6,5.2606,0.007
meijer_1.jpg,Meijer,16,9.4173,-0.0239
meijer_2.jpg,Meijer,9,8.4429,0.0115
melehi_1.jpg,Melehi,2,8.8519,-0.0325
merz_1.jpg,Merz,14,7.3788,-0.051
messagier_1.jpg,Messagier,16,6.373,0.0205
messagier_2.jpg,Messagier,6,5.4572,-0.0179
messagier_3.jpg,Messagier,6,7.614,0.018
meurice_1.jpg,Meurice,19,5.8612,0.1172
michaux_1.jpg,Michaux,16,7.0492,0.0385
michaux_11.jpg,Michaux,24,6.1812,-0.0318
michaux_12.jpg,Michaux,18,5.1473,-0.049
michaux_13.jpg,Michaux,24,5.4674,0.055
michaux_14.jpg,Michaux,18,7.271,-0.0339
michaux_15.jpg,Michaux,6,7.6653,0.0849
michaux_2.jpg,Michaux,0,6.0426,0.0465
michaux_3.jpg,Michaux,20,7.7103,-0.0425
michaux_4.jpg,Michaux,20,6.5882,-0.0627
michaux_5.jpg,Michaux,20,6.4846,-0.0564
michaux_6.jpg,Michaux,21,6.146,-0.0894
michaux_7.jpg,Michaux,0,7.5581,0.1136
millares_1.jpg,Millares,9,7.0651,-0.0536
min_1.jpg,Min,7,8.5666,-0.0071
min_10.jpg,Min,7,8.5384,-0.0517
min_2.jpg,Min,9,9.415,0.004
min_3.jpg,Min,9,7.5385,-0.0493
min_4.jpg,Min,7,7.8423,0.0402
min_5.jpg,Min,20,5.2878,-0.0679
min_6.jpg,Min,7,9.3369,-0.0262
min_7.jpg,Min,18,8.0969,-0.0096
min_8.jpg,Min,17,9.1004,-0.063
min_9.jpg,Min,16,7.7246,-0.0444
minoru_1.jpg,Minoru,21,6.2426,0.0584
miro_1.jpg,Miro,18,7.5327,-0.0059
miro_10.jpg,Miro,18,6.8148,0.0122
miro_11.jpg,Miro,26,7.1884,-0.1337
miro_12.jpg,Miro,6,5.3515,0.02
miro_13.jpg,Miro,4,4.3934,0.0945
miro_14.jpg,Miro,4,4.1589,0.0727
miro_16.jpg,Miro,4,5.619,0.0697
miro_2.jpg,Miro,4,4.7535,0.0825
miro_3.jpg,Miro,6,7.8056,0.0152
miro_4.jpg,Miro,17,8.2984,-0.0827
miro_5.jpg,Miro,17,7.857,-0.06
miro_7.jpg,Miro,4,5.2068,0.061
miro_8.jpg,Miro,28,4.5753,-0.0679
miro_9.jpg,Miro,3,5.6688,0.0078
mitchell_1.jpg,Mitchell,6,5.3918,-0.0118
mitchell_10.jpg,Mitchell,21,4.9928,-0.0823
mitchell_11.jpg,Mitchell,6,5.372,-0.0181
mitchell_12.jpg,Mitchell,27,4.1526,-0.035
mitchell_13.jpg,Mitchell,6,5.2113,0.0123
mitchell_14.jpg,Mitchell,27,4.3493,-0.0471
mitchell_15.jpg,Mitchell,6,5.0755,-0.0027
mitchell_16.jpg,Mitchell,4,5.2624,0.082
mitchell_17.jpg,Mitchell,27,5.4387,0.0499
mitchell_18.jpg,Mitchell,6,5.0198,0.0065
mitchell_19.jpg,Mitchell,0,5.896,-0.0493
mitchell_2.jpg,Mitchell,4,6.1549,0.0961
mitchell_20.jpg,Mitchell,6,7.4603,0.0335
mitchell_21.jpg,Mitchell,6,4.2031,-0.0185
mitchell_22.jpg,Mitchell,20,5.74,-0.0807
mitchell_23.jpg,Mitchell,20,6.0407,-0.0874
mitchell_24.jpg,Mitchell,21,4.9616,-0.0721
mitchell_25.jpg,Mitchell,6,6.0062,0.0253
mitchell_26.jpg,Mitchell,3,7.9928,0.0045
mitchell_27.jpg,Mitchell,6,4.8592,-0.0128
mitchell_28.jpg,Mitchell,6,4.4953,0.0408
mitchell_29.jpg,Mitchell,6,4.973,0.025
mitchell_3.jpg,Mitchell,6,4.2156,-0.0118
mitchell_30.jpg,Mitchell,20,6.4083,-0.0834
mitchell_31.jpg,Mitchell,3,5.218,-0.0221
mitchell_4.jpg,Mitchell,21,4.2786,-0.0418
mitchell_5.jpg,Mitchell,6,5.66,0.0043
mitchell_6.jpg,Mitchell,6,5.198,-0.0133
mitchell_7.jpg,Mitchell,21,6.0419,-0.1053
mitchell_8.jpg,Mitchell,6,3.8855,-0.0218
mitchell_9.jpg,Mitchell,4,5.6925,0.0689
moholy-nagy_1.jpg,Moholy-nagy,17,5.9286,-0.0772
moholy-nagy_2.jpg,Moholy-nagy,18,8.0452,-0.0003
moignard_1.jpg,Moignard,18,5.6049,-0.0453
moignard_2.jpg,Moignard,3,6.1773,-0.0242
moignard_3.jpg,Moignard,18,5.3524,-0.0283
moignard_4.jpg,Moignard,20,6.8937,-0.1902
molinero_1.jpg,Molinero,27,5.8444,0.0578
molinero_2.jpg,Molinero,4,5.1903,0.099
molnar_1.jpg,Molnar,8,9.1383,0.0345
mondrian_10.jpg,Mondrian,9,4.9056,-0.0069
mondrian_13.jpg,Mondrian,8,7.0132,0.0374
mondrian_14.jpg,Mondrian,8,10.4354,0.0722
mondrian_15.jpg,Mondrian,8,8.4505,0.0888
mondrian_16.jpg,Mondrian,9,5.7996,0.0067
mondrian_17.jpg,Mondrian,9,5.9083,-0.0002
mondrian_27.jpg,Mondrian,8,6.4275,0.0031
mondrian_7.jpg,Mondrian,3,5.7757,0.0553
mondrian_8.jpg,Mondrian,24,4.3356,0.0523
monory_1.jpg,Monory,16,5.7748,-0.0582
mont_1.jpg,Mont,12,8.9343,0.0932
montalcini_1.jpg,Montalcini,24,4.4493,-0.0429
montanier_1.jpg,Montanier,9,5.6953,-0.0572
montanier_2.jpg,Montanier,6,6.3869,-0.0195
montanier_3.jpg,Montanier,3,5.8789,-0.0051
montanier_4.jpg,Montanier,3,7.9916,0.0284
moon_1.jpg,Moon,15,5.2672,-0.0151
morellet_1.jpg,Morellet,15,7.8309,0.0854
morellet_2.jpg,Morellet,8,10.1467,0.0528
morellet_3.jpg,Morellet,10,9.5642,-0.0536
morellet_4.jpg,Morellet,11,11.7478,0.0026
morellet_5.jpg,Morellet,18,7.1743,-0.0234
morellet_6.jpg,Morellet,15,6.4711,0.0526
moreni_1.jpg,Moreni,20,6.173,-0.0835
mortensen_1.jpg,Mortensen,26,9.4279,-0.1425
murillo_1.jpg,Murillo,3,6.0021,-0.0028
music_1.jpg,Music,18,6.4071,-0.0371
music_2.jpg,Music,18,5.0395,-0.0221
music_3.jpg,Music,18,4.907,-0.0286
napangardi_1.jpg,Napangardi,15,7.2936,0.0595
napangardi_2.jpg,Napangardi,15,7.864,0.0978
napangardi_3.jpg,Napangardi,15,6.4178,0.083
nasseri_1.jpg,Nasseri,15,6.1944,0.1346
nassyo_1.jpg,Nassyo,4,4.5253,0.0744
nassyo_2.jpg,Nassyo,23,4.6204,-0.0387
nay_1.jpg,Nay,6,6.5731,0.0346
nemours_1.jpg,Nemours,13,9.599,0.1143
newman_1.jpg,Newman,13,10.8104,0.0653
newman_2.jpg,Newman,24,5.9934,-0.0368
newman_3.jpg,Newman,3,9.5097,0.0503
nishida_1.jpg,Nishida,15,4.6428,0.0597
nkanga_17.jpg,Nkanga,11,7.6219,-0.1191
nkanga_19.jpg,Nkanga,17,7.0866,-0.0151
nkanga_25.jpg,Nkanga,2,8.4498,0.0133
nkanga_3.jpg,Nkanga,23,6.5981,0.043
noel_1.jpg,Noel,11,8.467,-0.1079
noel_2.jpg,Noel,24,4.8365,-0.0345
noel_3.jpg,Noel,24,6.2921,-0.0315
noel_4.jpg,Noel,4,3.8438,0.1294
novelli_1.jpg,Novelli,28,4.7706,-0.0708
oba_1.jpg,Oba,3,6.9681,-0.0034
oehlen_1.jpg,Oehlen,16,8.2169,-0.0373
oehlen_3.jpg,Oehlen,6,5.2197,0.0227
oelze_1.jpg,Oelze,6,6.3057,0.0164
okamura_1.jpg,Okamura,20,5.4797,-0.0613
omigakuen_1.jpg,Omigakuen,15,5.8792,0.0501
omigakuen_2.jpg,Omigakuen,15,7.3844,0.0447
onslow-ford_1.jpg,Onslow-ford,3,5.7837,-0.0036
opoku_1.jpg,Opoku,21,5.4784,0.0525
paek_1.jpg,Paek,28,5.3098,-0.0703
pagava_1.jpg,Pagava,16,8.2378,0.031
pagava_2.jpg,Pagava,19,7.3812,0.0197
pagava_3.jpg,Pagava,16,6.7802,-0.0034
pagava_5.jpg,Pagava,16,5.9351,0.0585
pages_1.jpg,Pages,14,7.4022,-0.0136
pages_99.jpg,Pages,21,7.1314,0.044
pailhorpe_1.jpg,Pailhorpe,21,5.3143,-0.1018
pailthorpe_1.jpg,Pailthorpe,26,5.6514,-0.0752
palencia_1.jpg,Palencia,4,6.0601,0.0792
palencia_2.jpg,Palencia,23,6.4696,-0.0549
palmer_1.jpg,Palmer,4,6.4367,0.0665
pannaggi_1.jpg,Pannaggi,7,7.6783,-0.0551
papazoff_1.jpg,Papazoff,4,6.1792,0.084
paressant-tual_1.jpg,Paressant-tual,20,5.4588,-0.0349
park_1.jpg,Park,6,6.21,-0.0033
parmeggiani_1.jpg,Parmeggiani,6,5.0799,-0.0152
parmentier_1.jpg,Parmentier,16,8.154,0.0087
parmentier_2.jpg,Parmentier,12,7.9123,-0.0044
patel_1.jpg,Patel,18,7.1107,-0.0413
paternosto_1.jpg,Paternosto,18,5.9361,0.0134
patricio_1.jpg,Patricio,15,6.77,0.0639
peire_1.jpg,Peire,19,9.0666,0.0957
penone_1.jpg,Penone,15,5.295,0.057
perilli_1.jpg,Perilli,3,6.1689,0.0474
perl_1.jpg,Perl,11,9.6372,-0.0947
perrament_1.jpg,Perrament,20,4.791,-0.029
petyarre_1.jpg,Petyarre,15,6.2266,0.1116
phase-2_1.jpg,Phase-2,0,7.3647,-0.0711
picabia_1.jpg,Picabia,17,5.5697,-0.045
picabia_10.jpg,Picabia,6,5.8339,0.0398
picabia_2.jpg,Picabia,25,5.2006,-0.0433
picabia_3.jpg,Picabia,23,4.5164,-0.0822
picabia_4.jpg,Picabia,0,8.0947,-0.0562
picabia_5.jpg,Picabia,18,5.364,-0.0209
picabia_6.jpg,Picabia,7,9.1235,-0.0427
picabia_7.jpg,Picabia,17,5.8637,-0.0618
picasso_1.jpg,Picasso,7,6.9384,0.0152
picasso_11.jpg,Picasso,3,4.3596,0.0222
picasso_12.jpg,Picasso,7,6.9855,0.0172
picasso_2.jpg,Picasso,18,5.7853,-0.0127
picasso_23.jpg,Picasso,4,4.2693,0.0747
picasso_4.jpg,Picasso,20,4.582,-0.0449
picasso_6.jpg,Picasso,4,4.4039,0.0633
piffaretti_1.jpg,Piffaretti,8,7.3433,-0.0201
piffaretti_2.jpg,Piffaretti,9,6.8252,-0.0054
piffaretti_3.jpg,Piffaretti,13,8.8133,0.0352
podgornik_1.jpg,Podgornik,6,5.6512,-0.0158
poliakof_1.jpg,Poliakof,18,7.0526,-0.0096
poliakoff_2.jpg,Poliakoff,3,6.5036,-0.0035
poliakoff_3.jpg,Poliakoff,17,6.3761,-0.084
poliakoff_4.jpg,Poliakoff,18,5.8657,-0.024
poliakoff_5.jpg,Poliakoff,7,6.8149,-0.0062
poliakoff_6.jpg,Poliakoff,6,5.2388,-0.0137
polke_1.jpg,Polke,18,4.7589,-0.0237
polke_2.jpg,Polke,6,5.6428,0.047
polke_3.jpg,Polke,12,8.0441,0.0229
polke_4.jpg,Polke,22,7.0888,-0.0714
pollock-3.jpg,Pollock-3.jpg,15,5.2079,0.0765
pollock_1.jpg,Pollock,15,3.4737,0.0502
pollock_10.jpg,Pollock,15,5.3605,0.0526
pollock_12.jpg,Pollock,15,5.0835,0.1313
pollock_13.jpg,Pollock,15,5.9997,0.0681
pollock_2.jpg,Pollock,4,4.9579,0.0621
pollock_4.jpg,Pollock,15,5.683,0.0328
pollock_5.jpg,Pollock,15,4.7467,0.0741
pollock_7.jpg,Pollock,15,5.6611,0.0126
pollock_8.jpg,Pollock,15,4.9438,0.0677
pollock_9.jpg,Pollock,15,4.4763,0.0656
pons_1.jpg,Pons,9,7.6171,-0.0268
popova_1.jpg,Popova,2,9.2242,-0.0926
popova_2.jpg,Popova,6,7.578,-0.0017
popova_3.jpg,Popova,6,7.1329,0.01
prampolini_1.jpg,Prampolini,26,6.9959,-0.1379
prampolini_2.jpg,Prampolini,26,6.0556,-0.0861
prampolini_3.jpg,Prampolini,18,5.8628,-0.0409
prampolini_4.jpg,Prampolini,3,5.2654,-0.0249
prampolini_5.jpg,Prampolini,6,6.6487,0.0119
pressager_1.jpg,Pressager,6,6.7578,0.0206
pressager_2.jpg,Pressager,6,6.4342,0.049
prevati_1.jpg,Prevati,14,8.6989,-0.03
proweller_1.jpg,Proweller,13,9.2977,-0.014
rae_1.jpg,Rae,6,4.6854,-0.0152
rahon_1.jpg,Rahon,24,6.245,-0.0188
rahon_2.jpg,Rahon,24,4.6645,-0.02
rama_1.jpg,Rama,4,6.8784,0.0962
rama_2.jpg,Rama,16,7.1694,-0.0377
rama_3.jpg,Rama,12,6.1872,0.0453
rawsthorne_1.jpg,Rawsthorne,7,6.6834,0.0089
redon_2.jpg,Redon,18,8.5385,-0.0278
redon_3.jpg,Redon,18,6.6644,-0.0435
reggiani_1.jpg,Reggiani,11,10.072,-0.0364
reigl_1.jpg,Reigl,16,8.9587,0.0244
reigl_2.jpg,Reigl,6,6.0014,-0.0129
reigl_3.jpg,Reigl,9,8.9169,0.0113
reigl_4.jpg,Reigl,9,8.0805,-0.0486
reigl_5.jpg,Reigl,17,7.8587,0.0125
reth_1.jpg,Reth,4,5.4892,0.1039
reth_2.jpg,Reth,3,5.9806,0.0504
reth_3.jpg,Reth,3,6.0693,-0.0144
reutersvard_1.jpg,Reutersvard,25,6.6231,-0.0775
reutersvard_2.jpg,Reutersvard,11,8.6271,-0.1205
rheingantz_1.jpg,Rheingantz,4,4.1092,0.0861
richter_1.jpg,Richter,21,9.1108,-0.0369
richter_10.jpg,Richter,21,6.175,-0.0763
richter_11.jpg,Richter,21,4.7953,-0.0867
richter_12.jpg,Richter,4,5.0433,0.0881
richter_13.jpg,Richter,4,4.8516,0.0981
richter_14.jpg,Richter,4,4.4724,0.0948
richter_15.jpg,Richter,6,6.0451,-0.0076
richter_17.jpg,Richter,16,7.8664,0.0215
richter_2.jpg,Richter,8,7.5848,0.0869
richter_3.jpg,Richter,3,4.8498,0.029
richter_4.jpg,Richter,3,6.36,-0.0209
richter_5.jpg,Richter,4,4.608,0.1014
richter_6.jpg,Richter,4,3.8472,0.069
richter_7.jpg,Richter,6,5.4463,0.026
richter_8.jpg,Richter,4,4.4156,0.1089
richter_9.jpg,Richter,4,4.1705,0.1166
riley_98.jpg,Riley,19,8.8567,0.2307
riley_99.jpg,Riley,19,8.7907,0.2289
ripoulin_1.jpg,Ripoulin,15,5.5803,0.0268
rist_1.jpg,Rist,8,7.3033,-0.0261
ristori_1.jpg,Ristori,16,8.0654,-0.0002
ristori_2.jpg,Ristori,9,8.8459,0.019
ristori_3.jpg,Ristori,6,5.5925,0.0201
ristori_4.jpg,Ristori,6,4.2244,-0.009
ristori_5.jpg,Ristori,16,6.2168,-0.0187
ristori_6.jpg,Ristori,6,6.5584,0.0244
ristori_7.jpg,Ristori,16,7.6846,-0.0483
roche_1.jpg,Roche,3,6.1127,-0.0195
rodtchenko_.jpg,Rodtchenko,9,8.5433,-0.0411
rodtchenko_1.jpg,Rodtchenko,2,9.1954,0.0097
rodtchenko_3.jpg,Rodtchenko,3,8.0868,0.0429
rondinone_1.jpg,Rondinone,2,11.138,0.0917
rossiter_1.jpg,Rossiter,14,9.7604,0.0683
rotella_1.jpg,Rotella,4,3.9994,0.1214
rotella_2.jpg,Rotella,4,4.6899,0.0744
rothko_1.jpg,Rothko,6,4.6574,-0.0087
rothko_11.jpg,Rothko,26,5.7283,-0.078
rothko_20.jpg,Rothko,6,5.3893,0.02
rothko_21.jpg,Rothko,6,4.7444,-0.0107
rothko_24.jpg,Rothko,10,8.784,-0.037
rothko_26.jpg,Rothko,6,4.5622,-0.0118
rothko_27.jpg,Rothko,6,5.5835,-0.012
rothko_28.jpg,Rothko,6,4.5851,-0.0142
rothko_29.jpg,Rothko,16,5.8388,-0.0441
rothko_30.jpg,Rothko,6,5.8778,0.0171
rothko_31.jpg,Rothko,6,4.6365,0.0262
rothko_32.jpg,Rothko,3,5.3198,-0.0299
rothko_33.jpg,Rothko,3,4.82,-0.0101
rothko_34.jpg,Rothko,6,5.4496,0.0272
rothko_35.jpg,Rothko,6,5.6674,0.042
rothko_36.jpg,Rothko,6,5.8664,0.0845
rothko_37.jpg,Rothko,6,6.6227,0.0847
rothko_38.jpg,Rothko,6,6.3318,0.0624
rothko_39.jpg,Rothko,7,7.2709,-0.0115
rothko_40.jpg,Rothko,7,9.0813,0.0306
rothko_41.jpg,Rothko,1,7.753,0.0128
rothko_42.jpg,Rothko,1,10.2097,-0.0376
rothko_43.jpg,Rothko,16,7.8571,-0.0313
rothko_44.jpg,Rothko,1,8.0214,0.0421
rothko_45.jpg,Rothko,1,8.2044,0.0047
rothko_46.jpg,Rothko,10,8.9502,-0.0298
rothko_47.jpg,Rothko,1,9.0263,0.0533
rothko_48.jpg,Rothko,10,10.0394,0.0678
rothko_49.jpg,Rothko,10,9.542,-0.0298
rothko_50.jpg,Rothko,26,7.2093,-0.1151
rothko_51.jpg,Rothko,22,8.1375,-0.1236
rothko_52.jpg,Rothko,10,9.6291,0.0501
rothko_53.jpg,Rothko,1,9.5776,0.0795
rothko_54.jpg,Rothko,10,9.0152,0.0504
rothko_55.jpg,Rothko,10,9.2347,0.0603
rothko_56.jpg,Rothko,10,8.0972,0.0402
rothko_57.jpg,Rothko,10,9.7258,-0.0746
rothko_58.jpg,Rothko,26,7.1342,-0.1397
rothko_59.jpg,Rothko,10,9.6733,0.0071
rothko_60.jpg,Rothko,10,8.1412,-0.0084
rothko_61.jpg,Rothko,1,10.1906,-0.0017
rothko_62.jpg,Rothko,1,10.3024,0.0797
rothko_63.jpg,Rothko,10,7.8377,-0.0255
rothko_64.jpg,Rothko,10,8.1795,-0.0286
rothko_65.jpg,Rothko,10,7.9563,-0.0363
rothko_66.jpg,Rothko,1,8.3724,-0.0385
rothko_67.jpg,Rothko,2,9.2457,-0.0617
rothko_68.jpg,Rothko,20,5.8469,-0.0853
rothko_69.jpg,Rothko,17,8.0373,-0.0533
rothschild_1.jpg,Rothschild,20,6.2739,-0.0353
rozanova_1.jpg,Rozanova,9,6.768,-0.0607
rozanova_2.jpg,Rozanova,13,7.6363,0.0182
ruff_1.jpg,Ruff,12,7.5795,-0.0051
ruggeri_1.jpg,Ruggeri,9,7.6965,-0.0381
sabatier_1.jpg,Sabatier,4,5.019,0.0615
saburo_1.jpg,Saburo,23,4.5746,-0.0459
sage_1.jpg,Sage,4,6.1767,0.0732
sage_2.jpg,Sage,11,8.6621,-0.1355
saint-phalle_1.jpg,Saint-phalle,7,6.0091,-0.0694
saint-phalle_2.jpg,Saint-phalle,3,5.6714,0.0195
saito_1.jpg,Saito,0,7.7981,-0.0072
sander_1.jpg,Sander,4,6.4395,0.0704
sanfilippo_1.jpg,Sanfilippo,27,5.4462,0.0506
saroni_1.jpg,Saroni,3,5.5229,-0.0275
saura_1 (2).jpg,Saura,6,6.8056,0.0096
saura_1.jpg,Saura,6,6.3697,-0.0051
scheggi_1.jpg,Scheggi,14,7.5909,0.1162
schifano_1.jpg,Schifano,21,5.8884,-0.088
schneider_1.jpg,Schneider,3,6.8377,0.02
schoffer_1.jpg,Schoffer,14,7.7713,-0.0121
schonberg_1.jpg,Schonberg,14,6.8357,0.0715
schonberg_2.jpg,Schonberg,9,8.44,-0.0431
schonberg_3.jpg,Schonberg,16,8.1728,-0.0456
schoonhoven_1.jpg,Schoonhoven,12,8.0538,0.208
schumacher_1.jpg,Schumacher,4,5.6397,0.0842
schwitters_1.jpg,Schwitters,18,6.9208,-0.0461
scott_1.jpg,Scott,17,5.3935,-0.0139
seligmann.jpg,Seligmann.jpg,25,5.9603,-0.0962
senkine_1.jpg,Senkine,3,8.865,-0.0312
serusier_1.jpg,Serusier,18,5.9168,-0.0088
severini_1.jpg,Severini,4,4.7408,0.1016
seys_1.jpg,Seys,6,5.1845,-0.0266
shabazi_1.jpg,Shabazi,10,10.1589,-0.0123
shanghai_1.jpg,Shanghai,4,7.531,0.0683
shanghai_10.jpg,Shanghai,21,6.1746,-0.0953
shanghai_11.jpg,Shanghai,16,6.3477,0.0046
shanghai_2.jpg,Shanghai,4,5.0156,0.087
shanghai_3.jpg,Shanghai,21,6.2215,-0.0689
shanghai_4.jpg,Shanghai,18,5.3808,-0.0079
shanghai_6.jpg,Shanghai,15,5.0808,0.1488
shanghai_7.jpg,Shanghai,3,5.9331,-0.0123
shanghai_8.jpg,Shanghai,16,7.5071,-0.0305
shanghai_9.jpg,Shanghai,18,6.0034,0.009
shemza_1.jpg,Shemza,29,9.4067,-0.0556
shiraga_1.jpg,Shiraga,23,5.4227,0.0523
shiraga_2.jpg,Shiraga,23,4.5401,-0.0637
sima_1.jpg,Sima,18,6.8359,-0.0143
sima_2.jpg,Sima,18,6.0793,0.0163
simon_1.jpg,Simon,6,6.4812,0.0088
simon_3.jpg,Simon,27,5.937,-0.0191
simon_6.jpg,Simon,15,4.9264,0.0237
singier_1.jpg,Singier,3,7.2054,0.0039
singier_2.jpg,Singier,9,5.7649,-0.0345
singier_3.jpg,Singier,9,7.245,-0.036
siqueiros_1.jpg,Siqueiros,8,10.1847,-0.0224
sklavos_1.jpg,Sklavos,26,7.04,-0.0713
smith_1.jpg,Smith,15,4.8375,-0.0026
snyder_1.jpg,Snyder,6,5.0047,-0.0136
son_1.jpg,Son,4,5.0931,0.083
soto_1.jpg,Soto,0,8.5872,-0.0495
soto_2.jpg,Soto,12,10.1117,-0.0095
souietine_1.jpg,Souietine,16,9.4115,-0.0288
souietine_2.jpg,Souietine,29,6.4469,-0.064
souietine_3.jpg,Souietine,17,7.2632,-0.0702
soulages_1.jpg,Soulages,14,8.7972,0.1192
soulages_10.jpg,Soulages,5,10.0958,0.1787
soulages_11.jpg,Soulages,16,8.0122,-0.0302
soulages_12.jpg,Soulages,9,6.425,-0.0653
soulages_13.jpg,Soulages,16,7.3355,-0.0531
soulages_14.jpg,Soulages,5,6.4101,-0.082
soulages_15.jpg,Soulages,12,8.5175,0.1172
soulages_16.jpg,Soulages,12,8.7833,0.1251
soulages_17.jpg,Soulages,22,8.0601,-0.0491
soulages_18.jpg,Soulages,9,6.1333,-0.0462
soulages_19.jpg,Soulages,9,8.2106,-0.0106
soulages_2.jpg,Soulages,9,9.6313,0.0077
soulages_20.jpg,Soulages,4,7.2173,0.0685
soulages_21.jpg,Soulages,4,6.6095,0.0723
soulages_22.jpg,Soulages,5,9.0789,-0.0691
soulages_23.jpg,Soulages,7,7.459,-0.0587
soulages_24.jpg,Soulages,7,7.1164,-0.0302
soulages_25.jpg,Soulages,7,8.3548,-0.0179
soulages_26.jpg,Soulages,11,7.5419,-0.1368
soulages_3.jpg,Soulages,16,7.3156,-0.0545
soulages_4.jpg,Soulages,1,9.7642,0.0604
soulages_5.jpg,Soulages,19,8.4458,0.0199
soulages_6.jpg,Soulages,7,8.2939,-0.002
soulages_7.jpg,Soulages,19,8.1267,0.0324
soulages_8.jpg,Soulages,22,9.4091,-0.0477
soulages_9.jpg,Soulages,12,8.514,0.016
sowden_1.jpg,Sowden,15,4.439,0.0586
spaletti_1.jpg,Spaletti,14,9.6853,0.0791
specker_1.jpg,Specker,3,8.1734,0.0669
stalhy_1.jpg,Stalhy,26,8.714,-0.088
stalhy_2.jpg,Stalhy,16,8.3877,0.0267
stalhy_3.jpg,Stalhy,3,6.5266,-0.0093
stazewski_1.jpg,Stazewski,19,10.031,0.0019
stella_1.jpg,Stella,11,10.5769,-0.0384
still_1.jpg,Still,7,8.077,-0.0239
still_2.jpg,Still,3,6.1766,0.0521
stojka_1.jpg,Stojka,3,7.0268,0.0007
storel_1.jpg,Storel,3,7.5104,-0.0175
strzeminski_1.jpg,Strzeminski,3,7.7391,0.0187
stupica_1.jpg,Stupica,28,6.0597,-0.1053
szenes_1.jpg,Szenes,12,5.4612,0.0045
szenes_2.jpg,Szenes,12,6.2941,0.0248
taeuber-arp_1.jpg,Taeuber-arp,22,6.0519,-0.0526
taeuber-arp_2.jpg,Taeuber-arp,18,5.7886,-0.0388
taeuber-arp_3.jpg,Taeuber-arp,8,6.7552,0.0273
taeuber-arp_4.jpg,Taeuber-arp,13,8.2739,-0.0256
taghavi_1.jpg,Taghavi,4,4.9724,0.0623
tal-coat_3.jpg,Tal-coat,23,6.6818,-0.1062
tamayo_1.jpg,Tamayo,6,5.3722,0.0216
tanavoli_1.jpg,Tanavoli,14,7.555,-0.0082
tancredi_1.jpg,Tancredi,21,4.2888,-0.0741
tanning_1.jpg,Tanning,4,4.8282,0.1119
tapies_1.jpg,Tapies,28,4.8537,-0.0624
tchachnik_1.jpg,Tchachnik,8,10.8318,0.004
tchachnik_2.jpg,Tchachnik,19,7.1893,0.0353
tchelitchew_1.jpg,Tchelitchew,6,5.075,-0.0233
themerson_1.jpg,Themerson,18,5.4945,-0.038
themerson_3.jpg,Themerson,18,5.6661,-0.0004
themerson_5.jpg,Themerson,6,7.2447,0.0356
themerson_6.jpg,Themerson,3,6.0752,0.0318
themerson_7.jpg,Themerson,6,6.2703,0.0213
tiberghien_1.jpg,Tiberghien,10,9.0746,0.0127
tilmans_1.jpg,Tilmans,10,8.7918,0.0896
timms_1.jpg,Timms,9,8.9301,-0.0642
tinguely_1.jpg,Tinguely,15,5.9877,0.1543
tinker_1.jpg,Tinker,18,5.9093,-0.0147
tobey_1.jpg,Tobey,4,4.1374,0.1209
tobey_2.jpg,Tobey,4,4.1996,0.1147
tobey_3.jpg,Tobey,18,5.3836,0.0156
tobey_4.jpg,Tobey,4,4.3255,0.0898
tomasello_1.jpg,Tomasello,21,6.6308,-0.0634
toroni_1.jpg,Toroni,16,5.6424,-0.0441
toroni_2.jpg,Toroni,16,8.6218,-0.0057
toroni_3.jpg,Toroni,8,7.5684,0.0337
tourliere_1.jpg,Tourliere,18,7.2135,-0.0376
toyen_1.jpg,Toyen,3,5.6972,0.0551
toyen_10.jpg,Toyen,26,5.7897,-0.0848
toyen_11.jpg,Toyen,16,6.3802,-0.0475
toyen_12.jpg,Toyen,28,5.8428,-0.029
toyen_13.jpg,Toyen,6,7.1267,0.0138
toyen_14.jpg,Toyen,16,6.239,0.0775
toyen_15.jpg,Toyen,6,5.5549,-0.0199
toyen_16.jpg,Toyen,9,6.9334,-0.0662
toyen_17.jpg,Toyen,9,7.2107,-0.0655
toyen_18.jpg,Toyen,3,5.5557,-0.0062
toyen_2.jpg,Toyen,6,6.3336,0.0002
toyen_26.jpg,Toyen,18,6.8431,-0.0465
toyen_7.jpg,Toyen,28,4.6662,-0.0508
toyen_9.jpg,Toyen,16,6.7648,0.0391
trenkwalder_1.jpg,Trenkwalder,24,5.1154,-0.0216
trevelyan_1.jpg,Trevelyan,23,5.1475,-0.0551
tsukiuchi_1.jpg,Tsukiuchi,4,5.4507,0.0844
tsukiuchi_2.jpg,Tsukiuchi,24,4.9643,-0.0281
turcato_1.jpg,Turcato,28,4.511,-0.0515
turcato_2.jpg,Turcato,16,8.8686,0.0258
turcato_5.jpg,Turcato,6,6.3102,0.0204
turner-daniel_1.jpg,Turner-daniel,17,8.0432,-0.0493
twombly_1.jpg,Twombly,3,6.3132,0.0454
twombly_10.jpg,Twombly,18,4.6913,-0.0384
twombly_11.jpg,Twombly,17,7.254,-0.092
twombly_2.jpg,Twombly,7,6.6936,-0.0547
twombly_3.jpg,Twombly,18,6.7503,-0.0201
twombly_4.jpg,Twombly,15,6.5454,-0.0159
twombly_5.jpg,Twombly,10,8.7462,-0.0526
twombly_6.jpg,Twombly,18,4.7313,-0.0311
twombly_7.jpg,Twombly,18,5.1764,0.0186
twombly_8.jpg,Twombly,28,4.4675,-0.0605
twombly_9.jpg,Twombly,18,6.5872,-0.0123
tyson_1.jpg,Tyson,21,5.8044,-0.0766
tyson_2.jpg,Tyson,21,4.5948,-0.0294
tzara_1.jpg,Tzara,11,6.7058,-0.1305
ubac_1.jpg,Ubac,12,6.9983,-0.0337
ubac_2.jpg,Ubac,16,7.5854,0.0703
ufan_1.jpg,Ufan,19,5.8103,0.1203
van-hecke_1.jpg,Van-hecke,6,4.8036,-0.0171
van-hirtum_1.jpg,Van-hirtum,24,6.9124,-0.0234
van-rees-duthil_14.jpg,Van-rees-duthil,25,6.2207,-0.0541
van-rees-o_10.jpg,Van-rees-o,7,7.6581,-0.0435
van-rees-o_46.jpg,Van-rees-o,3,6.8293,0.004
van-rees-o_47.jpg,Van-rees-o,2,6.4354,-0.1262
van-rees-o_49.jpg,Van-rees-o,7,8.2204,-0.0305
van-rees-o_5.jpg,Van-rees-o,20,5.7973,-0.0853
van-rees-o_56.jpg,Van-rees-o,6,6.3444,0.0181
van-rees-o_57.jpg,Van-rees-o,2,6.9811,-0.1173
van-rees-o_9.jpg,Van-rees-o,7,6.7281,-0.0698
van-velde-b_1.jpg,Van-velde-b,6,6.1032,0.0065
van-velde_1.jpg,Van-velde,18,4.6468,-0.021
van_doesburg_1.jpg,Van,8,8.0298,0.0232
van_doesburg_2.jpg,Van,8,6.1866,0.0326
van_doesburg_3.jpg,Van,19,8.5678,0.0164
vanel_2.jpg,Vanel,3,6.2405,0.0306
vantongerloo_1.jpg,Vantongerloo,8,8.9085,-0.0104
varo_1.jpg,Varo,6,5.6385,-0.017
varo_2.jpg,Varo,28,7.0399,-0.1882
vasarely_1.jpg,Vasarely,22,8.9189,-0.0697
vasarely_10.jpg,Vasarely,24,11.6806,-0.0731
vasarely_11.jpg,Vasarely,15,8.6447,0.0894
vasarely_12.jpg,Vasarely,9,7.2864,-0.0067
vasarely_13.jpg,Vasarely,19,9.456,0.1727
vasarely_14.jpg,Vasarely,15,10.2434,0.1016
vasarely_15.jpg,Vasarely,8,9.3787,0.0012
vasarely_16.jpg,Vasarely,22,6.6491,-0.0588
vasarely_17.jpg,Vasarely,18,8.6044,-0.0176
vasarely_18.jpg,Vasarely,6,5.9086,-0.0208
vasarely_19.jpg,Vasarely,24,5.8462,0.0483
vasarely_2.jpg,Vasarely,22,6.8863,-0.0516
vasarely_20.jpg,Vasarely,6,6.9118,-0.0128
vasarely_21.jpg,Vasarely,2,8.6054,-0.1048
vasarely_22.jpg,Vasarely,9,7.4915,-0.0614
vasarely_23.jpg,Vasarely,9,5.7972,-0.0024
vasarely_24.jpg,Vasarely,15,6.7004,0.0869
vasarely_25.jpg,Vasarely,6,6.5595,0.0014
vasarely_26.jpg,Vasarely,23,6.9178,-0.0344
vasarely_27.jpg,Vasarely,15,6.7812,-0.0168
vasarely_28.jpg,Vasarely,6,5.2425,-0.0216
vasarely_29.jpg,Vasarely,27,6.5121,-0.0373
vasarely_3.jpg,Vasarely,11,10.4885,-0.1101
vasarely_30.jpg,Vasarely,3,8.0653,0.0134
vasarely_31.jpg,Vasarely,6,7.4865,-0.0059
vasarely_32.jpg,Vasarely,23,7.1651,-0.1494
vasarely_33.jpg,Vasarely,2,10.0309,0.1067
vasarely_34.jpg,Vasarely,7,7.6116,-0.0688
vasarely_35.jpg,Vasarely,2,6.836,0.0075
vasarely_36.jpg,Vasarely,23,6.4342,-0.0328
vasarely_4.jpg,Vasarely,12,6.6559,0.0451
vasarely_5.jpg,Vasarely,22,7.6594,-0.0712
vasarely_6.jpg,Vasarely,1,8.6858,-0.0112
vasarely_7.jpg,Vasarely,1,6.9241,-0.0153
vasarely_8.jpg,Vasarely,1,9.0235,0.0036
vasarely_9.jpg,Vasarely,12,10.4775,0.0567
vedova_1.jpg,Vedova,4,4.257,0.0655
vedova_2.jpg,Vedova,24,4.3814,0.0478
vedova_3.jpg,Vedova,15,4.5403,0.0054
vedova_99.jpg,Vedova,3,4.9522,-0.0305
venet_1.jpg,Venet,7,6.2221,-0.0315
venet_2.jpg,Venet,25,5.5597,-0.0966
veronesi_1.jpg,Veronesi,29,6.8717,-0.1183
vescovi_1.jpg,Vescovi,17,6.0302,0.0084
vezelay_1.jpg,Vezelay,18,5.0407,-0.0003
vezelay_2.jpg,Vezelay,9,7.8895,-0.0652
vezelay_3.jpg,Vezelay,7,8.8183,0.0163
viallat_99.jpg,Viallat,9,6.8161,-0.055
vieira-da-silva_1.jpg,Vieira-da-silva,18,6.3481,-0.0052
vieira-da-silva_10.jpg,Vieira-da-silva,14,9.0792,-0.0516
vieira-da-silva_11.jpg,Vieira-da-silva,16,5.727,-0.0462
vieira-da-silva_12.jpg,Vieira-da-silva,0,6.7622,-0.105
vieira-da-silva_13.jpg,Vieira-da-silva,4,6.225,0.06
vieira-da-silva_14.jpg,Vieira-da-silva,21,5.9981,-0.0893
vieira-da-silva_4.jpg,Vieira-da-silva,27,4.4122,0.0484
vieira-da-silva_5.jpg,Vieira-da-silva,29,5.1983,-0.0787
vieira-da-silva_6.jpg,Vieira-da-silva,4,4.8004,0.0988
vieira-da-silva_7.jpg,Vieira-da-silva,6,5.296,-0.0113
vieira-da-silva_9.jpg,Vieira-da-silva,16,4.0851,-0.0379
villa_1.jpg,Villa,21,6.5955,-0.0512
villard_1.jpg,Villard,27,6.8363,0.0384
villard_2.jpg,Villard,15,6.8379,-0.0075
villon_1.jpg,Villon,16,5.8494,0.0002
volpi_1.jpg,Volpi,0,9.2777,0.0099
von-heyl_1.jpg,Von-heyl,27,5.8444,-0.0375
von-heyl_2.jpg,Von-heyl,9,6.6516,-0.0442
vordemberge-gildewart_1.jpg,Vordemberge-gildewart,11,8.9718,-0.0615
vssd_1.jpg,Vssd,4,4.3807,0.0992
warhol_26.jpg,Warhol,6,6.0434,-0.0099
william_1.jpg,William,1,10.5667,-0.0438
wols_1.jpg,Wols,4,5.2403,0.0723
wols_2.jpg,Wols,28,4.9131,-0.0684
wool_1.jpg,Wool,6,5.9749,-0.0132
wool_2.jpg,Wool,6,5.624,0.0067
wool_3.jpg,Wool,6,6.7597,0.0234
x-3.jpg,X-3.jpg,18,6.0603,0.0171
x-4.jpg,X-4.jpg,18,6.5654,-0.018
x_1.jpg,X,8,7.9997,0.0535
x_2.jpg,X,14,9.0732,-0.0336
xenakis_1.jpg,Xenakis,7,8.2555,-0.0472
xie_1.jpg,Xie,6,6.4702,-0.0152
youngerman_1.jpg,Youngerman,11,9.6495,-0.0747
zakharina-unkovskaya_1.jpg,Zakharina-unkovskaya,12,6.379,0.0902
zao_1.jpg,Zao,6,6.1494,0.0022
zao_10.jpg,Zao,16,6.4088,0.079
zao_11.jpg,Zao,21,4.81,-0.0288
zao_12.jpg,Zao,6,4.9449,0.0022
zao_13.jpg,Zao,6,6.5127,0.0592
zao_14.jpg,Zao,21,4.8017,-0.0514
zao_15.jpg,Zao,6,5.5927,0.0064
zao_16.jpg,Zao,7,8.2797,0.019
zao_17.jpg,Zao,4,4.5201,0.0936
zao_18.jpg,Zao,6,5.5496,-0.0063
zao_19.jpg,Zao,21,5.6288,-0.0316
zao_2.jpg,Zao,16,6.9725,0.0986
zao_20.jpg,Zao,21,4.661,-0.0773
zao_21.jpg,Zao,6,6.1593,-0.0223
zao_22.jpg,Zao,28,4.7789,-0.0412
zao_23.jpg,Zao,16,5.4626,0.009
zao_24.jpg,Zao,16,7.8968,-0.0268
zao_25.jpg,Zao,28,5.2479,-0.0457
zao_26.jpg,Zao,16,4.8554,-0.025
zao_27.jpg,Zao,4,5.2885,0.0933
zao_3.jpg,Zao,21,5.0247,-0.1044
zao_4.jpg,Zao,6,5.478,-0.0167
zao_5.jpg,Zao,16,5.7312,0.0221
zao_6.jpg,Zao,21,4.9728,-0.0398
zao_7.jpg,Zao,16,4.8356,0.0356
zao_8.jpg,Zao,16,6.0598,0.0186
zao_9.jpg,Zao,24,3.7225,-0.043
zion_1.jpg,Zion,6,6.0854,-0.0002
zion_2.jpg,Zion,6,5.3747,0.0101
zion_3.jpg,Zion,23,6.5516,-0.0293
zurn_1.jpg,Zurn,6,6.425,-0.0212
