nom,classe,x,y
aborigene_1.jpg,6,-20.32819,2.0737717
accardi_1.jpg,10,-29.47977,4.855455
accardi_2.jpg,5,1.2303127,26.51667
af-klint_1.jpg,6,2.0674982,15.358493
af-klint_10.jpg,10,-0.84375083,3.634858
af-klint_11.jpg,3,28.42346,-11.479295
af-klint_12.jpg,8,13.343023,0.5745175
af-klint_13.jpg,7,5.9274416,-14.671565
af-klint_2.jpg,10,-5.225459,-5.932364
af-klint_3.jpg,10,-3.7006583,-17.160337
af-klint_4.jpg,10,-4.34575,-6.7295356
af-klint_5.jpg,10,-7.388822,-4.357308
af-klint_6.jpg,2,-11.736386,-1.5776956
af-klint_8.jpg,6,0.9936253,16.09984
af-klint_9.jpg,7,12.295248,-0.9045564
afif_1.jpg,6,-2.3126929,24.465277
afnan_2.jpg,2,-16.526787,-2.6037295
afro_1.jpg,10,-0.7131048,1.4984884
afro_2.jpg,6,-9.12104,17.004612
afro_3.jpg,2,8.504136,11.736817
afro_4.jpg,2,14.3668375,11.159181
afro_5.jpg,2,8.078729,10.5803795
afro_6.jpg,2,9.530778,11.687803
afro_7.jpg,11,24.618849,-18.168009
al-azzawi_1.jpg,10,-0.20006143,-16.50203
albers_1.jpg,13,18.282946,9.741273
albers_10.jpg,5,0.53182495,28.10188
albers_11.jpg,7,11.836256,-7.73177
albers_12.jpg,0,15.176777,23.351728
albers_13.jpg,12,27.78471,-18.048994
albers_14.jpg,1,21.236866,-3.7086473
albers_15.jpg,5,-0.9957088,27.89636
albers_16.jpg,14,-11.336528,32.008385
albers_17.jpg,0,-0.57637155,12.328481
albers_2.jpg,2,-13.290223,16.416258
albers_3.jpg,3,36.558334,-11.162927
albers_4.jpg,2,17.319336,9.772513
albers_5.jpg,13,25.585386,10.2019615
albers_6.jpg,13,25.781527,9.669752
albers_7.jpg,13,26.079163,5.29638
albers_8.jpg,3,36.47618,-11.167814
albers_9.jpg,3,36.469097,-11.170172
albert-birot_1.jpg,4,-23.091417,-9.381785
alechinsky_1.jpg,4,-23.096811,-4.554914
alechinsky_2.jpg,4,-30.782993,-0.9195682
alechinsky_3.jpg,10,-5.256719,-3.8616533
alechinsky_4.jpg,10,-3.0547287,-12.571626
allard_1.jpg,4,-29.062029,-5.0419507
andre_1.jpg,13,23.360462,9.305263
angkasapura_1.jpg,4,-25.551445,-4.8723307
angkasapura_2.jpg,4,-18.742271,-7.116953
angkasapura_3.jpg,4,-25.952078,-5.506868
appel_11.jpg,11,8.836712,-15.202211
appel_2.jpg,11,18.390728,-11.478064
appel_3.jpg,7,9.172878,-10.477557
appel_4.jpg,6,-11.898078,8.364493
appel_5.jpg,4,-12.251443,-9.016115
appel_6.jpg,10,-5.3404126,-9.716428
araeen_1.jpg,11,24.82569,-17.304623
arguelles_1.jpg,13,-2.906452,22.108187
armandon_1.jpg,2,-11.702684,14.66515
arman_1.jpg,4,-19.132708,-1.1881697
arman_2.jpg,4,-11.991863,-8.262904
arman_3.jpg,10,-12.007501,-8.223157
arman_4.jpg,11,11.481667,-18.292618
arman_5.jpg,4,-31.891586,-13.366757
arman_6.jpg,10,11.091501,-18.246786
arman_7.jpg,6,-23.366566,10.582524
arman_98.jpg,4,-19.874083,-2.4224305
arman_99.jpg,10,10.31125,-18.481764
arnal_1.jpg,4,-19.5216,-7.339648
arp_1.jpg,7,-5.902254,-21.558256
arp_2.jpg,1,12.624535,0.17932415
arp_3.jpg,5,2.4646332,23.620115
arp_4.jpg,8,5.05299,2.992022
arp_8.jpg,5,2.6099901,17.674654
art-et-language_1.jpg,2,6.7722416,13.927139
asse_1.jpg,12,24.284307,-10.524435
asse_10.jpg,11,16.694986,-17.4955
asse_2.jpg,1,14.747054,19.21852
asse_3.jpg,6,-19.009499,9.198439
asse_4.jpg,2,4.801979,17.889128
asse_5.jpg,7,13.373656,-4.2493634
asse_6.jpg,8,12.811339,4.4762063
asse_7.jpg,1,15.618947,18.673943
asse_8.jpg,1,14.100777,18.212646
asse_9.jpg,2,-9.900188,1.2491475
atassi_1.jpg,9,3.5582502,1.084023
atassi_2.jpg,11,10.773571,-7.59691
atlan_1.jpg,10,5.7924595,-13.068751
atlan_2.jpg,11,19.256863,-14.832484
atlan_3.jpg,11,15.912128,-15.700092
atlan_4.jpg,11,18.672857,-13.927219
atlan_5.jpg,11,18.301249,-17.320513
auerbach_1.jpg,4,-13.945497,-8.66173
auerbach_2.jpg,6,-17.100237,-4.1786313
ayme_1.jpg,1,26.634167,-3.5752897
bacher_1.jpg,14,-9.700452,29.612656
bae_1.jpg,10,-13.823188,-0.95649517
bak_1.jpg,5,2.547617,28.008528
balas_1.jpg,9,0.5393215,7.0903583
balla_1.jpg,6,-11.0877495,12.181602
balla_2.jpg,7,13.423886,-0.98114026
balla_3.jpg,12,28.457254,-19.52997
barre_1.jpg,3,14.47587,16.110266
barre_2.jpg,3,14.27174,16.497986
barre_3.jpg,7,8.782056,16.877504
barre_4.jpg,7,10.737134,17.684252
barre_5.jpg,13,28.058332,10.465871
barthes_1.jpg,2,-27.07821,7.8938174
barthes_2.jpg,2,-27.094707,7.8608294
bart_1.jpg,5,12.973571,15.291493
baruchello_1.jpg,2,8.944686,12.901541
baruch_1.jpg,7,26.833342,-7.3922086
baruch_2.jpg,7,26.907534,-7.4155326
basquiat_1.jpg,4,-29.297235,-7.87923
basquiat_12.jpg,4,-29.287436,-7.8676324
basquiat_2.jpg,10,-17.403381,-13.531717
basquiat_7.jpg,11,8.499904,-20.777876
bazaine_1.jpg,10,-5.687615,-16.358488
beck_1.jpg,10,2.6744082,11.70313
bedin_1.jpg,2,-10.425142,-15.830672
bellaguet_1.jpg,7,12.007569,9.650454
bellmer_1.jpg,9,0.83276904,9.880994
beloussovitch_1.jpg,2,11.382873,8.252265
benchamma_1.jpg,6,-26.180275,-0.93164
benrath_1.jpg,10,-9.206251,-9.311367
benrath_2.jpg,14,-6.517932,30.74995
bergman_1.jpg,9,-2.3923087,8.145725
bergman_10.jpg,9,3.329222,3.1700811
bergman_11.jpg,9,8.652502,2.2348201
bergman_12.jpg,9,-0.055117194,9.834285
bergman_13.jpg,11,10.502761,-3.8258574
bergman_14.jpg,11,16.469091,-19.103146
bergman_15.jpg,7,7.0969815,-15.678033
bergman_16.jpg,2,9.951782,7.7691617
bergman_17.jpg,7,8.499011,-17.328894
bergman_18.jpg,9,5.1289506,9.365239
bergman_19.jpg,7,6.9463463,-13.823634
bergman_2.jpg,11,22.64084,-23.267607
bergman_20.jpg,7,-6.0079274,-18.339302
bergman_21.jpg,11,20.54302,-16.191996
bergman_22.jpg,5,-6.064051,18.796942
bergman_23.jpg,4,-22.543467,-8.56905
bergman_24.jpg,7,15.948408,-5.1942954
bergman_25.jpg,14,-11.382455,29.532616
bergman_26.jpg,7,10.2260275,-9.703064
bergman_27.jpg,4,-15.653695,-5.552832
bergman_28.jpg,6,-22.442354,3.5520802
bergman_29.jpg,6,-14.964194,8.685426
bergman_3.jpg,12,23.257019,-23.285427
bergman_30.jpg,6,-8.201502,24.725397
bergman_31.jpg,7,12.116513,-14.584689
bergman_32.jpg,9,3.208549,12.353473
bergman_33.jpg,2,-17.525522,1.5287629
bergman_34.jpg,6,-13.223875,10.10898
bergman_35.jpg,9,-3.5335257,8.423387
bergman_36.jpg,3,-30.673859,6.9062366
bergman_37.jpg,4,-24.195951,1.5551312
bergman_38.jpg,6,-13.853825,21.093847
bergman_39.jpg,11,13.356326,-18.75827
bergman_4.jpg,9,4.8738236,9.925544
bergman_40.jpg,9,-2.3024654,14.508234
bergman_41.jpg,6,-11.654166,18.006021
bergman_42.jpg,11,19.367723,-13.5397215
bergman_43.jpg,6,-1.142002,22.593779
bergman_44.jpg,10,9.699829,5.780795
bergman_45.jpg,14,-3.5514371,28.91805
bergman_46.jpg,6,-13.694298,23.960835
bergman_47.jpg,5,-7.767496,26.440495
bergman_48.jpg,14,-4.8251057,33.188038
bergman_49.jpg,14,-12.229514,28.133337
bergman_5.jpg,1,26.931013,-4.970965
bergman_50.jpg,6,-11.4174,17.98313
bergman_51.jpg,2,-11.032903,-1.4719086
bergman_52.jpg,10,-1.686301,-15.284358
bergman_6.jpg,7,4.4900284,-19.20281
bergman_7.jpg,9,1.8974777,0.57652766
bergman_8.jpg,6,-13.168141,22.868004
bergman_9.jpg,6,-2.0216646,20.232395
bergman_91.jpg,11,19.011654,-18.866245
bergman_98.jpg,2,5.426984,20.991663
bergman_99.jpg,12,26.147997,-18.345737
berman_1.jpg,10,-9.282721,8.362743
bernsk_1.jpg,2,14.670442,12.863419
bernsk_2.jpg,4,-14.136623,-4.249657
bertholle_1.jpg,2,-15.300898,-3.3377306
bertholle_2.jpg,10,0.47484782,-13.839956
bertholle_3.jpg,10,-1.2570881,-9.288835
bertholle_4.jpg,10,-2.0271769,-7.6339455
bertrand_1.jpg,2,12.274806,7.568732
bezie_1.jpg,2,13.16974,13.641824
bissiere_1.jpg,11,17.610252,-19.674625
bissiere_2.jpg,11,16.952433,-12.737265
bloch_1.jpg,4,-29.508223,-3.501149
bloc_1.jpg,0,2.1350114,-0.75605386
boccioni_1.jpg,10,-11.758875,-0.10221067
boeti_1.jpg,2,-12.552296,0.9197456
boetti_1.jpg,4,-25.548128,-6.3074455
boetti_2.jpg,6,-11.451749,16.01343
bonneaud_1.jpg,5,-7.063769,28.701931
boumester_1.jpg,2,4.2323585,-2.487203
bourgeois_1.jpg,13,30.320236,6.6451902
bouttier_1.jpg,4,-22.30004,-8.676459
bouttier_2.jpg,4,-21.84543,1.3970577
bowling_1.jpg,10,1.7156458,-11.346884
bozzolino_1.jpg,0,3.2933402,-29.193125
bradford_1.jpg,4,-19.137177,-3.5042455
bradford_2.jpg,4,-27.488571,0.23678866
brassai_1.jpg,4,-22.092377,-0.7952358
brassai_2.jpg,10,-16.37915,-9.857058
brusse_1.jpg,6,-5.455108,16.874819
brusse_2.jpg,10,5.5672593,-0.31406537
bryen_1.jpg,2,6.024394,13.855326
bryen_2.jpg,10,-5.525517,-2.5736506
buren_1.jpg,12,23.861414,-19.154837
buren_2.jpg,12,25.338936,-19.149113
buren_3.jpg,12,28.089125,-20.534672
buren_4.jpg,12,27.833395,-20.61404
buren_5.jpg,13,31.076315,3.8505993
burri_1.jpg,6,-5.0404553,25.57721
burri_10.jpg,10,-10.265862,-6.0750875
burri_11.jpg,2,8.06045,10.554459
burri_12.jpg,2,-14.856107,3.5470335
burri_13.jpg,10,-1.9715611,3.0265293
burri_14.jpg,2,8.895885,20.746094
burri_15.jpg,2,-15.385711,11.574183
burri_2.jpg,9,0.92456585,5.2612605
burri_3.jpg,2,-23.312233,14.069803
burri_4.jpg,2,-23.301432,14.034283
burri_5.jpg,5,-2.3581583,29.662884
burri_6.jpg,4,-18.843342,-0.94110674
burri_7.jpg,6,-20.342241,12.2734995
burri_8.jpg,2,-14.671206,3.1902275
burri_9.jpg,6,-10.669902,20.139397
burroughs_1.jpg,10,-6.9624424,-9.320444
buthe_1.jpg,11,16.693668,-11.634008
calima_1.jpg,1,26.528923,1.9157034
calima_2.jpg,13,31.68045,6.319232
cane_1.jpg,9,1.8229743,5.912511
capogrossi_1.jpg,9,10.76098,-2.7665107
capogrossi_5.jpg,4,-30.00584,-7.3909955
cappa_1.jpg,10,1.3641706,-1.5263263
carlsund_1.jpg,12,27.552855,-20.43155
cassel_1.jpg,8,14.356124,-0.33455124
cassel_2.jpg,2,-5.6019177,-5.0576797
cassel_3.jpg,10,-7.804632,-4.4984503
castellani_1.jpg,10,1.5050541,-6.806536
castellani_2.jpg,13,20.996513,8.839136
chagall_1.jpg,7,-6.446454,-22.118973
chardon_1.jpg,13,29.599112,9.438244
charlton_1.jpg,12,27.828724,-20.98917
chesnier_1.jpg,14,-4.885264,32.998547
choi_1.jpg,10,-3.5424898,-3.5715322
choi_2.jpg,6,-17.860556,23.777872
choi_3.jpg,6,-17.706089,23.816977
clark_1.jpg,4,-19.076727,-3.1017206
clement_1.jpg,10,-6.2665167,-10.84501
clough_1.jpg,10,5.6257963,-9.9485655
colombet_1.jpg,2,-9.006945,-0.396636
colombet_2.jpg,4,-21.028393,-6.3204966
colombet_3.jpg,4,-18.62124,-9.28475
colombet_4.jpg,4,-18.71042,-9.43226
colombet_5.jpg,6,-12.294792,24.391615
colombet_6.jpg,6,-10.837127,19.024323
colquhoun_1.jpg,7,8.532528,-6.092453
colquhoun_2.jpg,11,20.113314,-19.596024
colquhoun_3.jpg,6,-8.450708,17.709518
colquhoun_4.jpg,10,13.9304,-6.1571712
colquhoun_5.jpg,10,-2.1389263,-1.0558448
colquhoun_6.jpg,10,-2.2149754,-0.95157415
condo_1.jpg,7,12.490521,7.5904775
condo_10.jpg,4,-20.547915,-0.8792962
condo_20.jpg,10,-6.5892644,-0.28505287
condo_21.jpg,4,-18.730833,-1.8296659
condo_3.jpg,11,14.483295,-20.141766
condo_30.jpg,4,-18.805101,-2.113663
condo_33.jpg,10,-18.35198,-2.2010045
condo_42.jpg,9,1.4692565,0.48898828
condo_49.jpg,3,20.651129,2.0710523
condo_50.jpg,2,20.337849,2.259266
condo_51.jpg,9,0.40217328,-24.416843
condo_53.jpg,9,-0.8253733,2.7775927
condo_58.jpg,10,-0.31626076,-0.90423775
condo_60.jpg,10,0.51246417,0.1944812
condo_73.jpg,9,18.050753,5.062961
conner_1.jpg,10,-11.202469,-8.159066
conner_2.jpg,9,-11.685116,-20.5683
covert_1.jpg,6,-8.960798,17.573519
crepin_1.jpg,4,-24.531635,-3.1433742
crepin_2.jpg,4,-24.419394,-3.4442902
crotti_1.jpg,0,0.2571889,13.883985
crotti_2.jpg,11,12.081623,-24.053354
cruz-diez_1.jpg,13,35.50753,2.3393035
culbert_1.jpg,1,18.666706,6.140395
culbert_2.jpg,9,0.6069843,11.713029
culbert_3.jpg,11,17.248768,-20.863276
culbert_4.jpg,10,8.889698,0.1061105
culin_1.jpg,9,2.6558979,-10.672081
dali_1.jpg,6,-8.352055,21.650393
damoah_1.jpg,11,16.506855,-10.1710825
damoah_2.jpg,5,1.1134826,27.42835
damoah_3.jpg,4,-11.63689,-5.5014935
de-bary_1.jpg,6,-8.559936,21.433943
de-dominicis_1.jpg,7,13.555897,-8.020434
de-kooning_13.jpg,10,-4.7008376,-8.597478
de-kooning_16.jpg,10,-2.6465003,-8.40244
de-kooning_3.jpg,10,-2.5226574,-10.16903
de-kooning_7.jpg,6,-6.797932,11.709479
de-kooning_8.jpg,10,-2.4439602,-4.5079393
de-kooning_9.jpg,10,-4.2870584,-8.696556
de-souza-cardoso_11.jpg,11,-1.8853929,-19.32266
de-souza-cardoso_12.jpg,10,-2.9418304,-11.530005
de-souza-cardoso_13.jpg,10,-2.5832407,-11.395449
de-souza-cardoso_14.jpg,10,-2.9778762,-11.240723
de-souza-cardoso_15.jpg,10,6.580844,-11.283392
de-souza-cardoso_31.jpg,11,21.644512,-15.091903
de-souza-cardoso_32.jpg,11,21.845535,-14.694263
de-souza-cardoso_33.jpg,11,20.631004,-13.624996
de-souza-cardoso_34.jpg,11,20.712082,-13.78693
de-stael_1.jpg,2,6.492916,-2.6303928
de-stael_10.jpg,13,25.226662,3.0990849
de-stael_11.jpg,2,-16.86651,1.7853767
de-stael_12.jpg,6,-15.481816,8.168478
de-stael_13.jpg,6,-15.6418295,8.016131
de-stael_14.jpg,4,-17.01965,2.711636
de-stael_15.jpg,6,-15.104119,15.202147
de-stael_16.jpg,9,6.663958,-2.6312344
de-stael_18.jpg,5,-5.16198,24.691214
de-stael_19.jpg,11,20.08671,-5.945614
de-stael_2.jpg,10,-18.948595,-16.071758
de-stael_20.jpg,6,-5.608165,24.719433
de-stael_21.jpg,6,9.872536,5.8798814
de-stael_22.jpg,14,-6.984545,24.12276
de-stael_23.jpg,10,5.2088156,-9.910714
de-stael_24.jpg,10,-13.308577,-6.5416718
de-stael_29.jpg,10,-0.90892684,15.515516
de-stael_3.jpg,4,-14.523306,-7.114419
de-stael_4.jpg,10,-18.914083,-16.12619
de-stael_41.jpg,10,-13.307762,-8.633471
de-stael_5.jpg,10,8.778383,-13.571057
de-stael_6.jpg,10,7.028157,-8.678251
de-stael_7.jpg,4,-17.499922,3.209137
de-stael_8.jpg,9,-0.05396709,22.767824
de-stael_9.jpg,9,9.12974,-3.8275764
debre_1.jpg,2,11.901224,7.6923704
debre_2.jpg,3,13.984719,17.303556
defeo_1.jpg,10,-15.2442045,-5.258795
degottex_1.jpg,2,21.188778,0.43747422
degottex_10.jpg,7,28.199331,-9.432025
degottex_11.jpg,2,-14.055954,21.08763
degottex_2.jpg,7,21.928473,-18.637796
degottex_3.jpg,10,-5.7830963,10.324889
degottex_4.jpg,14,-9.903683,28.517612
degottex_5.jpg,9,-2.2993655,0.445745
deguelle_1.jpg,7,27.093594,-11.040845
del-marle_1.jpg,5,-6.4336963,26.308216
delaney_1.jpg,6,-7.112006,18.767641
delaunay-r_10.jpg,10,13.560832,-21.088858
delaunay-r_12.jpg,7,4.8025584,-17.234482
delaunay-r_15.jpg,10,9.9893465,1.11077
delaunay-r_17.jpg,4,-21.371618,-12.360175
delaunay-r_18.jpg,4,-19.277138,3.2487335
delaunay-r_19.jpg,2,-7.528227,5.585052
delaunay-r_2.jpg,11,14.539944,-17.305662
delaunay-r_21.jpg,8,14.980481,4.975046
delaunay-r_32.jpg,8,14.983217,4.9846163
delaunay-r_34.jpg,11,8.664256,-24.483503
delaunay-r_35.jpg,8,13.625755,1.236736
delaunay-r_36.jpg,8,11.940151,1.5735749
delaunay-r_4.jpg,8,14.994117,4.984609
delaunay-r_5.jpg,8,16.364552,-2.1615472
delaunay-r_9.jpg,10,-10.8321,-3.4641626
delaunay-s_10.jpg,8,15.097856,-2.5417345
delaunay-s_12.jpg,9,9.942453,2.5512242
delaunay-s_16.jpg,7,2.4105039,-15.342059
delaunay-s_17.jpg,10,14.150368,-6.247096
delaunay-s_18.jpg,8,16.344427,-2.1625936
delaunay-s_2.jpg,10,-0.59072113,-9.624838
delaunay-s_3.jpg,10,-6.3665776,-8.862555
delaunay-s_4.jpg,10,0.018996488,-16.591732
delaunay-s_5.jpg,10,-3.536147,2.948453
delaunay-s_6.jpg,9,6.1876884,3.221461
delaunay-s_7.jpg,8,16.37536,-2.1579187
delaunay-s_8.jpg,7,2.5309556,-15.334974
delporte_1.jpg,4,-14.419484,-3.491762
delprat_1.jpg,14,-10.526157,30.452173
devade_1.jpg,1,12.507855,18.715042
deyrolle_1.jpg,9,5.7595997,1.6900514
dezeuze_1.jpg,3,5.5584908,-14.811517
dezeuze_2.jpg,14,-14.498686,28.635162
diebenkorn_1.jpg,6,-8.183999,22.949675
dmitrienko_1.jpg,9,17.172468,1.3210504
do-amaral_17.jpg,11,23.166197,-18.666288
do-amaral_18.jpg,11,20.605856,-18.92324
doka_1.jpg,9,2.1199179,9.74314
domela_1.jpg,13,30.302513,8.966619
domela_2.jpg,0,11.798771,12.245919
domela_3.jpg,7,8.608781,-19.049072
domela_4.jpg,7,3.418791,-23.539865
domela_5.jpg,7,3.3924177,-22.994692
domela_6.jpg,0,-5.327517,-26.65223
domela_7.jpg,9,1.2812799,-1.4469668
dominguez_1.jpg,6,-4.246943,26.621588
dominguez_2.jpg,6,-10.406231,17.431074
dondi-white_1.jpg,6,-5.8883357,21.839369
dorazio_1.jpg,4,-18.428528,-5.781603
dordek_1.jpg,8,14.85568,1.1302205
dotremont_1.jpg,9,-29.307566,5.9593496
doumar_1.jpg,11,15.198218,-10.938367
drew_1.jpg,4,-22.041382,-6.8433394
du-pasquier_1.jpg,10,-14.26811,-16.349056
du-pasquier_2.jpg,4,-27.100819,-9.66633
du-pasquier_3.jpg,4,-28.62326,-8.074523
dubuffet_1.jpg,4,-28.597576,-7.498093
dubuffet_10.jpg,9,-27.692356,5.1092486
dubuffet_11.jpg,4,-33.571136,-4.406391
dubuffet_12.jpg,6,-29.003168,5.3313103
dubuffet_13.jpg,4,-27.344917,-7.4833593
dubuffet_14.jpg,4,-11.361024,-4.274591
dubuffet_16.jpg,2,-15.747956,-0.8241188
dubuffet_19.jpg,10,-13.652623,-11.64282
dubuffet_2.jpg,4,-16.656578,-0.60365516
dubuffet_21.jpg,6,-6.508621,10.880829
dubuffet_3.jpg,4,-19.739435,-5.183461
dubuffet_4.jpg,7,7.421041,-17.838253
dubuffet_5.jpg,4,-19.431448,1.5374202
dubuffet_7.jpg,6,-28.828627,5.42841
dubuffet_8.jpg,4,-33.599514,-4.4321947
dubuffet_9.jpg,10,-34.18998,-3.0574837
dulom_1.jpg,8,12.882379,21.087576
dumitresco_1.jpg,4,-19.4675,-1.5688865
dumitresco_2.jpg,10,-11.870581,-17.365229
dupre_1.jpg,4,-26.484306,-7.937178
durieu_1.jpg,13,33.10368,7.113775
durieu_2.jpg,10,-3.468432,5.022766
el-anatsui_1.jpg,4,-22.87472,-5.8419213
el-anatsui_2.jpg,4,-26.778463,2.0174458
el-lissitzky_1.jpg,0,9.000039,18.596718
el-lissitzky_2.jpg,8,11.648447,0.8295446
el-lissitzky_3.jpg,13,6.2343297,16.28167
el-lissitzky_4.jpg,6,3.2237148,16.16611
el-lissitzky_5.jpg,1,17.08901,-8.502889
el-lissitzky_6.jpg,0,8.905778,18.436604
el-lissitzky_7.jpg,2,3.1527338,19.668453
el-lissitzky_8.jpg,5,20.288252,17.65393
ermolaeva_1.jpg,2,-0.06434551,16.75239
ernst_1.jpg,11,12.260814,-17.022379
ernst_10.jpg,11,13.497867,-18.906137
ernst_11.jpg,11,12.189312,-16.97133
ernst_12.jpg,10,11.545514,-12.051289
ernst_13.jpg,6,-8.724218,12.242783
ernst_14.jpg,10,-24.463144,-1.9666977
ernst_15.jpg,10,11.49688,-11.907743
ernst_18.jpg,10,-7.216565,-1.2204542
ernst_25.jpg,9,2.1045392,8.260046
ernst_26.jpg,9,1.5921016,8.456118
ernst_3.jpg,10,-14.451214,-10.212354
ernst_33.jpg,7,2.6739175,-18.906122
ernst_5.jpg,3,2.8234513,11.140621
ernst_8.jpg,10,-5.2697606,2.3595917
erruas_1.jpg,2,-3.314978,1.2496324
esteve_1.jpg,9,10.567108,4.964474
esteve_2.jpg,9,10.348633,23.642351
fangor_1.jpg,8,15.23794,2.7907019
farmanfarmaian_1.jpg,13,27.522594,14.866359
farmanfarmaian_2.jpg,13,27.52485,14.87197
fautrier_11.jpg,10,-7.5505724,4.0079427
fautrier_12.jpg,10,-7.5561137,4.0031996
fautrier_13.jpg,6,-14.15731,6.147656
fautrier_14.jpg,6,-13.510499,13.170918
fautrier_2.jpg,6,-6.7781105,18.738272
fautrier_25.jpg,6,-9.156977,24.353216
fautrier_26.jpg,4,-21.150642,-3.8900907
fautrier_29.jpg,10,-9.528965,-7.22206
fautrier_7.jpg,2,-5.881334,3.607098
fautrier_9.jpg,10,-6.503592,4.037924
favier_1.jpg,2,19.264557,2.7223325
fernandez.jpg,6,20.965935,9.026285
festa_1.jpg,12,28.129278,-17.816061
filia_1.jpg,9,1.564096,-5.033452
fini_1.jpg,10,-7.181283,-7.443052
fini_2.jpg,11,14.251815,-12.712664
folmer_1.jpg,12,26.97953,-21.638655
folmer_2.jpg,9,8.649238,-4.0751452
folmer_3.jpg,3,27.9738,-11.716382
fondrillon_1.jpg,2,-20.567598,-0.03678199
fontana_1.jpg,2,8.659957,13.063776
fontana_10.jpg,2,14.273809,8.867022
fontana_11.jpg,10,-15.438636,-11.350528
fontana_12.jpg,6,-21.739552,15.458477
fontana_13.jpg,2,-13.516133,0.5465132
fontana_14.jpg,2,14.113649,11.897232
fontana_15.jpg,2,20.763767,12.9014845
fontana_16.jpg,8,12.580895,5.0830274
fontana_17.jpg,2,-13.461932,3.1460378
fontana_18.jpg,2,-14.567839,1.5173141
fontana_19.jpg,10,21.903046,-6.6023417
fontana_2.jpg,6,-22.206884,15.6041155
fontana_20.jpg,7,9.551071,-8.358423
fontana_21.jpg,2,20.72359,13.006533
fontana_22.jpg,5,3.1996548,26.689468
fontana_23.jpg,5,26.83044,16.898142
fontana_24.jpg,2,-11.205824,2.4460375
fontana_25.jpg,2,9.008662,14.318831
fontana_26.jpg,2,6.457108,18.679304
fontana_27.jpg,2,14.019297,12.092772
fontana_28.jpg,1,21.537018,19.929455
fontana_29.jpg,5,21.48931,19.553366
fontana_3.jpg,2,-16.512585,-24.850702
fontana_30.jpg,2,-14.301898,1.8617347
fontana_31.jpg,7,2.3365746,-20.27347
fontana_32.jpg,11,13.531515,-27.451628
fontana_4.jpg,10,0.058289893,-8.3288
fontana_5.jpg,7,23.745935,-7.280768
fontana_6.jpg,6,-20.828255,16.0675
fontana_7.jpg,2,7.917614,13.044434
fontana_8.jpg,2,-21.463272,15.77494
fontana_9.jpg,9,3.8486085,6.7465615
fontana_98.jpg,14,-12.314218,30.251547
francis_1.jpg,10,1.3393116,-8.385626
francis_2.jpg,10,-14.093253,-12.604734
francis_3.jpg,10,-14.199781,-12.586708
frankenthaler_1.jpg,1,22.388464,-2.2386856
freundlich_10.jpg,7,1.6161623,-15.124274
freundlich_11.jpg,7,8.246715,-24.810423
freundlich_12.jpg,2,10.536658,3.8844774
freundlich_13.jpg,2,12.138833,-2.7407608
freundlich_14.jpg,10,0.42860317,-4.410006
freundlich_15.jpg,7,18.944452,-0.7451599
freundlich_16.jpg,6,-2.1355803,15.905266
freundlich_17.jpg,13,22.419897,5.341023
freundlich_18.jpg,11,22.049902,-13.419391
freundlich_19.jpg,9,7.652053,-0.74736387
freundlich_20.jpg,13,27.832645,7.648321
freundlich_21.jpg,7,18.728432,-1.2686863
freundlich_22.jpg,7,26.444569,-11.15477
freundlich_23.jpg,2,-6.304942,0.6588768
freundlich_24.jpg,13,28.593658,9.103816
freundlich_25.jpg,7,3.245253,-0.5675023
freundlich_26.jpg,4,-20.925983,-15.853897
freundlich_27.jpg,10,9.409483,0.71351117
freundlich_28.jpg,9,9.052351,1.2646194
freundlich_6.jpg,10,9.191204,0.55237836
freundlich_7.jpg,11,14.404256,-16.675411
freundlich_79.jpg,8,16.365788,-7.4505863
freundlich_8.jpg,6,-3.9135113,17.216385
frize_1.jpg,13,35.194626,2.3586454
frize_16.jpg,10,-17.498962,5.2717204
frize_19.jpg,1,15.851576,-15.207484
frize_2.jpg,14,-11.203859,32.99085
frize_25.jpg,6,-10.092252,18.384125
frize_27.jpg,6,-5.3318644,12.182045
frize_30.jpg,10,-8.754673,-9.171921
frize_31.jpg,6,-16.455515,4.6386733
frize_33.jpg,10,-5.132968,-8.491605
frize_35.jpg,4,-31.523384,-7.9291744
frize_4.jpg,10,-17.465155,5.165993
frize_7.jpg,10,-24.0145,6.7892838
frize_8.jpg,10,-5.3572035,8.865722
fromanger_1.jpg,9,-2.5028422,-22.505632
fromanger_15.jpg,11,16.523846,-22.31144
fromanger_21.jpg,13,6.708856,19.369951
fromanger_25.jpg,13,25.473186,0.15889852
fromanger_26.jpg,12,27.294395,-17.301855
fromanger_7.jpg,4,-28.955612,-5.327686
fukui_1.jpg,4,-25.360716,-5.9553013
futura-2000_1.jpg,9,-1.9777786,5.782855
futura-2000_2.jpg,7,0.5671818,-19.014553
futura-2000_3.jpg,2,8.326704,11.518227
futura-2000_4.jpg,9,1.9184886,1.9085349
gabori_1.jpg,10,0.38092905,0.4144745
gabori_2.jpg,9,-1.327703,10.731923
gabori_3.jpg,10,5.7208376,-9.130599
gabori_4.jpg,11,20.830307,-26.794085
gabori_5.jpg,11,7.1535683,-25.153557
gabori_6.jpg,11,20.811771,-26.538868
gabori_7.jpg,11,10.37376,-5.457481
galvano_1.jpg,12,26.031458,-14.642496
garcia_1.jpg,4,-28.106226,-10.126685
garcin_1.jpg,7,10.768969,-10.995543
gaston-dreyfus_1.jpg,11,10.239058,-14.474628
gnamus_1.jpg,2,12.3009205,18.399778
godeg_1.jpg,7,7.7893414,-17.545095
goldfarb_1.jpg,2,-8.069759,-6.099144
gontcharova_8.jpg,11,20.013481,-20.660837
gonzales_1.jpg,7,18.218193,-15.954491
gonzales_2.jpg,2,-11.447543,0.69643265
gonzalez_5.jpg,11,15.272808,-20.899754
gorenec_1.jpg,8,13.69319,3.1491015
gorin_1.jpg,13,31.973858,10.626343
gorin_2.jpg,0,-16.944944,16.834757
gorin_3.jpg,0,-5.3489933,-27.233809
gorin_4.jpg,13,29.938795,7.8270063
gorin_5 (2).jpg,8,12.634459,3.9788446
gorin_6.jpg,13,28.180714,10.385527
gorin_7.jpg,3,30.31677,12.665496
gorin_8.jpg,5,-0.097556174,28.574816
gorki_1.jpg,10,0.031051263,3.9057684
granell_1.jpg,6,-9.466383,13.183501
granell_2.jpg,9,1.776347,6.6649094
graverol_1.jpg,7,6.47661,-16.716753
griffa_2.jpg,2,1.4244651,17.517998
gruden_1.jpg,10,-0.42598692,8.6600685
guitet_1.jpg,11,15.002082,-11.069956
guitet_11.jpg,12,23.588339,-17.085503
guitet_12.jpg,12,23.50723,-16.314056
guitet_13.jpg,2,7.138638,17.069748
guitet_15.jpg,7,15.852802,-5.022674
guitet_16.jpg,6,-3.47031,24.84217
guitet_2.jpg,10,-11.427152,-17.950878
guitet_3.jpg,1,20.230726,5.206073
guitet_4.jpg,1,16.15756,18.604927
guitet_5.jpg,2,5.9760466,17.72798
guitet_6.jpg,2,-8.786206,3.24914
guitet_7.jpg,6,-10.102937,6.766343
guitet_9.jpg,6,-12.334831,19.82394
gujral_1.jpg,7,-8.457599,-12.990177
gutai_1.jpg,10,-13.15411,-10.559864
gysin_1.jpg,4,-23.977325,-0.19640839
gysin_10.jpg,13,23.654257,8.395804
gysin_11.jpg,6,-12.369693,18.798634
gysin_2.jpg,6,-10.786652,23.411787
gysin_6.jpg,10,-8.001893,-1.5393862
gysin_7.jpg,6,-10.819786,22.86631
gysin_8.jpg,2,-9.412903,-0.5050973
gysin_9.jpg,10,-7.7199993,-2.354614
halley_1.jpg,13,30.80831,3.1823137
hammons_1.jpg,2,-17.618084,19.918013
hantai_1.jpg,8,6.251715,0.19796619
hantai_2.jpg,13,-16.572355,-15.315192
hantai_4.jpg,6,-17.382334,19.115082
hantai_5.jpg,9,2.4083486,4.6557136
hantai_6.jpg,4,-16.61021,-15.367458
hantai_7.jpg,4,-16.930391,-3.2995605
hantai_8.jpg,9,7.5858502,7.0398154
haring_12.jpg,4,-26.587042,-7.3254066
hartung_1.jpg,10,-24.181747,2.2181299
hartung_10.jpg,7,5.467647,-13.518602
hartung_11.jpg,10,-18.709164,-19.515173
hartung_12.jpg,11,22.884161,-20.664371
hartung_13.jpg,6,-9.1641445,22.411768
hartung_14.jpg,9,3.5012407,8.832912
hartung_15.jpg,3,34.602734,-12.775416
hartung_16.jpg,3,34.731266,-12.601513
hartung_17.jpg,2,-9.911245,15.902584
hartung_18.jpg,7,0.36815643,-18.987677
hartung_19.jpg,6,-25.15996,4.63612
hartung_2.jpg,4,-19.777357,-9.527516
hartung_20.jpg,2,-22.491577,-11.1946
hartung_21.jpg,6,-4.118244,23.266548
hartung_22.jpg,10,-22.667593,-13.7487135
hartung_23.jpg,13,7.4194365,-2.8544579
hartung_24.jpg,4,-26.73061,2.0170083
hartung_25.jpg,10,-10.198097,-11.344182
hartung_26.jpg,11,11.635894,-20.521694
hartung_27.jpg,2,-17.563984,8.543072
hartung_28.jpg,2,-22.696062,-11.538279
hartung_29.jpg,4,-22.577332,-12.7861185
hartung_3.jpg,14,-10.423361,30.672712
hartung_30.jpg,7,-1.2952793,-13.375141
hartung_31.jpg,4,-27.595676,-9.006322
hartung_32.jpg,4,-20.526045,-8.349904
hartung_33.jpg,10,-22.652761,-16.673225
hartung_4.jpg,10,-1.7300428,4.2059093
hartung_5.jpg,4,-22.638506,-16.507843
hartung_6.jpg,5,17.071562,7.961631
hartung_7.jpg,0,-5.852889,-20.393047
hartung_8.jpg,12,24.43383,-20.64535
hartung_9.jpg,14,-10.501709,27.589079
hartung_98.jpg,7,4.852011,-12.320849
ha_1.jpg,11,18.70091,-24.28617
ha_2.jpg,9,3.9354305,5.2686186
helion_1.jpg,7,6.5257673,11.320272
helion_2.jpg,13,23.999844,1.3040022
helion_20.jpg,2,-26.791248,11.781816
helion_21.jpg,11,23.785948,-7.1502542
helion_22.jpg,2,6.7831845,11.87389
helion_23.jpg,13,24.863922,3.6276953
helion_3.jpg,7,12.02667,-5.825799
helion_4.jpg,7,22.30221,-9.205225
helion_5.jpg,2,-26.790709,11.782713
helion_55.jpg,13,28.802439,3.5224414
helion_56.jpg,13,29.173004,6.6974216
helion_57.jpg,13,24.365509,2.2076185
helion_58.jpg,7,9.646782,-8.729576
helion_59.jpg,7,10.130904,-12.366888
helion_60.jpg,9,19.520884,7.1172805
helion_61.jpg,7,22.310207,-9.1842785
hemery_1.jpg,10,3.868131,-11.609408
henschel_1.jpg,11,20.295603,-17.38678
henschel_2.jpg,7,4.1250887,-5.46886
henschel_3.jpg,10,9.55699,-9.900866
henschel_4.jpg,7,10.189951,-13.078292
henschel_5.jpg,3,32.988686,-13.083925
henschel_6.jpg,11,17.070715,-14.047868
herbin_1.jpg,11,18.797474,-10.152298
herbin_26.jpg,11,21.998945,-3.24849
herbin_27.jpg,11,17.096668,-8.833421
herbin_28.jpg,10,-2.3125448,-5.8357763
herbin_3.jpg,8,14.553181,-0.17923005
herbin_31.jpg,13,22.551794,-3.2938454
herbin_37.jpg,12,26.842709,-16.32285
herbin_39.jpg,7,7.790612,-14.83362
herbin_4.jpg,12,29.734335,-14.799227
herbin_40.jpg,9,9.865872,-3.8469207
herbin_41.jpg,9,-1.9719591,8.853535
herbin_42.jpg,5,1.2473438,25.737347
herbin_5.jpg,1,32.205414,1.6132145
herbin_6.jpg,1,6.236509,23.78684
herbin_7.jpg,13,28.182077,9.232291
herbin_8.jpg,1,28.919325,-1.2689004
herbin_9.jpg,11,20.517523,-23.534252
herrera_1.jpg,3,21.403908,21.306198
herrera_2.jpg,6,-12.61742,11.947102
herrera_3.jpg,0,12.480999,13.222319
hong_1.jpg,8,7.7355,-0.53517884
horlain_1.jpg,11,16.113436,-12.965144
horlain_2.jpg,11,16.713335,-12.141216
horlain_3.jpg,10,9.482294,-1.8282785
horlain_4.jpg,9,17.65825,5.667416
hugo_1.jpg,2,-15.630511,10.62731
hugo_2.jpg,2,-16.498652,-24.836329
hugo_3.jpg,7,2.6237938,-6.325988
hugo_4.jpg,2,-15.662668,10.56162
huitric-nahas_1.jpg,4,-29.684978,-8.870277
hume_1.jpg,3,5.0963273,-17.618975
humphries_1.jpg,4,-30.332478,-3.9239857
humphries_2.jpg,4,-28.683617,-4.654428
huszar_1.jpg,13,24.817877,3.8400152
huszar_2.jpg,13,31.113321,5.95556
iannone_10.jpg,4,-26.26924,-6.6839495
iannone_5.jpg,4,-15.991349,-12.798946
iannone_6.jpg,0,8.853576,-27.900356
iannone_7.jpg,0,9.809747,16.104406
iannone_8.jpg,7,27.12126,-9.703804
iannone_9.jpg,1,18.044218,4.4755893
ismael_1.jpg,7,12.153445,-9.17829
isou_1.jpg,4,-16.263784,-8.199512
istrati_1.jpg,10,-11.848585,-11.461544
janco_1.jpg,10,-8.027306,-6.849818
janicot_1.jpg,2,-15.127763,11.992438
jaray_1.jpg,2,-2.4818106,18.511375
jemek_1.jpg,14,-11.272702,31.082687
johns_1.jpg,2,-17.325306,12.5182
joong_1.jpg,7,3.343043,-22.675161
jorn_1.jpg,10,-2.1571472,-8.832284
jorn_2.jpg,10,1.4428991,-9.740549
jorn_3.jpg,2,-16.415728,-4.026572
joung_1.jpg,6,-6.16214,25.474705
jung_1.jpg,4,-18.909954,-8.03656
kablat_1.jpg,9,-15.652809,6.1398234
kadiweu_1.jpg,10,7.312972,-20.573837
kagaya_1.jpg,4,-24.159317,-13.123911
kagaya_2.jpg,4,-24.332453,-13.178378
kallos_1.jpg,14,-10.860934,29.543793
kallos_2.jpg,10,2.9174464,-12.310439
kalt_1.jpg,6,-10.730353,9.77322
kandinsky_1.jpg,2,14.435772,11.374677
kandinsky_10.jpg,10,-4.3455,9.624473
kandinsky_11.jpg,9,0.70953983,11.798329
kandinsky_12.jpg,10,11.016588,-0.06488417
kandinsky_13.jpg,10,-1.3665901,-7.0100837
kandinsky_14.jpg,11,20.088583,-21.798204
kandinsky_16.jpg,10,-3.6324296,-11.074238
kandinsky_17.jpg,0,-5.5068493,-25.10836
kandinsky_18.jpg,6,-5.608664,8.02848
kandinsky_19.jpg,9,2.64005,6.37682
kandinsky_2.jpg,11,12.829414,-11.253964
kandinsky_20.jpg,11,20.069866,-8.524295
kandinsky_21.jpg,10,-3.0881443,-14.519756
kandinsky_22.jpg,6,-8.13995,12.739783
kandinsky_23.jpg,2,-6.8148627,-19.545021
kandinsky_24.jpg,2,9.21839,9.064478
kandinsky_25.jpg,3,35.540424,-11.957747
kandinsky_3.jpg,9,-0.674238,6.009562
kandinsky_4.jpg,0,-5.939294,-26.217701
kandinsky_5.jpg,2,4.010663,-1.0237886
kandinsky_6.jpg,10,-4.2193837,9.098523
kandinsky_7.jpg,10,-3.6656382,11.894064
kandinsky_8.jpg,9,2.0719213,3.167086
kandinsky_9.jpg,9,7.601683,1.0052978
kapus_1.jpg,10,-3.7931783,2.782458
katsura_1.jpg,4,-21.68055,-2.1665258
katsura_2.jpg,4,-17.373726,0.08511136
katsura_3.jpg,13,23.73543,8.614937
kazuo_1.jpg,7,3.5719295,-20.860611
kelly_1.jpg,1,24.271797,-2.2329645
kelly_10.jpg,2,6.4432297,18.719427
kelly_11.jpg,6,1.7308645,19.996767
kelly_12.jpg,1,26.226109,-2.837217
kelly_13.jpg,5,3.3337102,28.754442
kelly_14.jpg,5,21.499374,20.045258
kelly_15.jpg,2,-7.000911,-19.117971
kelly_2.jpg,0,11.413369,9.7184105
kelly_3.jpg,0,-4.711546,27.61687
kelly_4.jpg,10,0.24377567,-11.414829
kelly_5.jpg,14,-12.086018,27.569387
kelly_6.jpg,12,26.197092,-20.099894
kelly_7.jpg,14,-3.2187004,33.81441
kelly_8.jpg,12,29.198639,-19.182518
kelly_9.jpg,11,-8.353438,-14.968947
kemeny_1.jpg,4,-24.542402,-2.6818507
kera_1.jpg,10,-18.537678,-11.088133
kerouac_1.jpg,6,-10.544253,23.4658
keseru_1.jpg,11,18.06022,-21.398966
khanna_1.jpg,10,-8.069176,-11.572606
khanna_2.jpg,2,-9.938169,-6.803494
khanna_3.jpg,2,-14.260423,-0.719474
khanna_4.jpg,11,16.71541,-19.827648
khanna_5.jpg,2,-14.736072,-0.40377718
khanna_6.jpg,10,-8.129729,-14.285979
khanna_7.jpg,4,-10.775104,-6.819091
khidekel_1.jpg,13,23.63672,-4.4997697
khidekel_2.jpg,14,-9.132285,30.518654
kiefer_1.jpg,4,-15.705809,-1.4574178
kiefer_2.jpg,4,-21.393488,-5.5543585
kiefer_3.jpg,4,-21.7214,-5.129634
kiefer_4.jpg,4,-21.291847,-5.3168936
kijno_1.jpg,9,19.33438,16.158464
kim_1.jpg,4,-28.443052,-9.545566
kim_2.jpg,2,-15.361171,-3.2644918
kim_4.jpg,4,-24.474775,-8.947922
kim_5.jpg,10,4.4327407,-2.2977865
kim_6.jpg,10,0.79136837,-6.8018217
kim_7.jpg,2,-13.311357,-16.819214
kim_8.jpg,8,6.76185,5.5850654
kirchberger_1.jpg,14,-5.1870837,31.91763
klee_1.jpg,2,-12.67772,5.19504
klee_10.jpg,13,21.88587,4.0469584
klee_11.jpg,13,28.13173,3.0891912
klee_2.jpg,6,-3.798532,20.213896
klee_22.jpg,4,-29.591335,-3.530711
klee_23.jpg,6,-20.522322,20.26076
klee_25.jpg,14,-11.2236805,31.351393
klee_26.jpg,14,-8.447111,26.026222
klee_32.jpg,4,-17.152895,-0.70889765
klee_33.jpg,4,-16.79481,-0.64358765
klee_9.jpg,6,3.5922165,12.769418
klein_1.jpg,6,-6.389035,6.3691974
klein_2.jpg,7,22.030624,-6.551003
klein_3.jpg,5,3.8931723,17.971268
klucis_1.jpg,7,4.735727,-16.252962
kossof_1.jpg,4,-20.71798,-4.820175
kotnik_1.jpg,11,16.763935,-11.362314
koudriachov_1.jpg,9,8.700457,-7.4147334
koudriachov_2.jpg,0,-1.0801182,11.376769
ko_1.jpg,2,-14.961164,3.931464
krasner_1.jpg,4,-18.916162,-13.538292
krasner_2.jpg,10,-18.764748,-14.026013
kregar_1.jpg,6,-5.88044,15.719814
kregar_2.jpg,6,-4.941885,15.7497
kulmer_1.jpg,2,-14.620881,-2.346459
kum_1.jpg,10,11.593723,-16.49866
kupka_1.jpg,12,26.16377,-19.63777
kupka_10.jpg,7,7.491632,-11.62595
kupka_11.jpg,11,15.021272,-23.005688
kupka_12.jpg,10,-0.9708412,-10.938697
kupka_13.jpg,11,21.215912,-18.775414
kupka_14.jpg,0,4.027563,0.6317273
kupka_17.jpg,11,18.028042,-18.7829
kupka_2.jpg,11,21.662485,-18.639158
kupka_3.jpg,10,7.542306,-23.169962
kupka_4.jpg,10,-1.9313583,-17.322424
kupka_5.jpg,10,-0.18804881,-14.701047
kupka_6.jpg,9,-2.4703968,10.674268
kupka_7.jpg,10,-5.6338186,-7.5646687
kupka_8.jpg,12,21.368158,-20.352564
kupka_9.jpg,11,14.906998,-18.664936
kwon_1.jpg,10,-13.055125,-3.3062658
la-bourdonnaye_1.jpg,5,-6.760877,23.240005
labs_1.jpg,4,-27.073925,-2.382422
laloy_1.jpg,4,-28.683764,1.3528091
lamarche_1.jpg,10,19.96473,16.058691
lamba_1.jpg,6,-9.0927105,20.410837
lanyon_1.jpg,10,7.317921,-9.297799
lanyon_2.jpg,11,14.286434,-12.227338
laubies_1.jpg,6,-11.962951,23.43043
laubies_2.jpg,7,4.2160687,-3.9358943
lazzari_1.jpg,4,-22.934557,-11.027644
le-corbusier_1.jpg,9,0.82043767,3.6845326
le-moal_2.jpg,10,-0.4976625,-1.0618376
le-moal_4.jpg,9,5.672125,4.8401384
le-parc_1.jpg,6,-18.960104,23.559877
le-parc_2.jpg,11,-3.2058938,-19.14825
le-parc_3.jpg,9,33.444096,-9.053431
leadbeater_1.jpg,7,6.58372,-19.144173
leadbeater_2.jpg,7,6.498165,-19.143017
leadbeater_3.jpg,10,5.854755,-0.24452412
leclercq_1.jpg,9,16.534868,8.483958
lee_1.jpg,2,-12.6786585,5.192677
lee_2.jpg,6,-3.8007896,20.224867
lee_3.jpg,10,-7.727754,-6.5044694
lee_4.jpg,14,8.642628,30.950447
lee_5.jpg,9,3.7368472,8.93812
lee_6.jpg,8,12.166349,1.8619857
leger-f_16.jpg,10,5.367656,-11.334903
leger-f_17.jpg,11,14.538822,-17.309118
leger-f_21.jpg,11,26.708529,0.26348755
leger-f_23.jpg,10,8.598709,-4.5160294
leger-f_24.jpg,13,26.57984,6.7803326
leger-f_25.jpg,10,4.271624,-10.686185
leger-f_40.jpg,13,31.73621,4.5131674
leger-f_41.jpg,11,13.834892,-25.641066
leger-f_6.jpg,4,-21.288666,-13.342785
leger-f_7.jpg,10,12.01246,-22.846102
leger-f_8.jpg,10,11.410313,-22.700048
leger-f_9.jpg,11,17.51468,-23.737074
leger-n_10.jpg,7,18.588093,-12.977453
leger-n_11.jpg,8,10.513512,-9.765658
leger-n_25.jpg,7,13.508145,-15.389059
leger-n_27.jpg,7,32.467873,-13.153883
leger-n_30.jpg,11,16.605095,-25.949532
leger-n_31.jpg,7,8.188219,-28.320078
leger-n_33.jpg,9,8.279743,3.7841954
leger-n_34.jpg,7,8.274766,-28.261087
leger-n_35.jpg,9,7.492518,3.46213
leger-n_36.jpg,2,7.067692,-5.866926
leger-n_37.jpg,0,-6.367112,-26.460518
leger-n_6.jpg,12,25.86286,-18.277952
leger-n_7.jpg,7,13.504285,-15.39136
lemonnier_1.jpg,4,-25.222166,-7.7951846
lemonnier_2.jpg,13,30.47788,12.064728
lerin_1.jpg,9,5.6290803,8.744333
lerin_2.jpg,8,6.0734425,8.696717
leroy_11.jpg,4,-19.996386,-4.1145215
leroy_12.jpg,4,-20.25411,-5.862685
leroy_13.jpg,4,-19.644411,-6.059501
leroy_14.jpg,4,-18.273706,-4.5649233
leroy_16.jpg,4,-18.293709,-3.8314657
leroy_17.jpg,4,-15.05436,-4.1683235
leroy_18.jpg,4,-23.531544,-7.6064034
leroy_19.jpg,4,-20.700674,-7.26033
leroy_2.jpg,4,-17.670097,-6.317677
leroy_20.jpg,6,-18.577408,1.6498035
leroy_21.jpg,4,-18.456274,1.3154358
leroy_4.jpg,4,-19.250301,-6.021809
leroy_7.jpg,4,-20.07459,-4.683916
leroy_8.jpg,4,-17.073177,-4.54267
leroy_9.jpg,4,-14.291894,-7.4222302
lesage_11.jpg,2,-19.985132,5.65454
lesage_12.jpg,2,-20.231962,4.9456167
lesage_13.jpg,4,-21.6818,-7.997618
lesage_14.jpg,4,-20.012568,5.4609094
lesage_15.jpg,2,-20.257511,4.9195642
lesage_24.jpg,4,-23.929953,-6.2558026
lesage_3.jpg,4,-23.514452,-6.8200965
lesage_4.jpg,4,-24.481567,-7.219115
lesage_5.jpg,11,-26.173792,-14.629465
lesage_7.jpg,4,-26.148731,-13.9286995
lesage_9.jpg,4,-26.028404,-13.87088
leslie_1.jpg,6,-1.1368456,20.832378
lewis_1.jpg,7,-9.110042,-11.008851
lichtenberg-1.jpg,4,-20.896463,-9.816179
lichtenberg-2.jpg,4,-11.100129,-13.372816
lichtenberg-3.jpg,10,-11.058629,-13.519702
licini_1.jpg,2,-8.980676,-17.727322
licini_2.jpg,2,-4.5942855,6.025206
licini_3.jpg,5,3.5406876,25.618069
lipchitz_9.jpg,8,14.020041,2.2295887
loazzari_2.jpg,2,-13.425177,1.9098837
long_1.jpg,2,-11.31077,2.1285906
loubchansky_1.jpg,1,28.388597,-3.4239757
loubchansky_2.jpg,2,-2.3153427,-0.2414312
loubchansky_3.jpg,3,13.744914,17.225233
lupertz_1.jpg,0,-3.6803627,13.167749
lussigny_1.jpg,13,23.456089,14.058541
lussigny_2.jpg,5,22.745705,14.473626
maar_16.jpg,14,-7.841174,28.273539
maar_17.jpg,0,-0.47713852,13.513863
maar_18.jpg,6,-18.429962,9.375314
maar_19.jpg,6,-18.47668,8.556957
maar_20.jpg,13,25.083193,6.3049994
maar_21.jpg,10,8.175153,-12.065322
maar_22.jpg,10,-3.917073,-18.598232
maar_23.jpg,6,-9.048642,19.236605
magnelli_1.jpg,9,-4.6941257,6.3607993
magnelli_10.jpg,1,17.524958,1.2474649
magnelli_2.jpg,11,17.429296,-9.088691
magnelli_3.jpg,9,10.804545,20.470804
magnelli_4.jpg,7,13.83318,-9.323846
magnelli_5.jpg,7,13.789299,-10.087911
magnelli_6.jpg,13,29.892656,1.4847499
magnelli_7.jpg,12,29.513512,-14.500088
magnelli_8.jpg,14,20.080301,11.009033
magnelli_9.jpg,5,-6.7912984,25.192543
malaprade_1.jpg,1,26.43851,-3.2295153
malaprade_2.jpg,13,31.873543,2.4673572
malaprade_3.jpg,13,30.736496,5.375191
malevitch_1.jpg,1,23.49901,-2.0036204
malevitch_10.jpg,10,-1.6628101,-10.608225
malevitch_11.jpg,1,24.669613,-2.2070506
malevitch_12.jpg,10,-1.6650281,-4.2556777
malevitch_2.jpg,0,-2.1150281,12.699677
malevitch_3.jpg,11,19.5128,-7.3771915
malevitch_4.jpg,13,30.689253,11.790717
malevitch_7.jpg,11,6.286172,-11.762573
malevitch_8.jpg,7,7.619794,-16.4347
mallo_2.jpg,11,17.565836,-16.40431
mallo_3.jpg,2,4.191406,13.538678
manessier_1.jpg,11,19.37444,-19.835272
manessier_2.jpg,12,25.216722,-18.355766
manessier_3.jpg,11,21.49553,-12.904819
manzoni_1.jpg,6,-13.703234,18.738409
marclay_1.jpg,4,-19.601933,-12.095325
marclay_2.jpg,9,21.803568,3.9686878
marclay_3.jpg,11,33.3484,-11.367598
marclay_4.jpg,4,-18.661348,7.8471065
marclay_5.jpg,10,-5.8111405,-12.030125
marclay_6.jpg,4,-25.551987,0.5445228
marclay_7.jpg,10,-9.196171,-9.763082
marclay_9.jpg,10,-18.415956,7.369253
marden_1.jpg,12,27.933685,-15.901317
marden_2.jpg,10,-6.704634,-4.4057055
marden_3.jpg,4,-19.171686,-12.273407
marfaing_1.jpg,9,-10.475022,8.827336
marfaing_2.jpg,5,0.63533413,31.235653
marfaing_3.jpg,10,-1.9670544,2.1168184
marfaing_4.jpg,5,0.7215429,31.313955
marquette_1.jpg,13,22.896309,7.0453544
massanet_1.jpg,14,-8.981197,27.013378
masson_1.jpg,2,-9.370756,-3.3488553
masson_11.jpg,6,-7.5889363,20.118307
masson_12.jpg,9,5.867214,5.0237045
masson_13.jpg,9,-1.8843852,8.262598
masson_2.jpg,10,1.0320657,-5.6312633
masson_4.jpg,10,-3.2135804,-9.480886
masson_5.jpg,2,2.0456722,14.216051
masson_8.jpg,2,-9.888912,-8.707699
mathieu_1.jpg,6,-3.7994275,21.976454
mathieu_10.jpg,10,-18.05053,-9.70812
mathieu_16.jpg,2,4.688351,-3.8004334
mathieu_19.jpg,13,26.80965,12.890174
mathieu_27.jpg,2,-15.495796,0.79249483
mathieu_3.jpg,10,-10.210775,-12.13362
mathieu_5.jpg,10,-6.477201,-11.189929
mathieu_7.jpg,10,2.5181243,-12.616977
matisse_20.jpg,9,15.259644,13.89326
matta_1.jpg,6,4.227205,21.733658
matta_2.jpg,9,-10.7620735,4.8460183
matta_3.jpg,2,-6.2911344,2.0851862
matta_4.jpg,6,-7.2524657,9.509971
matta_5.jpg,10,-7.0301795,8.980016
matta_6.jpg,2,-10.651195,4.7276626
mauri_1.jpg,13,32.517666,6.8444586
mehadji_10.jpg,9,7.869799,7.501611
mehadji_11.jpg,6,-20.746296,5.7110634
mehadji_16.jpg,2,6.0253196,6.6623855
mehadji_17.jpg,9,5.8899446,6.681808
mehadji_18.jpg,9,1.5228128,8.733354
mehadji_2.jpg,9,-1.4835334,6.902592
mehadji_30.jpg,7,-3.2115734,-23.966022
mehadji_32.jpg,1,17.937222,-4.0062003
mehadji_6.jpg,6,-22.598032,3.8685713
mehretu_1.jpg,10,-5.920922,-15.748721
meijer_1.jpg,0,-7.3850265,14.08211
meijer_2.jpg,7,19.088572,-0.34788555
melehi_1.jpg,8,14.891468,-3.3757951
merz_1.jpg,5,-2.430027,29.551659
messagier_1.jpg,6,-7.543476,19.89089
messagier_2.jpg,6,-8.203639,11.415461
messagier_3.jpg,10,9.082495,-1.8198745
meurice_1.jpg,12,27.37064,-18.53912
michaux_1.jpg,6,-6.700374,22.53802
michaux_11.jpg,4,-21.21547,-1.3552183
michaux_12.jpg,6,1.4845201,16.591928
michaux_13.jpg,4,-20.934502,-0.9807785
michaux_14.jpg,2,-9.708276,3.3129416
michaux_15.jpg,9,-5.076669,13.163829
michaux_2.jpg,6,-29.415932,4.954102
michaux_3.jpg,10,-19.340086,-17.453758
michaux_4.jpg,10,-21.016222,-13.960496
michaux_5.jpg,10,-8.970929,-7.5358768
michaux_6.jpg,6,-14.250885,13.441968
michaux_7.jpg,9,-28.024633,6.972949
millares_1.jpg,9,-12.413784,-15.066191
minoru_1.jpg,4,-26.903938,-4.0443363
min_1.jpg,11,21.189224,-11.192754
min_10.jpg,11,21.453709,-10.819684
min_2.jpg,13,24.261873,0.38339096
min_3.jpg,11,20.808374,-11.2518
min_4.jpg,12,22.548685,-16.566168
min_5.jpg,4,-20.86255,-10.208052
min_6.jpg,11,15.503935,-9.113913
min_7.jpg,9,2.9113579,-2.4035172
min_8.jpg,7,4.9541206,-2.041827
min_9.jpg,9,-10.168083,14.412855
miro_1.jpg,2,-14.488548,13.523196
miro_10.jpg,7,5.6983438,-4.648296
miro_11.jpg,9,6.874161,-4.429864
miro_12.jpg,9,3.9462285,22.677011
miro_13.jpg,2,-7.971886,0.0445306
miro_14.jpg,4,-15.18597,-9.183409
miro_16.jpg,10,-8.203933,-3.9662278
miro_2.jpg,10,-14.975075,-9.208386
miro_3.jpg,2,15.904381,22.272251
miro_4.jpg,2,15.926364,22.264013
miro_5.jpg,2,15.813476,22.345524
miro_7.jpg,10,-14.94482,-9.687459
miro_8.jpg,2,-13.096156,0.4338054
miro_9.jpg,7,13.64297,-8.430409
mitchell_1.jpg,10,-4.2779865,-5.0213776
mitchell_10.jpg,6,-2.1955028,10.675597
mitchell_11.jpg,6,-9.067739,9.695071
mitchell_12.jpg,10,-8.997293,8.906888
mitchell_13.jpg,9,1.4851512,5.411901
mitchell_14.jpg,10,-2.6303647,-6.8742023
mitchell_15.jpg,10,2.512638,-9.417186
mitchell_16.jpg,10,-7.231257,-8.532247
mitchell_17.jpg,10,-13.707565,7.2593427
mitchell_18.jpg,10,-0.7666825,4.886908
mitchell_19.jpg,10,-4.9493523,1.1471438
mitchell_2.jpg,4,-22.241695,-0.37486005
mitchell_20.jpg,7,2.922636,-7.4834576
mitchell_21.jpg,10,-2.8641374,-7.6114187
mitchell_22.jpg,11,18.579853,-11.209053
mitchell_23.jpg,10,19.285175,-10.528048
mitchell_24.jpg,6,-7.7078733,15.662446
mitchell_25.jpg,10,2.2169292,-8.324369
mitchell_26.jpg,1,14.786827,-8.702986
mitchell_27.jpg,10,-3.6356254,-6.7279377
mitchell_28.jpg,10,-1.3955549,-6.096522
mitchell_29.jpg,10,-3.1381319,-5.7091336
mitchell_3.jpg,6,-7.216429,11.333795
mitchell_30.jpg,11,18.728136,-21.138695
mitchell_31.jpg,10,14.272857,-22.063854
mitchell_4.jpg,6,-7.8545394,11.09064
mitchell_5.jpg,10,-8.638079,10.216338
mitchell_6.jpg,10,-9.482876,9.214972
mitchell_7.jpg,6,-12.227833,11.97104
mitchell_8.jpg,10,-0.45090646,5.046343
mitchell_9.jpg,4,-11.818158,-10.548689
moholy-nagy_1.jpg,7,10.479227,15.667338
moholy-nagy_2.jpg,2,-6.732163,-22.379673
moignard_1.jpg,2,-3.1972811,-22.81979
moignard_2.jpg,10,-2.5348456,-15.695664
moignard_3.jpg,2,4.6102395,-6.6022453
moignard_4.jpg,7,3.9909964,-17.028055
molinero_1.jpg,4,-17.354414,-7.024113
molinero_2.jpg,4,-16.883717,-6.7922764
molnar_1.jpg,13,24.832817,12.891512
mondrian_10.jpg,13,21.620945,5.823654
mondrian_13.jpg,13,30.425516,7.365705
mondrian_14.jpg,13,33.009907,5.2784233
mondrian_15.jpg,13,32.68214,5.722326
mondrian_16.jpg,13,27.482351,5.3494654
mondrian_17.jpg,13,27.49561,5.2972655
mondrian_27.jpg,13,29.579735,5.9466057
mondrian_7.jpg,11,18.2799,-21.752338
mondrian_8.jpg,4,-21.551476,-12.219629
monory_1.jpg,6,-8.194269,17.975311
montalcini_1.jpg,4,-21.286192,-9.058014
montanier_1.jpg,11,19.500252,-2.1434252
montanier_2.jpg,9,0.5795213,6.855572
montanier_3.jpg,7,7.7204103,-15.1916065
montanier_4.jpg,11,19.918396,-13.162871
mont_1.jpg,14,-10.139549,32.11584
moon_1.jpg,4,-19.743792,-8.477785
morellet_1.jpg,4,-26.112001,-10.857128
morellet_2.jpg,13,31.445177,6.935012
morellet_3.jpg,3,8.552115,3.9990165
morellet_4.jpg,0,-1.8148315,12.751175
morellet_5.jpg,2,-14.776599,-20.233294
morellet_6.jpg,4,-27.468193,-10.851898
moreni_1.jpg,9,7.7291446,-9.615075
mortensen_1.jpg,3,6.6171145,3.348209
murillo_1.jpg,7,11.203077,-14.692573
music_1.jpg,2,-22.95926,-20.861517
music_2.jpg,2,-5.8824677,-2.132309
music_3.jpg,2,-9.23381,-1.8071827
napangardi_1.jpg,4,-27.542881,-11.91596
napangardi_2.jpg,4,-28.813282,-12.257564
napangardi_3.jpg,4,-28.710947,-12.175396
nasseri_1.jpg,4,-29.065779,-10.496201
nassyo_1.jpg,10,-6.6409335,-6.105431
nassyo_2.jpg,10,-6.377244,-6.092473
nay_1.jpg,10,-1.0707716,-5.5919275
nemours_1.jpg,3,28.610758,-10.614309
newman_1.jpg,3,28.411503,-8.0184765
newman_2.jpg,11,-24.181177,-14.42873
newman_3.jpg,11,13.700088,-27.11767
nishida_1.jpg,4,-24.558023,-10.57552
nkanga_17.jpg,9,3.6576912,1.1076639
nkanga_19.jpg,7,3.9059331,-21.434155
nkanga_25.jpg,8,13.166726,4.383236
nkanga_3.jpg,10,-11.052205,-9.66656
noel_1.jpg,0,10.547164,14.061655
noel_2.jpg,4,-20.907566,-2.905292
noel_3.jpg,4,-22.457233,-3.3678875
noel_4.jpg,4,-16.32205,-2.5766735
novelli_1.jpg,2,-19.628626,11.536091
oba_1.jpg,7,5.871069,-7.5785017
oehlen_1.jpg,6,8.549199,23.501537
oehlen_3.jpg,10,2.691716,-5.028961
oelze_1.jpg,10,-0.4357609,-1.6449232
okamura_1.jpg,10,-7.5938053,1.5328346
omigakuen_1.jpg,4,-27.360283,-6.132849
omigakuen_2.jpg,4,-32.611366,-8.432891
onslow-ford_1.jpg,10,13.096841,-12.354643
opoku_1.jpg,10,-4.153474,-13.336055
paek_1.jpg,2,20.20635,16.042887
pagava_1.jpg,14,-12.227443,21.355257
pagava_2.jpg,12,27.472454,-16.142199
pagava_3.jpg,6,-0.923687,22.703072
pagava_5.jpg,6,-8.69143,25.398762
pages_1.jpg,5,3.055188,27.249651
pages_99.jpg,6,-22.05513,8.242633
pailhorpe_1.jpg,6,-8.002138,16.735321
pailthorpe_1.jpg,6,-1.75672,17.50787
palencia_1.jpg,2,-5.852921,3.3037155
palencia_2.jpg,6,-12.622549,8.257599
palmer_1.jpg,4,-19.39222,-0.52399135
pannaggi_1.jpg,7,23.923168,-7.9162135
papazoff_1.jpg,2,1.3385184,-21.519724
paressant-tual_1.jpg,11,19.0181,-13.15349
park_1.jpg,10,-10.150692,6.7117662
parmeggiani_1.jpg,6,-1.7488128,15.32331
parmentier_1.jpg,5,-2.4502025,26.476786
parmentier_2.jpg,14,-14.514336,28.629297
patel_1.jpg,2,-6.649169,-2.5541868
paternosto_1.jpg,2,-9.118972,-15.366749
patricio_1.jpg,4,-29.630396,-5.36761
peire_1.jpg,12,26.392857,-20.663689
penone_1.jpg,4,-26.077532,-10.010286
perilli_1.jpg,11,16.182177,-18.60282
perl_1.jpg,0,0.7597062,12.972251
perrament_1.jpg,10,-1.0827172,-9.320794
petyarre_1.jpg,4,-24.65795,-10.619627
phase-2_1.jpg,9,4.0146065,7.300365
picabia_1.jpg,2,11.372853,16.404871
picabia_10.jpg,10,0.65418035,-3.0712714
picabia_2.jpg,7,0.28988653,-20.861511
picabia_3.jpg,10,10.284106,-5.72129
picabia_4.jpg,6,-11.1622,-18.578169
picabia_5.jpg,2,14.17598,8.934796
picabia_6.jpg,11,19.535378,-4.147931
picabia_7.jpg,2,10.443116,14.248418
picasso_1.jpg,11,25.229584,-15.333301
picasso_11.jpg,7,10.34097,-14.297355
picasso_12.jpg,11,25.226742,-15.33014
picasso_2.jpg,2,-1.8283544,17.59434
picasso_23.jpg,10,-13.804384,-7.1380057
picasso_4.jpg,10,-0.5058515,-3.30726
picasso_6.jpg,10,-0.93462247,-3.8925672
piffaretti_1.jpg,13,31.222633,7.8956485
piffaretti_2.jpg,13,26.347704,7.644052
piffaretti_3.jpg,3,29.559826,-10.215929
podgornik_1.jpg,10,-4.398062,-0.4068531
poliakoff_2.jpg,7,11.517281,-6.1654363
poliakoff_3.jpg,9,5.2703667,21.080626
poliakoff_4.jpg,2,15.580264,10.039802
poliakoff_5.jpg,7,16.809372,11.24148
poliakoff_6.jpg,10,0.30791435,-5.1634946
poliakof_1.jpg,2,15.729577,10.121732
polke_1.jpg,2,-9.8486595,-2.660202
polke_2.jpg,10,0.77373505,-6.1998487
polke_3.jpg,14,-8.235949,29.718481
polke_4.jpg,13,21.146713,7.632696
pollock-3.jpg,4,-31.654015,-11.407944
pollock_1.jpg,4,-26.63713,-8.909504
pollock_10.jpg,4,-32.159054,-11.171072
pollock_12.jpg,4,-30.863651,-11.030355
pollock_13.jpg,4,-31.96256,-11.533889
pollock_2.jpg,4,-16.487894,-9.992049
pollock_4.jpg,4,-32.268314,-11.643076
pollock_5.jpg,4,-31.656605,-11.124647
pollock_7.jpg,4,-32.48634,-11.453363
pollock_8.jpg,4,-32.025246,-11.17582
pollock_9.jpg,4,-31.9413,-10.925129
pons_1.jpg,7,23.329287,5.2253942
popova_1.jpg,7,10.412568,-27.026064
popova_2.jpg,10,-4.880298,-10.665293
popova_3.jpg,10,-4.1517587,-9.253127
prampolini_1.jpg,5,3.100251,23.54604
prampolini_2.jpg,6,-4.7258606,11.033745
prampolini_3.jpg,9,3.9365234,2.8590097
prampolini_4.jpg,7,10.927776,-6.817432
prampolini_5.jpg,9,-1.3955314,7.732539
pressager_1.jpg,10,0.59555334,-9.948728
pressager_2.jpg,10,0.46447662,-9.859392
prevati_1.jpg,5,-2.205797,29.753508
proweller_1.jpg,7,28.627888,-8.711269
rae_1.jpg,10,-3.517338,-4.4262166
rahon_1.jpg,4,-16.771244,-10.584292
rahon_2.jpg,4,-23.353107,-10.496151
rama_1.jpg,2,-16.995361,-5.231638
rama_2.jpg,6,-11.250178,20.998419
rama_3.jpg,14,-9.328838,28.814556
rawsthorne_1.jpg,11,20.708088,-17.223753
redon_2.jpg,2,-23.023191,-20.839598
redon_3.jpg,2,-23.008718,-20.836832
reggiani_1.jpg,0,3.2450342,-29.201658
reigl_1.jpg,6,-14.17124,19.145926
reigl_2.jpg,10,-8.619163,-25.615007
reigl_3.jpg,9,4.102879,4.9288554
reigl_4.jpg,9,3.964162,5.1453424
reigl_5.jpg,7,16.139572,12.414181
reth_1.jpg,2,-14.339149,-2.4141715
reth_2.jpg,7,13.291845,-13.715589
reth_3.jpg,7,10.736311,-11.372071
reutersvard_1.jpg,7,16.18191,11.259235
reutersvard_2.jpg,0,-4.792503,-15.165984
rheingantz_1.jpg,10,-8.270482,-0.30258307
richter_1.jpg,14,-14.904168,24.995764
richter_10.jpg,6,-11.670756,13.929247
richter_11.jpg,6,-11.988821,14.960014
richter_12.jpg,2,-12.546847,14.725508
richter_13.jpg,4,-12.078022,-2.854232
richter_14.jpg,10,-11.98308,-2.8000224
richter_15.jpg,10,-1.3918934,-13.031106
richter_17.jpg,14,-2.5746741,24.932177
richter_2.jpg,13,30.995743,6.0075765
richter_3.jpg,11,17.417856,-19.85479
richter_4.jpg,10,-4.962206,-12.275949
richter_5.jpg,4,-12.8513775,-1.8447874
richter_6.jpg,4,-19.420984,-7.151164
richter_7.jpg,10,-0.731144,-12.501954
richter_8.jpg,10,-13.374902,-5.2952833
richter_9.jpg,10,-13.3693905,-5.2974505
riley_98.jpg,12,28.4481,-21.272709
riley_99.jpg,12,28.43363,-21.270802
ripoulin_1.jpg,4,-26.16451,-6.072052
ristori_1.jpg,13,1.3763363,21.485058
ristori_2.jpg,13,29.514761,11.854976
ristori_3.jpg,10,3.602471,-13.691611
ristori_4.jpg,10,-3.2430944,-7.782285
ristori_5.jpg,6,-6.7997627,17.167406
ristori_6.jpg,10,-3.7340453,-18.428514
ristori_7.jpg,6,-10.368243,9.346182
rist_1.jpg,13,25.024475,-13.9796295
roche_1.jpg,10,1.9670093,-17.091896
rodtchenko_.jpg,7,21.719818,17.773651
rodtchenko_1.jpg,8,15.368833,0.51399064
rodtchenko_3.jpg,7,9.723224,-16.084278
rondinone_1.jpg,8,15.393046,2.7515311
rossiter_1.jpg,5,1.3759985,31.922253
rotella_1.jpg,2,-11.745393,-0.096153505
rotella_2.jpg,10,-11.556032,-0.031475518
rothko_1.jpg,10,-2.771022,5.8126884
rothko_11.jpg,6,8.838089,23.297483
rothko_20.jpg,10,4.4504614,-7.5244107
rothko_21.jpg,10,-2.3771753,5.5045667
rothko_24.jpg,5,5.7282047,23.89541
rothko_26.jpg,10,0.40721437,1.8398619
rothko_27.jpg,10,-2.97679,4.3277173
rothko_28.jpg,10,4.55134,-7.7110825
rothko_29.jpg,6,-14.365359,18.090693
rothko_30.jpg,10,4.6753087,-8.294881
rothko_31.jpg,10,0.53775465,1.7325215
rothko_32.jpg,10,4.149312,-8.816082
rothko_33.jpg,11,7.056587,-10.325372
rothko_34.jpg,10,3.6761472,-9.1685705
rothko_35.jpg,6,-6.136986,11.969125
rothko_36.jpg,6,-4.1159987,15.371367
rothko_37.jpg,9,-3.962794,15.386196
rothko_38.jpg,10,6.7432365,-10.447457
rothko_39.jpg,11,30.539684,-5.212529
rothko_40.jpg,12,31.659805,-6.2256174
rothko_41.jpg,1,30.900454,-4.655634
rothko_42.jpg,1,31.692831,-3.8809037
rothko_43.jpg,6,9.117141,23.035618
rothko_44.jpg,1,31.35938,-4.194202
rothko_45.jpg,1,31.607536,-5.994158
rothko_46.jpg,1,13.258288,26.183039
rothko_47.jpg,1,11.659429,30.675457
rothko_48.jpg,1,10.681962,30.762756
rothko_49.jpg,1,11.900033,26.680845
rothko_50.jpg,14,-6.814271,28.788979
rothko_51.jpg,1,21.731867,-0.985235
rothko_52.jpg,14,10.402543,29.127354
rothko_53.jpg,1,29.723833,-2.5889862
rothko_54.jpg,1,10.465705,29.030577
rothko_55.jpg,1,11.721292,26.718233
rothko_56.jpg,1,10.766053,26.447199
rothko_57.jpg,1,7.461211,25.386576
rothko_58.jpg,9,4.942263,23.141659
rothko_59.jpg,1,13.341484,26.159567
rothko_60.jpg,8,10.101841,25.760382
rothko_61.jpg,1,11.360247,30.702751
rothko_62.jpg,1,30.443213,-2.5640867
rothko_63.jpg,14,9.088624,30.902845
rothko_64.jpg,14,9.721328,30.952707
rothko_65.jpg,14,-5.317534,29.719542
rothko_66.jpg,1,28.957296,-2.7019877
rothko_67.jpg,7,13.495785,-4.536285
rothko_68.jpg,11,18.723213,-16.827793
rothko_69.jpg,2,10.002206,25.131292
rothschild_1.jpg,10,1.6837097,-13.258569
rozanova_1.jpg,9,6.1173744,-5.8106217
rozanova_2.jpg,11,28.008913,-9.643139
ruff_1.jpg,14,-9.3338175,28.149406
ruggeri_1.jpg,9,-1.2466164,-22.354134
sabatier_1.jpg,10,-15.306301,-11.512883
saburo_1.jpg,10,0.20001379,-4.975692
sage_1.jpg,2,-17.377584,13.226815
sage_2.jpg,0,-4.372194,-0.3808862
saint-phalle_1.jpg,11,18.959589,-20.971748
saint-phalle_2.jpg,11,17.917665,-19.92745
saito_1.jpg,4,-26.649721,2.2159345
sander_1.jpg,2,-9.893052,0.6602166
sanfilippo_1.jpg,4,-15.765863,-13.157245
saroni_1.jpg,10,2.14858,-9.448033
saura_1 (2).jpg,9,-7.7968063,7.2570095
saura_1.jpg,9,-7.7920012,7.2598634
scheggi_1.jpg,5,1.4618528,28.466576
schifano_1.jpg,6,-10.474474,12.315936
schneider_1.jpg,7,8.677782,-11.8257265
schoffer_1.jpg,5,-2.1749725,25.92079
schonberg_1.jpg,5,2.0574992,27.944637
schonberg_2.jpg,5,21.494019,17.512712
schonberg_3.jpg,6,21.038488,17.443495
schoonhoven_1.jpg,14,-11.480141,31.309744
schumacher_1.jpg,2,2.1988182,-21.145287
schwitters_1.jpg,7,12.312209,-3.0487185
scott_1.jpg,2,11.65891,16.912481
seligmann.jpg,9,1.198371,-21.777044
senkine_1.jpg,7,-13.5555105,-23.661146
serusier_1.jpg,7,12.067424,-4.7795258
severini_1.jpg,10,-9.009517,-5.369098
seys_1.jpg,10,-7.072547,-4.2420125
shabazi_1.jpg,3,10.052322,31.607779
shanghai_1.jpg,6,-15.829182,15.122895
shanghai_10.jpg,6,-16.602169,18.441675
shanghai_11.jpg,6,-16.476955,18.724586
shanghai_2.jpg,2,-14.094611,-5.7836137
shanghai_3.jpg,6,-18.963741,15.006627
shanghai_4.jpg,2,-18.387045,14.087547
shanghai_6.jpg,4,-28.452494,-10.068566
shanghai_7.jpg,11,19.291346,-7.4118795
shanghai_8.jpg,6,-14.639663,16.38948
shanghai_9.jpg,2,-13.212632,17.066854
shemza_1.jpg,12,22.191498,-21.518995
shiraga_1.jpg,10,-7.970069,-9.967175
shiraga_2.jpg,10,-0.49155834,-8.168548
sima_1.jpg,2,-5.4105563,-1.4702301
sima_2.jpg,2,2.4164112,14.042218
simon_1.jpg,10,-8.671103,14.63078
simon_3.jpg,4,-24.676552,-5.362861
simon_6.jpg,4,-24.660702,-5.867583
singier_1.jpg,10,-3.7477102,-18.205856
singier_2.jpg,9,21.140549,6.5239935
singier_3.jpg,11,20.930826,5.5063944
siqueiros_1.jpg,13,28.742285,1.9002312
sklavos_1.jpg,6,-11.801441,7.2519064
smith_1.jpg,4,-23.974474,-7.9329443
snyder_1.jpg,10,-3.7553477,-3.6144984
son_1.jpg,10,-12.458817,-7.047203
soto_1.jpg,10,-24.399296,2.7029097
soto_2.jpg,14,-6.1385274,33.450703
souietine_1.jpg,0,-3.0971084,13.003766
souietine_2.jpg,13,27.812792,5.732276
souietine_3.jpg,7,26.172867,-9.911936
soulages_1.jpg,5,0.26452795,29.928492
soulages_10.jpg,3,35.00341,-11.560419
soulages_11.jpg,2,-17.426437,12.420312
soulages_12.jpg,2,19.852516,2.4019575
soulages_13.jpg,6,0.20232128,20.559286
soulages_14.jpg,3,33.523884,-11.725124
soulages_15.jpg,14,-13.415786,31.269022
soulages_16.jpg,14,-13.419798,31.272934
soulages_17.jpg,13,22.714376,16.957233
soulages_18.jpg,11,12.404069,-19.416233
soulages_19.jpg,9,1.2720816,-25.585318
soulages_2.jpg,13,22.724607,17.013323
soulages_20.jpg,4,-18.98625,-5.0637093
soulages_21.jpg,10,-15.455719,-5.8382525
soulages_22.jpg,3,22.099949,2.7952952
soulages_23.jpg,7,27.463667,-11.602435
soulages_24.jpg,11,19.1654,-21.911543
soulages_25.jpg,7,24.573805,-13.3733225
soulages_26.jpg,7,18.088448,-5.9995623
soulages_3.jpg,6,-14.622195,22.401976
soulages_4.jpg,1,26.858688,-1.7752964
soulages_5.jpg,12,30.880789,-18.048927
soulages_6.jpg,11,31.339525,-17.88348
soulages_7.jpg,12,30.855518,-18.067162
soulages_8.jpg,13,22.922583,2.9845564
soulages_9.jpg,14,-8.69759,31.438559
sowden_1.jpg,4,-26.985083,-8.755437
spaletti_1.jpg,5,1.4287097,29.871382
specker_1.jpg,11,17.803312,-22.77689
stalhy_1.jpg,14,-6.3738813,28.825323
stalhy_2.jpg,6,-3.897618,21.934288
stalhy_3.jpg,7,16.390646,-5.724429
stazewski_1.jpg,12,27.349283,-14.858164
stella_1.jpg,7,16.58792,-26.253222
still_1.jpg,11,23.139715,-12.433669
still_2.jpg,11,15.883954,-17.604246
stojka_1.jpg,7,11.967116,-9.908117
storel_1.jpg,10,8.000344,-12.70082
strzeminski_1.jpg,11,7.5628514,-7.4755316
stupica_1.jpg,2,8.419825,16.92271
szenes_1.jpg,14,-10.35634,28.38529
szenes_2.jpg,14,-10.461334,28.81833
taeuber-arp_1.jpg,13,27.803028,3.1804059
taeuber-arp_2.jpg,2,-8.161036,-12.53439
taeuber-arp_3.jpg,13,30.183552,6.170532
taeuber-arp_4.jpg,3,17.282362,11.841996
taghavi_1.jpg,10,-6.9729023,-7.5078907
tal-coat_3.jpg,2,5.3111315,12.452875
tamayo_1.jpg,9,7.3733234,1.8441356
tanavoli_1.jpg,5,0.331597,26.34995
tancredi_1.jpg,2,-10.656093,14.470461
tanning_1.jpg,2,-13.782992,-3.052101
tapies_1.jpg,2,-12.6897955,1.1966182
tchachnik_1.jpg,13,31.802988,8.377404
tchachnik_2.jpg,12,26.563515,-18.849113
tchelitchew_1.jpg,10,-5.30349,-3.7736452
themerson_1.jpg,2,-5.0487304,4.392441
themerson_3.jpg,2,-5.5965295,4.9335337
themerson_5.jpg,10,-6.4824576,-15.949556
themerson_6.jpg,11,9.262049,-15.158985
themerson_7.jpg,10,-1.3811904,-4.6924725
tiberghien_1.jpg,1,7.6478524,26.908497
tilmans_1.jpg,1,7.84261,26.964724
timms_1.jpg,9,1.0667946,3.5847347
tinguely_1.jpg,4,-29.11111,-9.973913
tinker_1.jpg,2,7.9133477,16.722216
tobey_1.jpg,4,-11.897192,-4.35297
tobey_2.jpg,2,-8.303987,-1.0838013
tobey_3.jpg,2,8.4657345,14.326931
tobey_4.jpg,4,-14.3019285,-8.684011
tomasello_1.jpg,6,-22.231266,8.820868
toroni_1.jpg,6,2.1799712,19.846167
toroni_2.jpg,5,25.9338,9.344797
toroni_3.jpg,13,30.777395,9.897838
tourliere_1.jpg,2,-20.482729,12.186394
toyen_1.jpg,11,15.588994,-19.541666
toyen_10.jpg,6,-0.6701681,9.886371
toyen_11.jpg,6,-4.718379,18.796242
toyen_12.jpg,6,-13.3068,9.730291
toyen_13.jpg,9,-4.2373114,-2.3459215
toyen_14.jpg,6,-9.688913,23.171574
toyen_15.jpg,10,-3.4868393,-1.7194366
toyen_16.jpg,9,-0.25901783,18.787298
toyen_17.jpg,9,-3.8023043,7.8510284
toyen_18.jpg,11,13.880248,-20.713688
toyen_2.jpg,9,-3.6796699,9.837342
toyen_26.jpg,9,-10.009525,-4.7166324
toyen_7.jpg,2,6.3019433,-5.2600336
toyen_9.jpg,6,-4.9918227,23.366713
trenkwalder_1.jpg,4,-21.523867,-9.205817
trevelyan_1.jpg,2,-5.8209696,0.1488602
tsukiuchi_1.jpg,4,-10.860713,-6.2208395
tsukiuchi_2.jpg,4,-24.743822,1.0242656
turcato_1.jpg,2,-13.226744,2.082368
turcato_2.jpg,14,-5.1935716,27.26109
turcato_5.jpg,10,-0.3655604,-7.291676
turner-daniel_1.jpg,7,9.248829,-24.619549
twombly_1.jpg,11,9.3907385,-20.645906
twombly_10.jpg,2,-12.529086,2.717728
twombly_11.jpg,2,-9.106019,5.0418673
twombly_2.jpg,11,16.019182,-21.274294
twombly_3.jpg,2,-9.506199,4.684037
twombly_4.jpg,4,-22.069778,-4.2810593
twombly_5.jpg,14,-6.5921035,30.849546
twombly_6.jpg,2,-8.519798,3.8067884
twombly_7.jpg,2,5.166142,16.790865
twombly_8.jpg,10,-8.479621,3.8375282
twombly_9.jpg,6,-5.766951,7.7633667
tyson_1.jpg,6,-5.626223,16.012226
tyson_2.jpg,6,-8.191395,12.007151
tzara_1.jpg,7,3.8817625,-15.235629
ubac_1.jpg,14,-11.096769,26.723814
ubac_2.jpg,14,-12.488886,25.080572
ufan_1.jpg,12,27.425362,-20.157267
van-hecke_1.jpg,10,-1.3847945,2.8654356
van-hirtum_1.jpg,4,-23.756744,-11.524345
van-rees-duthil_14.jpg,2,-12.928893,-4.253851
van-rees-o_10.jpg,11,14.885947,-13.832275
van-rees-o_46.jpg,7,10.244125,-6.6568003
van-rees-o_47.jpg,7,14.028683,-2.2880929
van-rees-o_49.jpg,11,21.603617,-12.594717
van-rees-o_5.jpg,11,18.124105,-16.709661
van-rees-o_56.jpg,10,-5.064619,-15.01275
van-rees-o_57.jpg,7,14.826031,-7.576573
van-rees-o_9.jpg,7,14.315676,-13.493151
van-velde-b_1.jpg,9,-0.40010172,8.438212
van-velde_1.jpg,2,5.6536965,15.179837
vanel_2.jpg,11,12.361199,-22.618687
vantongerloo_1.jpg,13,28.550669,7.942435
van_doesburg_1.jpg,13,30.811874,3.2152913
van_doesburg_2.jpg,13,30.317833,4.047018
van_doesburg_3.jpg,12,29.879854,-15.017968
varo_1.jpg,10,-5.8682094,-14.1457405
varo_2.jpg,9,-1.2031326,0.60730183
vasarely_1.jpg,13,27.377062,4.727044
vasarely_10.jpg,11,-27.397522,-15.440379
vasarely_11.jpg,4,-29.547003,-12.526648
vasarely_12.jpg,13,26.184017,5.820287
vasarely_13.jpg,12,29.002846,-21.041758
vasarely_14.jpg,4,-30.73379,-8.775024
vasarely_15.jpg,13,31.856993,-13.486112
vasarely_16.jpg,13,26.214811,8.836002
vasarely_17.jpg,2,-3.9364896,-6.1204004
vasarely_18.jpg,10,-15.018454,-19.170673
vasarely_19.jpg,10,-12.822671,-14.709757
vasarely_2.jpg,13,22.450003,6.662913
vasarely_20.jpg,10,-3.858264,-7.8876657
vasarely_21.jpg,9,5.0400033,7.9667306
vasarely_22.jpg,9,2.6071916,4.8390603
vasarely_23.jpg,13,26.468126,6.7643776
vasarely_24.jpg,4,-31.130848,-8.025251
vasarely_25.jpg,10,-15.627743,-18.978212
vasarely_26.jpg,10,-15.651559,-18.895645
vasarely_27.jpg,4,-15.98125,-17.802683
vasarely_28.jpg,10,-15.495326,-17.22241
vasarely_29.jpg,10,-24.014744,6.7287035
vasarely_3.jpg,6,-14.502649,-14.69465
vasarely_30.jpg,7,8.237429,-16.363688
vasarely_31.jpg,10,-14.878448,-20.140265
vasarely_32.jpg,10,9.783848,-0.15058453
vasarely_33.jpg,8,14.7916355,2.9388595
vasarely_34.jpg,11,12.065075,-13.341921
vasarely_35.jpg,8,14.229455,1.795248
vasarely_36.jpg,7,10.634344,-0.98426914
vasarely_4.jpg,14,-11.0666065,28.689352
vasarely_5.jpg,13,25.295044,7.3465953
vasarely_6.jpg,12,30.401627,-17.167694
vasarely_7.jpg,1,27.75711,-3.8276312
vasarely_8.jpg,1,30.881083,-1.7038276
vasarely_9.jpg,14,33.498245,9.53947
vedova_1.jpg,4,-19.680561,-11.219132
vedova_2.jpg,4,-18.318012,-11.122992
vedova_3.jpg,4,-18.125977,-11.882313
vedova_99.jpg,11,14.330093,-20.567324
venet_1.jpg,11,20.738152,-16.861294
venet_2.jpg,9,0.46552715,-24.417788
veronesi_1.jpg,5,4.8131647,16.218765
vescovi_1.jpg,2,11.757774,17.344934
vezelay_1.jpg,2,1.2025863,14.20712
vezelay_2.jpg,2,-10.430485,-22.928675
vezelay_3.jpg,7,24.272772,-8.64069
viallat_99.jpg,2,-9.672181,-20.644901
vieira-da-silva_1.jpg,2,7.1494207,14.998379
vieira-da-silva_10.jpg,5,-0.25963467,19.02972
vieira-da-silva_11.jpg,6,-7.230533,21.704601
vieira-da-silva_12.jpg,6,-19.720652,11.467636
vieira-da-silva_13.jpg,2,-9.788559,-0.57389694
vieira-da-silva_14.jpg,6,-9.545201,10.977814
vieira-da-silva_4.jpg,4,-16.168877,-12.953131
vieira-da-silva_5.jpg,2,5.4341063,15.367258
vieira-da-silva_6.jpg,10,-9.154846,-10.050025
vieira-da-silva_7.jpg,10,-0.1932616,2.3173983
vieira-da-silva_9.jpg,6,-10.411451,19.596441
villard_1.jpg,4,-18.066826,-8.41446
villard_2.jpg,4,-17.661892,-7.0054355
villa_1.jpg,2,-16.523767,-24.872381
villon_1.jpg,6,-5.6308393,20.054558
volpi_1.jpg,6,-17.762516,18.223038
von-heyl_1.jpg,10,-14.81115,-13.741926
von-heyl_2.jpg,9,17.801802,14.8641405
vordemberge-gildewart_1.jpg,0,11.240456,11.540316
vssd_1.jpg,4,-15.798935,-6.854653
warhol_26.jpg,10,-8.626892,-25.61314
william_1.jpg,1,15.308621,18.990671
wols_1.jpg,10,-10.790028,-1.7498807
wols_2.jpg,10,7.065342,-7.0153303
wool_1.jpg,10,-17.987278,-12.243247
wool_2.jpg,10,-0.3188816,-2.4740763
wool_3.jpg,10,2.821867,-4.9923
x-3.jpg,2,20.233046,12.351194
x-4.jpg,2,-18.429934,14.139958
xenakis_1.jpg,11,9.672851,-21.76302
xie_1.jpg,9,-3.1059244,6.430711
x_1.jpg,13,31.467531,3.7567546
x_2.jpg,5,22.9161,11.393736
youngerman_1.jpg,9,3.4781654,2.1929991
zakharina-unkovskaya_1.jpg,14,-9.627056,30.176962
zao_1.jpg,10,-2.1598353,-2.5942132
zao_10.jpg,6,-11.139448,24.948702
zao_11.jpg,10,-8.112371,1.4303114
zao_12.jpg,10,-1.9878354,-3.041015
zao_13.jpg,9,-5.1397767,13.925628
zao_14.jpg,2,-8.143296,1.5353143
zao_15.jpg,10,-2.080822,-2.7856863
zao_16.jpg,11,22.533453,-16.54348
zao_17.jpg,2,-8.641863,1.5147938
zao_18.jpg,10,-6.2037587,15.399659
zao_19.jpg,10,-6.260318,14.294275
zao_2.jpg,14,-9.939376,26.252441
zao_20.jpg,6,-5.8411674,14.720523
zao_21.jpg,10,-12.903513,-12.870428
zao_22.jpg,2,-2.8662808,0.8119106
zao_23.jpg,6,-8.251397,22.529053
zao_24.jpg,6,-6.633293,22.617046
zao_25.jpg,10,-3.1275413,0.8786881
zao_26.jpg,6,-10.374557,21.006618
zao_27.jpg,2,-13.728358,-2.4691024
zao_3.jpg,6,-16.43665,17.134039
zao_4.jpg,9,5.3839,1.5102404
zao_5.jpg,6,-9.620805,21.502361
zao_6.jpg,9,2.6973722,8.031737
zao_7.jpg,6,-9.74651,22.353975
zao_8.jpg,6,-11.120136,24.833065
zao_9.jpg,4,-20.465673,-6.429122
zion_1.jpg,10,2.3287575,-2.997656
zion_2.jpg,10,2.2136471,-3.1915383
zion_3.jpg,10,2.1838834,-3.282717
zurn_1.jpg,9,3.6287932,6.8800807
