index,filename,artist,cluster,x,y
0,aborigene_1.jpg,aborigene,6,-20.32819,2.0737717
1,accardi_1.jpg,accardi,10,-29.47977,4.855455
2,accardi_2.jpg,accardi,5,1.2303127,26.51667
3,af-klint_1.jpg,af-klint,6,2.0674982,15.358493
4,af-klint_10.jpg,af-klint,10,-0.84375083,3.634858
5,af-klint_11.jpg,af-klint,3,28.42346,-11.479295
6,af-klint_12.jpg,af-klint,8,13.343023,0.5745175
7,af-klint_13.jpg,af-klint,7,5.9274416,-14.671565
8,af-klint_2.jpg,af-klint,10,-5.225459,-5.932364
9,af-klint_3.jpg,af-klint,10,-3.7006583,-17.160337
10,af-klint_4.jpg,af-klint,10,-4.34575,-6.7295356
11,af-klint_5.jpg,af-klint,10,-7.388822,-4.357308
12,af-klint_6.jpg,af-klint,2,-11.736386,-1.5776956
13,af-klint_8.jpg,af-klint,6,0.9936253,16.09984
14,af-klint_9.jpg,af-klint,7,12.295248,-0.9045564
15,afif_1.jpg,afif,6,-2.3126929,24.465277
16,afnan_2.jpg,afnan,2,-16.526787,-2.6037295
17,afro_1.jpg,afro,10,-0.7131048,1.4984884
18,afro_2.jpg,afro,6,-9.12104,17.004612
19,afro_3.jpg,afro,2,8.504136,11.736817
20,afro_4.jpg,afro,2,14.3668375,11.159181
21,afro_5.jpg,afro,2,8.078729,10.5803795
22,afro_6.jpg,afro,2,9.530778,11.687803
23,afro_7.jpg,afro,11,24.618849,-18.168009
24,al-azzawi_1.jpg,al-azzawi,10,-0.20006143,-16.50203
25,albers_1.jpg,albers,13,18.282946,9.741273
26,albers_10.jpg,albers,5,0.53182495,28.10188
27,albers_11.jpg,albers,7,11.836256,-7.73177
28,albers_12.jpg,albers,0,15.176777,23.351728
29,albers_13.jpg,albers,12,27.78471,-18.048994
30,albers_14.jpg,albers,1,21.236866,-3.7086473
31,albers_15.jpg,albers,5,-0.9957088,27.89636
32,albers_16.jpg,albers,14,-11.336528,32.008385
33,albers_17.jpg,albers,0,-0.57637155,12.328481
34,albers_2.jpg,albers,2,-13.290223,16.416258
35,albers_3.jpg,albers,3,36.558334,-11.162927
36,albers_4.jpg,albers,2,17.319336,9.772513
37,albers_5.jpg,albers,13,25.585386,10.2019615
38,albers_6.jpg,albers,13,25.781527,9.669752
39,albers_7.jpg,albers,13,26.079163,5.29638
40,albers_8.jpg,albers,3,36.47618,-11.167814
41,albers_9.jpg,albers,3,36.469097,-11.170172
42,albert-birot_1.jpg,albert-birot,4,-23.091417,-9.381785
43,alechinsky_1.jpg,alechinsky,4,-23.096811,-4.554914
44,alechinsky_2.jpg,alechinsky,4,-30.782993,-0.9195682
45,alechinsky_3.jpg,alechinsky,10,-5.256719,-3.8616533
46,alechinsky_4.jpg,alechinsky,10,-3.0547287,-12.571626
47,allard_1.jpg,allard,4,-29.062029,-5.0419507
48,andre_1.jpg,andre,13,23.360462,9.305263
49,angkasapura_1.jpg,angkasapura,4,-25.551445,-4.8723307
50,angkasapura_2.jpg,angkasapura,4,-18.742271,-7.116953
51,angkasapura_3.jpg,angkasapura,4,-25.952078,-5.506868
52,appel_11.jpg,appel,11,8.836712,-15.202211
53,appel_2.jpg,appel,11,18.390728,-11.478064
54,appel_3.jpg,appel,7,9.172878,-10.477557
55,appel_4.jpg,appel,6,-11.898078,8.364493
56,appel_5.jpg,appel,4,-12.251443,-9.016115
57,appel_6.jpg,appel,10,-5.3404126,-9.716428
58,araeen_1.jpg,araeen,11,24.82569,-17.304623
59,arguelles_1.jpg,arguelles,13,-2.906452,22.108187
60,armandon_1.jpg,armandon,2,-11.702684,14.66515
61,arman_1.jpg,arman,4,-19.132708,-1.1881697
62,arman_2.jpg,arman,4,-11.991863,-8.262904
63,arman_3.jpg,arman,10,-12.007501,-8.223157
64,arman_4.jpg,arman,11,11.481667,-18.292618
65,arman_5.jpg,arman,4,-31.891586,-13.366757
66,arman_6.jpg,arman,10,11.091501,-18.246786
67,arman_7.jpg,arman,6,-23.366566,10.582524
68,arman_98.jpg,arman,4,-19.874083,-2.4224305
69,arman_99.jpg,arman,10,10.31125,-18.481764
70,arnal_1.jpg,arnal,4,-19.5216,-7.339648
71,arp_1.jpg,arp,7,-5.902254,-21.558256
72,arp_2.jpg,arp,1,12.624535,0.17932415
73,arp_3.jpg,arp,5,2.4646332,23.620115
74,arp_4.jpg,arp,8,5.05299,2.992022
75,arp_8.jpg,arp,5,2.6099901,17.674654
76,art-et-language_1.jpg,art-et-language,2,6.7722416,13.927139
77,asse_1.jpg,asse,12,24.284307,-10.524435
78,asse_10.jpg,asse,11,16.694986,-17.4955
79,asse_2.jpg,asse,1,14.747054,19.21852
80,asse_3.jpg,asse,6,-19.009499,9.198439
81,asse_4.jpg,asse,2,4.801979,17.889128
82,asse_5.jpg,asse,7,13.373656,-4.2493634
83,asse_6.jpg,asse,8,12.811339,4.4762063
84,asse_7.jpg,asse,1,15.618947,18.673943
85,asse_8.jpg,asse,1,14.100777,18.212646
86,asse_9.jpg,asse,2,-9.900188,1.2491475
87,atassi_1.jpg,atassi,9,3.5582502,1.084023
88,atassi_2.jpg,atassi,11,10.773571,-7.59691
89,atlan_1.jpg,atlan,10,5.7924595,-13.068751
90,atlan_2.jpg,atlan,11,19.256863,-14.832484
91,atlan_3.jpg,atlan,11,15.912128,-15.700092
92,atlan_4.jpg,atlan,11,18.672857,-13.927219
93,atlan_5.jpg,atlan,11,18.301249,-17.320513
94,auerbach_1.jpg,auerbach,4,-13.945497,-8.66173
95,auerbach_2.jpg,auerbach,6,-17.100237,-4.1786313
96,ayme_1.jpg,ayme,1,26.634167,-3.5752897
97,bacher_1.jpg,bacher,14,-9.700452,29.612656
98,bae_1.jpg,bae,10,-13.823188,-0.95649517
99,bak_1.jpg,bak,5,2.547617,28.008528
100,balas_1.jpg,balas,9,0.5393215,7.0903583
101,balla_1.jpg,balla,6,-11.0877495,12.181602
102,balla_2.jpg,balla,7,13.423886,-0.98114026
103,balla_3.jpg,balla,12,28.457254,-19.52997
104,barre_1.jpg,barre,3,14.47587,16.110266
105,barre_2.jpg,barre,3,14.27174,16.497986
106,barre_3.jpg,barre,7,8.782056,16.877504
107,barre_4.jpg,barre,7,10.737134,17.684252
108,barre_5.jpg,barre,13,28.058332,10.465871
109,barthes_1.jpg,barthes,2,-27.07821,7.8938174
110,barthes_2.jpg,barthes,2,-27.094707,7.8608294
111,bart_1.jpg,bart,5,12.973571,15.291493
112,baruchello_1.jpg,baruchello,2,8.944686,12.901541
113,baruch_1.jpg,baruch,7,26.833342,-7.3922086
114,baruch_2.jpg,baruch,7,26.907534,-7.4155326
115,basquiat_1.jpg,basquiat,4,-29.297235,-7.87923
116,basquiat_12.jpg,basquiat,4,-29.287436,-7.8676324
117,basquiat_2.jpg,basquiat,10,-17.403381,-13.531717
118,basquiat_7.jpg,basquiat,11,8.499904,-20.777876
119,bazaine_1.jpg,bazaine,10,-5.687615,-16.358488
120,beck_1.jpg,beck,10,2.6744082,11.70313
121,bedin_1.jpg,bedin,2,-10.425142,-15.830672
122,bellaguet_1.jpg,bellaguet,7,12.007569,9.650454
123,bellmer_1.jpg,bellmer,9,0.83276904,9.880994
124,beloussovitch_1.jpg,beloussovitch,2,11.382873,8.252265
125,benchamma_1.jpg,benchamma,6,-26.180275,-0.93164
126,benrath_1.jpg,benrath,10,-9.206251,-9.311367
127,benrath_2.jpg,benrath,14,-6.517932,30.74995
128,bergman_1.jpg,bergman,9,-2.3923087,8.145725
129,bergman_10.jpg,bergman,9,3.329222,3.1700811
130,bergman_11.jpg,bergman,9,8.652502,2.2348201
131,bergman_12.jpg,bergman,9,-0.055117194,9.834285
132,bergman_13.jpg,bergman,11,10.502761,-3.8258574
133,bergman_14.jpg,bergman,11,16.469091,-19.103146
134,bergman_15.jpg,bergman,7,7.0969815,-15.678033
135,bergman_16.jpg,bergman,2,9.951782,7.7691617
136,bergman_17.jpg,bergman,7,8.499011,-17.328894
137,bergman_18.jpg,bergman,9,5.1289506,9.365239
138,bergman_19.jpg,bergman,7,6.9463463,-13.823634
139,bergman_2.jpg,bergman,11,22.64084,-23.267607
140,bergman_20.jpg,bergman,7,-6.0079274,-18.339302
141,bergman_21.jpg,bergman,11,20.54302,-16.191996
142,bergman_22.jpg,bergman,5,-6.064051,18.796942
143,bergman_23.jpg,bergman,4,-22.543467,-8.56905
144,bergman_24.jpg,bergman,7,15.948408,-5.1942954
145,bergman_25.jpg,bergman,14,-11.382455,29.532616
146,bergman_26.jpg,bergman,7,10.2260275,-9.703064
147,bergman_27.jpg,bergman,4,-15.653695,-5.552832
148,bergman_28.jpg,bergman,6,-22.442354,3.5520802
149,bergman_29.jpg,bergman,6,-14.964194,8.685426
150,bergman_3.jpg,bergman,12,23.257019,-23.285427
151,bergman_30.jpg,bergman,6,-8.201502,24.725397
152,bergman_31.jpg,bergman,7,12.116513,-14.584689
153,bergman_32.jpg,bergman,9,3.208549,12.353473
154,bergman_33.jpg,bergman,2,-17.525522,1.5287629
155,bergman_34.jpg,bergman,6,-13.223875,10.10898
156,bergman_35.jpg,bergman,9,-3.5335257,8.423387
157,bergman_36.jpg,bergman,3,-30.673859,6.9062366
158,bergman_37.jpg,bergman,4,-24.195951,1.5551312
159,bergman_38.jpg,bergman,6,-13.853825,21.093847
160,bergman_39.jpg,bergman,11,13.356326,-18.75827
161,bergman_4.jpg,bergman,9,4.8738236,9.925544
162,bergman_40.jpg,bergman,9,-2.3024654,14.508234
163,bergman_41.jpg,bergman,6,-11.654166,18.006021
164,bergman_42.jpg,bergman,11,19.367723,-13.5397215
165,bergman_43.jpg,bergman,6,-1.142002,22.593779
166,bergman_44.jpg,bergman,10,9.699829,5.780795
167,bergman_45.jpg,bergman,14,-3.5514371,28.91805
168,bergman_46.jpg,bergman,6,-13.694298,23.960835
169,bergman_47.jpg,bergman,5,-7.767496,26.440495
170,bergman_48.jpg,bergman,14,-4.8251057,33.188038
171,bergman_49.jpg,bergman,14,-12.229514,28.133337
172,bergman_5.jpg,bergman,1,26.931013,-4.970965
173,bergman_50.jpg,bergman,6,-11.4174,17.98313
174,bergman_51.jpg,bergman,2,-11.032903,-1.4719086
175,bergman_52.jpg,bergman,10,-1.686301,-15.284358
176,bergman_6.jpg,bergman,7,4.4900284,-19.20281
177,bergman_7.jpg,bergman,9,1.8974777,0.57652766
178,bergman_8.jpg,bergman,6,-13.168141,22.868004
179,bergman_9.jpg,bergman,6,-2.0216646,20.232395
180,bergman_91.jpg,bergman,11,19.011654,-18.866245
181,bergman_98.jpg,bergman,2,5.426984,20.991663
182,bergman_99.jpg,bergman,12,26.147997,-18.345737
183,berman_1.jpg,berman,10,-9.282721,8.362743
184,bernsk_1.jpg,bernsk,2,14.670442,12.863419
185,bernsk_2.jpg,bernsk,4,-14.136623,-4.249657
186,bertholle_1.jpg,bertholle,2,-15.300898,-3.3377306
187,bertholle_2.jpg,bertholle,10,0.47484782,-13.839956
188,bertholle_3.jpg,bertholle,10,-1.2570881,-9.288835
189,bertholle_4.jpg,bertholle,10,-2.0271769,-7.6339455
190,bertrand_1.jpg,bertrand,2,12.274806,7.568732
191,bezie_1.jpg,bezie,2,13.16974,13.641824
192,bissiere_1.jpg,bissiere,11,17.610252,-19.674625
193,bissiere_2.jpg,bissiere,11,16.952433,-12.737265
194,bloch_1.jpg,bloch,4,-29.508223,-3.501149
195,bloc_1.jpg,bloc,0,2.1350114,-0.75605386
196,boccioni_1.jpg,boccioni,10,-11.758875,-0.10221067
197,boeti_1.jpg,boeti,2,-12.552296,0.9197456
198,boetti_1.jpg,boetti,4,-25.548128,-6.3074455
199,boetti_2.jpg,boetti,6,-11.451749,16.01343
200,bonneaud_1.jpg,bonneaud,5,-7.063769,28.701931
201,boumester_1.jpg,boumester,2,4.2323585,-2.487203
202,bourgeois_1.jpg,bourgeois,13,30.320236,6.6451902
203,bouttier_1.jpg,bouttier,4,-22.30004,-8.676459
204,bouttier_2.jpg,bouttier,4,-21.84543,1.3970577
205,bowling_1.jpg,bowling,10,1.7156458,-11.346884
206,bozzolino_1.jpg,bozzolino,0,3.2933402,-29.193125
207,bradford_1.jpg,bradford,4,-19.137177,-3.5042455
208,bradford_2.jpg,bradford,4,-27.488571,0.23678866
209,brassai_1.jpg,brassai,4,-22.092377,-0.7952358
210,brassai_2.jpg,brassai,10,-16.37915,-9.857058
211,brusse_1.jpg,brusse,6,-5.455108,16.874819
212,brusse_2.jpg,brusse,10,5.5672593,-0.31406537
213,bryen_1.jpg,bryen,2,6.024394,13.855326
214,bryen_2.jpg,bryen,10,-5.525517,-2.5736506
215,buren_1.jpg,buren,12,23.861414,-19.154837
216,buren_2.jpg,buren,12,25.338936,-19.149113
217,buren_3.jpg,buren,12,28.089125,-20.534672
218,buren_4.jpg,buren,12,27.833395,-20.61404
219,buren_5.jpg,buren,13,31.076315,3.8505993
220,burri_1.jpg,burri,6,-5.0404553,25.57721
221,burri_10.jpg,burri,10,-10.265862,-6.0750875
222,burri_11.jpg,burri,2,8.06045,10.554459
223,burri_12.jpg,burri,2,-14.856107,3.5470335
224,burri_13.jpg,burri,10,-1.9715611,3.0265293
225,burri_14.jpg,burri,2,8.895885,20.746094
226,burri_15.jpg,burri,2,-15.385711,11.574183
227,burri_2.jpg,burri,9,0.92456585,5.2612605
228,burri_3.jpg,burri,2,-23.312233,14.069803
229,burri_4.jpg,burri,2,-23.301432,14.034283
230,burri_5.jpg,burri,5,-2.3581583,29.662884
231,burri_6.jpg,burri,4,-18.843342,-0.94110674
232,burri_7.jpg,burri,6,-20.342241,12.2734995
233,burri_8.jpg,burri,2,-14.671206,3.1902275
234,burri_9.jpg,burri,6,-10.669902,20.139397
235,burroughs_1.jpg,burroughs,10,-6.9624424,-9.320444
236,buthe_1.jpg,buthe,11,16.693668,-11.634008
237,calima_1.jpg,calima,1,26.528923,1.9157034
238,calima_2.jpg,calima,13,31.68045,6.319232
239,cane_1.jpg,cane,9,1.8229743,5.912511
240,capogrossi_1.jpg,capogrossi,9,10.76098,-2.7665107
241,capogrossi_5.jpg,capogrossi,4,-30.00584,-7.3909955
242,cappa_1.jpg,cappa,10,1.3641706,-1.5263263
243,carlsund_1.jpg,carlsund,12,27.552855,-20.43155
244,cassel_1.jpg,cassel,8,14.356124,-0.33455124
245,cassel_2.jpg,cassel,2,-5.6019177,-5.0576797
246,cassel_3.jpg,cassel,10,-7.804632,-4.4984503
247,castellani_1.jpg,castellani,10,1.5050541,-6.806536
248,castellani_2.jpg,castellani,13,20.996513,8.839136
249,chagall_1.jpg,chagall,7,-6.446454,-22.118973
250,chardon_1.jpg,chardon,13,29.599112,9.438244
251,charlton_1.jpg,charlton,12,27.828724,-20.98917
252,chesnier_1.jpg,chesnier,14,-4.885264,32.998547
253,choi_1.jpg,choi,10,-3.5424898,-3.5715322
254,choi_2.jpg,choi,6,-17.860556,23.777872
255,choi_3.jpg,choi,6,-17.706089,23.816977
256,clark_1.jpg,clark,4,-19.076727,-3.1017206
257,clement_1.jpg,clement,10,-6.2665167,-10.84501
258,clough_1.jpg,clough,10,5.6257963,-9.9485655
259,colombet_1.jpg,colombet,2,-9.006945,-0.396636
260,colombet_2.jpg,colombet,4,-21.028393,-6.3204966
261,colombet_3.jpg,colombet,4,-18.62124,-9.28475
262,colombet_4.jpg,colombet,4,-18.71042,-9.43226
263,colombet_5.jpg,colombet,6,-12.294792,24.391615
264,colombet_6.jpg,colombet,6,-10.837127,19.024323
265,colquhoun_1.jpg,colquhoun,7,8.532528,-6.092453
266,colquhoun_2.jpg,colquhoun,11,20.113314,-19.596024
267,colquhoun_3.jpg,colquhoun,6,-8.450708,17.709518
268,colquhoun_4.jpg,colquhoun,10,13.9304,-6.1571712
269,colquhoun_5.jpg,colquhoun,10,-2.1389263,-1.0558448
270,colquhoun_6.jpg,colquhoun,10,-2.2149754,-0.95157415
271,condo_1.jpg,condo,7,12.490521,7.5904775
272,condo_10.jpg,condo,4,-20.547915,-0.8792962
273,condo_20.jpg,condo,10,-6.5892644,-0.28505287
274,condo_21.jpg,condo,4,-18.730833,-1.8296659
275,condo_3.jpg,condo,11,14.483295,-20.141766
276,condo_30.jpg,condo,4,-18.805101,-2.113663
277,condo_33.jpg,condo,10,-18.35198,-2.2010045
278,condo_42.jpg,condo,9,1.4692565,0.48898828
279,condo_49.jpg,condo,3,20.651129,2.0710523
280,condo_50.jpg,condo,2,20.337849,2.259266
281,condo_51.jpg,condo,9,0.40217328,-24.416843
282,condo_53.jpg,condo,9,-0.8253733,2.7775927
283,condo_58.jpg,condo,10,-0.31626076,-0.90423775
284,condo_60.jpg,condo,10,0.51246417,0.1944812
285,condo_73.jpg,condo,9,18.050753,5.062961
286,conner_1.jpg,conner,10,-11.202469,-8.159066
287,conner_2.jpg,conner,9,-11.685116,-20.5683
288,covert_1.jpg,covert,6,-8.960798,17.573519
289,crepin_1.jpg,crepin,4,-24.531635,-3.1433742
290,crepin_2.jpg,crepin,4,-24.419394,-3.4442902
291,crotti_1.jpg,crotti,0,0.2571889,13.883985
292,crotti_2.jpg,crotti,11,12.081623,-24.053354
293,cruz-diez_1.jpg,cruz-diez,13,35.50753,2.3393035
294,culbert_1.jpg,culbert,1,18.666706,6.140395
295,culbert_2.jpg,culbert,9,0.6069843,11.713029
296,culbert_3.jpg,culbert,11,17.248768,-20.863276
297,culbert_4.jpg,culbert,10,8.889698,0.1061105
298,culin_1.jpg,culin,9,2.6558979,-10.672081
299,dali_1.jpg,dali,6,-8.352055,21.650393
300,damoah_1.jpg,damoah,11,16.506855,-10.1710825
301,damoah_2.jpg,damoah,5,1.1134826,27.42835
302,damoah_3.jpg,damoah,4,-11.63689,-5.5014935
303,de-bary_1.jpg,de-bary,6,-8.559936,21.433943
304,de-dominicis_1.jpg,de-dominicis,7,13.555897,-8.020434
305,de-kooning_13.jpg,de-kooning,10,-4.7008376,-8.597478
306,de-kooning_16.jpg,de-kooning,10,-2.6465003,-8.40244
307,de-kooning_3.jpg,de-kooning,10,-2.5226574,-10.16903
308,de-kooning_7.jpg,de-kooning,6,-6.797932,11.709479
309,de-kooning_8.jpg,de-kooning,10,-2.4439602,-4.5079393
310,de-kooning_9.jpg,de-kooning,10,-4.2870584,-8.696556
311,de-souza-cardoso_11.jpg,de-souza-cardoso,11,-1.8853929,-19.32266
312,de-souza-cardoso_12.jpg,de-souza-cardoso,10,-2.9418304,-11.530005
313,de-souza-cardoso_13.jpg,de-souza-cardoso,10,-2.5832407,-11.395449
314,de-souza-cardoso_14.jpg,de-souza-cardoso,10,-2.9778762,-11.240723
315,de-souza-cardoso_15.jpg,de-souza-cardoso,10,6.580844,-11.283392
316,de-souza-cardoso_31.jpg,de-souza-cardoso,11,21.644512,-15.091903
317,de-souza-cardoso_32.jpg,de-souza-cardoso,11,21.845535,-14.694263
318,de-souza-cardoso_33.jpg,de-souza-cardoso,11,20.631004,-13.624996
319,de-souza-cardoso_34.jpg,de-souza-cardoso,11,20.712082,-13.78693
320,de-stael_1.jpg,de-stael,2,6.492916,-2.6303928
321,de-stael_10.jpg,de-stael,13,25.226662,3.0990849
322,de-stael_11.jpg,de-stael,2,-16.86651,1.7853767
323,de-stael_12.jpg,de-stael,6,-15.481816,8.168478
324,de-stael_13.jpg,de-stael,6,-15.6418295,8.016131
325,de-stael_14.jpg,de-stael,4,-17.01965,2.711636
326,de-stael_15.jpg,de-stael,6,-15.104119,15.202147
327,de-stael_16.jpg,de-stael,9,6.663958,-2.6312344
328,de-stael_18.jpg,de-stael,5,-5.16198,24.691214
329,de-stael_19.jpg,de-stael,11,20.08671,-5.945614
330,de-stael_2.jpg,de-stael,10,-18.948595,-16.071758
331,de-stael_20.jpg,de-stael,6,-5.608165,24.719433
332,de-stael_21.jpg,de-stael,6,9.872536,5.8798814
333,de-stael_22.jpg,de-stael,14,-6.984545,24.12276
334,de-stael_23.jpg,de-stael,10,5.2088156,-9.910714
335,de-stael_24.jpg,de-stael,10,-13.308577,-6.5416718
336,de-stael_29.jpg,de-stael,10,-0.90892684,15.515516
337,de-stael_3.jpg,de-stael,4,-14.523306,-7.114419
338,de-stael_4.jpg,de-stael,10,-18.914083,-16.12619
339,de-stael_41.jpg,de-stael,10,-13.307762,-8.633471
340,de-stael_5.jpg,de-stael,10,8.778383,-13.571057
341,de-stael_6.jpg,de-stael,10,7.028157,-8.678251
342,de-stael_7.jpg,de-stael,4,-17.499922,3.209137
343,de-stael_8.jpg,de-stael,9,-0.05396709,22.767824
344,de-stael_9.jpg,de-stael,9,9.12974,-3.8275764
345,debre_1.jpg,debre,2,11.901224,7.6923704
346,debre_2.jpg,debre,3,13.984719,17.303556
347,defeo_1.jpg,defeo,10,-15.2442045,-5.258795
348,degottex_1.jpg,degottex,2,21.188778,0.43747422
349,degottex_10.jpg,degottex,7,28.199331,-9.432025
350,degottex_11.jpg,degottex,2,-14.055954,21.08763
351,degottex_2.jpg,degottex,7,21.928473,-18.637796
352,degottex_3.jpg,degottex,10,-5.7830963,10.324889
353,degottex_4.jpg,degottex,14,-9.903683,28.517612
354,degottex_5.jpg,degottex,9,-2.2993655,0.445745
355,deguelle_1.jpg,deguelle,7,27.093594,-11.040845
356,del-marle_1.jpg,del-marle,5,-6.4336963,26.308216
357,delaney_1.jpg,delaney,6,-7.112006,18.767641
358,delaunay-r_10.jpg,delaunay-r,10,13.560832,-21.088858
359,delaunay-r_12.jpg,delaunay-r,7,4.8025584,-17.234482
360,delaunay-r_15.jpg,delaunay-r,10,9.9893465,1.11077
361,delaunay-r_17.jpg,delaunay-r,4,-21.371618,-12.360175
362,delaunay-r_18.jpg,delaunay-r,4,-19.277138,3.2487335
363,delaunay-r_19.jpg,delaunay-r,2,-7.528227,5.585052
364,delaunay-r_2.jpg,delaunay-r,11,14.539944,-17.305662
365,delaunay-r_21.jpg,delaunay-r,8,14.980481,4.975046
366,delaunay-r_32.jpg,delaunay-r,8,14.983217,4.9846163
367,delaunay-r_34.jpg,delaunay-r,11,8.664256,-24.483503
368,delaunay-r_35.jpg,delaunay-r,8,13.625755,1.236736
369,delaunay-r_36.jpg,delaunay-r,8,11.940151,1.5735749
370,delaunay-r_4.jpg,delaunay-r,8,14.994117,4.984609
371,delaunay-r_5.jpg,delaunay-r,8,16.364552,-2.1615472
372,delaunay-r_9.jpg,delaunay-r,10,-10.8321,-3.4641626
373,delaunay-s_10.jpg,delaunay-s,8,15.097856,-2.5417345
374,delaunay-s_12.jpg,delaunay-s,9,9.942453,2.5512242
375,delaunay-s_16.jpg,delaunay-s,7,2.4105039,-15.342059
376,delaunay-s_17.jpg,delaunay-s,10,14.150368,-6.247096
377,delaunay-s_18.jpg,delaunay-s,8,16.344427,-2.1625936
378,delaunay-s_2.jpg,delaunay-s,10,-0.59072113,-9.624838
379,delaunay-s_3.jpg,delaunay-s,10,-6.3665776,-8.862555
380,delaunay-s_4.jpg,delaunay-s,10,0.018996488,-16.591732
381,delaunay-s_5.jpg,delaunay-s,10,-3.536147,2.948453
382,delaunay-s_6.jpg,delaunay-s,9,6.1876884,3.221461
383,delaunay-s_7.jpg,delaunay-s,8,16.37536,-2.1579187
384,delaunay-s_8.jpg,delaunay-s,7,2.5309556,-15.334974
385,delporte_1.jpg,delporte,4,-14.419484,-3.491762
386,delprat_1.jpg,delprat,14,-10.526157,30.452173
387,devade_1.jpg,devade,1,12.507855,18.715042
388,deyrolle_1.jpg,deyrolle,9,5.7595997,1.6900514
389,dezeuze_1.jpg,dezeuze,3,5.5584908,-14.811517
390,dezeuze_2.jpg,dezeuze,14,-14.498686,28.635162
391,diebenkorn_1.jpg,diebenkorn,6,-8.183999,22.949675
392,dmitrienko_1.jpg,dmitrienko,9,17.172468,1.3210504
393,do-amaral_17.jpg,do-amaral,11,23.166197,-18.666288
394,do-amaral_18.jpg,do-amaral,11,20.605856,-18.92324
395,doka_1.jpg,doka,9,2.1199179,9.74314
396,domela_1.jpg,domela,13,30.302513,8.966619
397,domela_2.jpg,domela,0,11.798771,12.245919
398,domela_3.jpg,domela,7,8.608781,-19.049072
399,domela_4.jpg,domela,7,3.418791,-23.539865
400,domela_5.jpg,domela,7,3.3924177,-22.994692
401,domela_6.jpg,domela,0,-5.327517,-26.65223
402,domela_7.jpg,domela,9,1.2812799,-1.4469668
403,dominguez_1.jpg,dominguez,6,-4.246943,26.621588
404,dominguez_2.jpg,dominguez,6,-10.406231,17.431074
405,dondi-white_1.jpg,dondi-white,6,-5.8883357,21.839369
406,dorazio_1.jpg,dorazio,4,-18.428528,-5.781603
407,dordek_1.jpg,dordek,8,14.85568,1.1302205
408,dotremont_1.jpg,dotremont,9,-29.307566,5.9593496
409,doumar_1.jpg,doumar,11,15.198218,-10.938367
410,drew_1.jpg,drew,4,-22.041382,-6.8433394
411,du-pasquier_1.jpg,du-pasquier,10,-14.26811,-16.349056
412,du-pasquier_2.jpg,du-pasquier,4,-27.100819,-9.66633
413,du-pasquier_3.jpg,du-pasquier,4,-28.62326,-8.074523
414,dubuffet_1.jpg,dubuffet,4,-28.597576,-7.498093
415,dubuffet_10.jpg,dubuffet,9,-27.692356,5.1092486
416,dubuffet_11.jpg,dubuffet,4,-33.571136,-4.406391
417,dubuffet_12.jpg,dubuffet,6,-29.003168,5.3313103
418,dubuffet_13.jpg,dubuffet,4,-27.344917,-7.4833593
419,dubuffet_14.jpg,dubuffet,4,-11.361024,-4.274591
420,dubuffet_16.jpg,dubuffet,2,-15.747956,-0.8241188
421,dubuffet_19.jpg,dubuffet,10,-13.652623,-11.64282
422,dubuffet_2.jpg,dubuffet,4,-16.656578,-0.60365516
423,dubuffet_21.jpg,dubuffet,6,-6.508621,10.880829
424,dubuffet_3.jpg,dubuffet,4,-19.739435,-5.183461
425,dubuffet_4.jpg,dubuffet,7,7.421041,-17.838253
426,dubuffet_5.jpg,dubuffet,4,-19.431448,1.5374202
427,dubuffet_7.jpg,dubuffet,6,-28.828627,5.42841
428,dubuffet_8.jpg,dubuffet,4,-33.599514,-4.4321947
429,dubuffet_9.jpg,dubuffet,10,-34.18998,-3.0574837
430,dulom_1.jpg,dulom,8,12.882379,21.087576
431,dumitresco_1.jpg,dumitresco,4,-19.4675,-1.5688865
432,dumitresco_2.jpg,dumitresco,10,-11.870581,-17.365229
433,dupre_1.jpg,dupre,4,-26.484306,-7.937178
434,durieu_1.jpg,durieu,13,33.10368,7.113775
435,durieu_2.jpg,durieu,10,-3.468432,5.022766
436,el-anatsui_1.jpg,el-anatsui,4,-22.87472,-5.8419213
437,el-anatsui_2.jpg,el-anatsui,4,-26.778463,2.0174458
438,el-lissitzky_1.jpg,el-lissitzky,0,9.000039,18.596718
439,el-lissitzky_2.jpg,el-lissitzky,8,11.648447,0.8295446
440,el-lissitzky_3.jpg,el-lissitzky,13,6.2343297,16.28167
441,el-lissitzky_4.jpg,el-lissitzky,6,3.2237148,16.16611
442,el-lissitzky_5.jpg,el-lissitzky,1,17.08901,-8.502889
443,el-lissitzky_6.jpg,el-lissitzky,0,8.905778,18.436604
444,el-lissitzky_7.jpg,el-lissitzky,2,3.1527338,19.668453
445,el-lissitzky_8.jpg,el-lissitzky,5,20.288252,17.65393
446,ermolaeva_1.jpg,ermolaeva,2,-0.06434551,16.75239
447,ernst_1.jpg,ernst,11,12.260814,-17.022379
448,ernst_10.jpg,ernst,11,13.497867,-18.906137
449,ernst_11.jpg,ernst,11,12.189312,-16.97133
450,ernst_12.jpg,ernst,10,11.545514,-12.051289
451,ernst_13.jpg,ernst,6,-8.724218,12.242783
452,ernst_14.jpg,ernst,10,-24.463144,-1.9666977
453,ernst_15.jpg,ernst,10,11.49688,-11.907743
454,ernst_18.jpg,ernst,10,-7.216565,-1.2204542
455,ernst_25.jpg,ernst,9,2.1045392,8.260046
456,ernst_26.jpg,ernst,9,1.5921016,8.456118
457,ernst_3.jpg,ernst,10,-14.451214,-10.212354
458,ernst_33.jpg,ernst,7,2.6739175,-18.906122
459,ernst_5.jpg,ernst,3,2.8234513,11.140621
460,ernst_8.jpg,ernst,10,-5.2697606,2.3595917
461,erruas_1.jpg,erruas,2,-3.314978,1.2496324
462,esteve_1.jpg,esteve,9,10.567108,4.964474
463,esteve_2.jpg,esteve,9,10.348633,23.642351
464,fangor_1.jpg,fangor,8,15.23794,2.7907019
465,farmanfarmaian_1.jpg,farmanfarmaian,13,27.522594,14.866359
466,farmanfarmaian_2.jpg,farmanfarmaian,13,27.52485,14.87197
467,fautrier_11.jpg,fautrier,10,-7.5505724,4.0079427
468,fautrier_12.jpg,fautrier,10,-7.5561137,4.0031996
469,fautrier_13.jpg,fautrier,6,-14.15731,6.147656
470,fautrier_14.jpg,fautrier,6,-13.510499,13.170918
471,fautrier_2.jpg,fautrier,6,-6.7781105,18.738272
472,fautrier_25.jpg,fautrier,6,-9.156977,24.353216
473,fautrier_26.jpg,fautrier,4,-21.150642,-3.8900907
474,fautrier_29.jpg,fautrier,10,-9.528965,-7.22206
475,fautrier_7.jpg,fautrier,2,-5.881334,3.607098
476,fautrier_9.jpg,fautrier,10,-6.503592,4.037924
477,favier_1.jpg,favier,2,19.264557,2.7223325
478,fernandez.jpg,fernandez.jpg,6,20.965935,9.026285
479,festa_1.jpg,festa,12,28.129278,-17.816061
480,filia_1.jpg,filia,9,1.564096,-5.033452
481,fini_1.jpg,fini,10,-7.181283,-7.443052
482,fini_2.jpg,fini,11,14.251815,-12.712664
483,folmer_1.jpg,folmer,12,26.97953,-21.638655
484,folmer_2.jpg,folmer,9,8.649238,-4.0751452
485,folmer_3.jpg,folmer,3,27.9738,-11.716382
486,fondrillon_1.jpg,fondrillon,2,-20.567598,-0.03678199
487,fontana_1.jpg,fontana,2,8.659957,13.063776
488,fontana_10.jpg,fontana,2,14.273809,8.867022
489,fontana_11.jpg,fontana,10,-15.438636,-11.350528
490,fontana_12.jpg,fontana,6,-21.739552,15.458477
491,fontana_13.jpg,fontana,2,-13.516133,0.5465132
492,fontana_14.jpg,fontana,2,14.113649,11.897232
493,fontana_15.jpg,fontana,2,20.763767,12.9014845
494,fontana_16.jpg,fontana,8,12.580895,5.0830274
495,fontana_17.jpg,fontana,2,-13.461932,3.1460378
496,fontana_18.jpg,fontana,2,-14.567839,1.5173141
497,fontana_19.jpg,fontana,10,21.903046,-6.6023417
498,fontana_2.jpg,fontana,6,-22.206884,15.6041155
499,fontana_20.jpg,fontana,7,9.551071,-8.358423
500,fontana_21.jpg,fontana,2,20.72359,13.006533
501,fontana_22.jpg,fontana,5,3.1996548,26.689468
502,fontana_23.jpg,fontana,5,26.83044,16.898142
503,fontana_24.jpg,fontana,2,-11.205824,2.4460375
504,fontana_25.jpg,fontana,2,9.008662,14.318831
505,fontana_26.jpg,fontana,2,6.457108,18.679304
506,fontana_27.jpg,fontana,2,14.019297,12.092772
507,fontana_28.jpg,fontana,1,21.537018,19.929455
508,fontana_29.jpg,fontana,5,21.48931,19.553366
509,fontana_3.jpg,fontana,2,-16.512585,-24.850702
510,fontana_30.jpg,fontana,2,-14.301898,1.8617347
511,fontana_31.jpg,fontana,7,2.3365746,-20.27347
512,fontana_32.jpg,fontana,11,13.531515,-27.451628
513,fontana_4.jpg,fontana,10,0.058289893,-8.3288
514,fontana_5.jpg,fontana,7,23.745935,-7.280768
515,fontana_6.jpg,fontana,6,-20.828255,16.0675
516,fontana_7.jpg,fontana,2,7.917614,13.044434
517,fontana_8.jpg,fontana,2,-21.463272,15.77494
518,fontana_9.jpg,fontana,9,3.8486085,6.7465615
519,fontana_98.jpg,fontana,14,-12.314218,30.251547
520,francis_1.jpg,francis,10,1.3393116,-8.385626
521,francis_2.jpg,francis,10,-14.093253,-12.604734
522,francis_3.jpg,francis,10,-14.199781,-12.586708
523,frankenthaler_1.jpg,frankenthaler,1,22.388464,-2.2386856
524,freundlich_10.jpg,freundlich,7,1.6161623,-15.124274
525,freundlich_11.jpg,freundlich,7,8.246715,-24.810423
526,freundlich_12.jpg,freundlich,2,10.536658,3.8844774
527,freundlich_13.jpg,freundlich,2,12.138833,-2.7407608
528,freundlich_14.jpg,freundlich,10,0.42860317,-4.410006
529,freundlich_15.jpg,freundlich,7,18.944452,-0.7451599
530,freundlich_16.jpg,freundlich,6,-2.1355803,15.905266
531,freundlich_17.jpg,freundlich,13,22.419897,5.341023
532,freundlich_18.jpg,freundlich,11,22.049902,-13.419391
533,freundlich_19.jpg,freundlich,9,7.652053,-0.74736387
534,freundlich_20.jpg,freundlich,13,27.832645,7.648321
535,freundlich_21.jpg,freundlich,7,18.728432,-1.2686863
536,freundlich_22.jpg,freundlich,7,26.444569,-11.15477
537,freundlich_23.jpg,freundlich,2,-6.304942,0.6588768
538,freundlich_24.jpg,freundlich,13,28.593658,9.103816
539,freundlich_25.jpg,freundlich,7,3.245253,-0.5675023
540,freundlich_26.jpg,freundlich,4,-20.925983,-15.853897
541,freundlich_27.jpg,freundlich,10,9.409483,0.71351117
542,freundlich_28.jpg,freundlich,9,9.052351,1.2646194
543,freundlich_6.jpg,freundlich,10,9.191204,0.55237836
544,freundlich_7.jpg,freundlich,11,14.404256,-16.675411
545,freundlich_79.jpg,freundlich,8,16.365788,-7.4505863
546,freundlich_8.jpg,freundlich,6,-3.9135113,17.216385
547,frize_1.jpg,frize,13,35.194626,2.3586454
548,frize_16.jpg,frize,10,-17.498962,5.2717204
549,frize_19.jpg,frize,1,15.851576,-15.207484
550,frize_2.jpg,frize,14,-11.203859,32.99085
551,frize_25.jpg,frize,6,-10.092252,18.384125
552,frize_27.jpg,frize,6,-5.3318644,12.182045
553,frize_30.jpg,frize,10,-8.754673,-9.171921
554,frize_31.jpg,frize,6,-16.455515,4.6386733
555,frize_33.jpg,frize,10,-5.132968,-8.491605
556,frize_35.jpg,frize,4,-31.523384,-7.9291744
557,frize_4.jpg,frize,10,-17.465155,5.165993
558,frize_7.jpg,frize,10,-24.0145,6.7892838
559,frize_8.jpg,frize,10,-5.3572035,8.865722
560,fromanger_1.jpg,fromanger,9,-2.5028422,-22.505632
561,fromanger_15.jpg,fromanger,11,16.523846,-22.31144
562,fromanger_21.jpg,fromanger,13,6.708856,19.369951
563,fromanger_25.jpg,fromanger,13,25.473186,0.15889852
564,fromanger_26.jpg,fromanger,12,27.294395,-17.301855
565,fromanger_7.jpg,fromanger,4,-28.955612,-5.327686
566,fukui_1.jpg,fukui,4,-25.360716,-5.9553013
567,futura-2000_1.jpg,futura-2000,9,-1.9777786,5.782855
568,futura-2000_2.jpg,futura-2000,7,0.5671818,-19.014553
569,futura-2000_3.jpg,futura-2000,2,8.326704,11.518227
570,futura-2000_4.jpg,futura-2000,9,1.9184886,1.9085349
571,gabori_1.jpg,gabori,10,0.38092905,0.4144745
572,gabori_2.jpg,gabori,9,-1.327703,10.731923
573,gabori_3.jpg,gabori,10,5.7208376,-9.130599
574,gabori_4.jpg,gabori,11,20.830307,-26.794085
575,gabori_5.jpg,gabori,11,7.1535683,-25.153557
576,gabori_6.jpg,gabori,11,20.811771,-26.538868
577,gabori_7.jpg,gabori,11,10.37376,-5.457481
578,galvano_1.jpg,galvano,12,26.031458,-14.642496
579,garcia_1.jpg,garcia,4,-28.106226,-10.126685
580,garcin_1.jpg,garcin,7,10.768969,-10.995543
581,gaston-dreyfus_1.jpg,gaston-dreyfus,11,10.239058,-14.474628
582,gnamus_1.jpg,gnamus,2,12.3009205,18.399778
583,godeg_1.jpg,godeg,7,7.7893414,-17.545095
584,goldfarb_1.jpg,goldfarb,2,-8.069759,-6.099144
585,gontcharova_8.jpg,gontcharova,11,20.013481,-20.660837
586,gonzales_1.jpg,gonzales,7,18.218193,-15.954491
587,gonzales_2.jpg,gonzales,2,-11.447543,0.69643265
588,gonzalez_5.jpg,gonzalez,11,15.272808,-20.899754
589,gorenec_1.jpg,gorenec,8,13.69319,3.1491015
590,gorin_1.jpg,gorin,13,31.973858,10.626343
591,gorin_2.jpg,gorin,0,-16.944944,16.834757
592,gorin_3.jpg,gorin,0,-5.3489933,-27.233809
593,gorin_4.jpg,gorin,13,29.938795,7.8270063
594,gorin_5 (2).jpg,gorin,8,12.634459,3.9788446
595,gorin_6.jpg,gorin,13,28.180714,10.385527
596,gorin_7.jpg,gorin,3,30.31677,12.665496
597,gorin_8.jpg,gorin,5,-0.097556174,28.574816
598,gorki_1.jpg,gorki,10,0.031051263,3.9057684
599,granell_1.jpg,granell,6,-9.466383,13.183501
600,granell_2.jpg,granell,9,1.776347,6.6649094
601,graverol_1.jpg,graverol,7,6.47661,-16.716753
602,griffa_2.jpg,griffa,2,1.4244651,17.517998
603,gruden_1.jpg,gruden,10,-0.42598692,8.6600685
604,guitet_1.jpg,guitet,11,15.002082,-11.069956
605,guitet_11.jpg,guitet,12,23.588339,-17.085503
606,guitet_12.jpg,guitet,12,23.50723,-16.314056
607,guitet_13.jpg,guitet,2,7.138638,17.069748
608,guitet_15.jpg,guitet,7,15.852802,-5.022674
609,guitet_16.jpg,guitet,6,-3.47031,24.84217
610,guitet_2.jpg,guitet,10,-11.427152,-17.950878
611,guitet_3.jpg,guitet,1,20.230726,5.206073
612,guitet_4.jpg,guitet,1,16.15756,18.604927
613,guitet_5.jpg,guitet,2,5.9760466,17.72798
614,guitet_6.jpg,guitet,2,-8.786206,3.24914
615,guitet_7.jpg,guitet,6,-10.102937,6.766343
616,guitet_9.jpg,guitet,6,-12.334831,19.82394
617,gujral_1.jpg,gujral,7,-8.457599,-12.990177
618,gutai_1.jpg,gutai,10,-13.15411,-10.559864
619,gysin_1.jpg,gysin,4,-23.977325,-0.19640839
620,gysin_10.jpg,gysin,13,23.654257,8.395804
621,gysin_11.jpg,gysin,6,-12.369693,18.798634
622,gysin_2.jpg,gysin,6,-10.786652,23.411787
623,gysin_6.jpg,gysin,10,-8.001893,-1.5393862
624,gysin_7.jpg,gysin,6,-10.819786,22.86631
625,gysin_8.jpg,gysin,2,-9.412903,-0.5050973
626,gysin_9.jpg,gysin,10,-7.7199993,-2.354614
627,halley_1.jpg,halley,13,30.80831,3.1823137
628,hammons_1.jpg,hammons,2,-17.618084,19.918013
629,hantai_1.jpg,hantai,8,6.251715,0.19796619
630,hantai_2.jpg,hantai,13,-16.572355,-15.315192
631,hantai_4.jpg,hantai,6,-17.382334,19.115082
632,hantai_5.jpg,hantai,9,2.4083486,4.6557136
633,hantai_6.jpg,hantai,4,-16.61021,-15.367458
634,hantai_7.jpg,hantai,4,-16.930391,-3.2995605
635,hantai_8.jpg,hantai,9,7.5858502,7.0398154
636,haring_12.jpg,haring,4,-26.587042,-7.3254066
637,hartung_1.jpg,hartung,10,-24.181747,2.2181299
638,hartung_10.jpg,hartung,7,5.467647,-13.518602
639,hartung_11.jpg,hartung,10,-18.709164,-19.515173
640,hartung_12.jpg,hartung,11,22.884161,-20.664371
641,hartung_13.jpg,hartung,6,-9.1641445,22.411768
642,hartung_14.jpg,hartung,9,3.5012407,8.832912
643,hartung_15.jpg,hartung,3,34.602734,-12.775416
644,hartung_16.jpg,hartung,3,34.731266,-12.601513
645,hartung_17.jpg,hartung,2,-9.911245,15.902584
646,hartung_18.jpg,hartung,7,0.36815643,-18.987677
647,hartung_19.jpg,hartung,6,-25.15996,4.63612
648,hartung_2.jpg,hartung,4,-19.777357,-9.527516
649,hartung_20.jpg,hartung,2,-22.491577,-11.1946
650,hartung_21.jpg,hartung,6,-4.118244,23.266548
651,hartung_22.jpg,hartung,10,-22.667593,-13.7487135
652,hartung_23.jpg,hartung,13,7.4194365,-2.8544579
653,hartung_24.jpg,hartung,4,-26.73061,2.0170083
654,hartung_25.jpg,hartung,10,-10.198097,-11.344182
655,hartung_26.jpg,hartung,11,11.635894,-20.521694
656,hartung_27.jpg,hartung,2,-17.563984,8.543072
657,hartung_28.jpg,hartung,2,-22.696062,-11.538279
658,hartung_29.jpg,hartung,4,-22.577332,-12.7861185
659,hartung_3.jpg,hartung,14,-10.423361,30.672712
660,hartung_30.jpg,hartung,7,-1.2952793,-13.375141
661,hartung_31.jpg,hartung,4,-27.595676,-9.006322
662,hartung_32.jpg,hartung,4,-20.526045,-8.349904
663,hartung_33.jpg,hartung,10,-22.652761,-16.673225
664,hartung_4.jpg,hartung,10,-1.7300428,4.2059093
665,hartung_5.jpg,hartung,4,-22.638506,-16.507843
666,hartung_6.jpg,hartung,5,17.071562,7.961631
667,hartung_7.jpg,hartung,0,-5.852889,-20.393047
668,hartung_8.jpg,hartung,12,24.43383,-20.64535
669,hartung_9.jpg,hartung,14,-10.501709,27.589079
670,hartung_98.jpg,hartung,7,4.852011,-12.320849
671,ha_1.jpg,ha,11,18.70091,-24.28617
672,ha_2.jpg,ha,9,3.9354305,5.2686186
673,helion_1.jpg,helion,7,6.5257673,11.320272
674,helion_2.jpg,helion,13,23.999844,1.3040022
675,helion_20.jpg,helion,2,-26.791248,11.781816
676,helion_21.jpg,helion,11,23.785948,-7.1502542
677,helion_22.jpg,helion,2,6.7831845,11.87389
678,helion_23.jpg,helion,13,24.863922,3.6276953
679,helion_3.jpg,helion,7,12.02667,-5.825799
680,helion_4.jpg,helion,7,22.30221,-9.205225
681,helion_5.jpg,helion,2,-26.790709,11.782713
682,helion_55.jpg,helion,13,28.802439,3.5224414
683,helion_56.jpg,helion,13,29.173004,6.6974216
684,helion_57.jpg,helion,13,24.365509,2.2076185
685,helion_58.jpg,helion,7,9.646782,-8.729576
686,helion_59.jpg,helion,7,10.130904,-12.366888
687,helion_60.jpg,helion,9,19.520884,7.1172805
688,helion_61.jpg,helion,7,22.310207,-9.1842785
689,hemery_1.jpg,hemery,10,3.868131,-11.609408
690,henschel_1.jpg,henschel,11,20.295603,-17.38678
691,henschel_2.jpg,henschel,7,4.1250887,-5.46886
692,henschel_3.jpg,henschel,10,9.55699,-9.900866
693,henschel_4.jpg,henschel,7,10.189951,-13.078292
694,henschel_5.jpg,henschel,3,32.988686,-13.083925
695,henschel_6.jpg,henschel,11,17.070715,-14.047868
696,herbin_1.jpg,herbin,11,18.797474,-10.152298
697,herbin_26.jpg,herbin,11,21.998945,-3.24849
698,herbin_27.jpg,herbin,11,17.096668,-8.833421
699,herbin_28.jpg,herbin,10,-2.3125448,-5.8357763
700,herbin_3.jpg,herbin,8,14.553181,-0.17923005
701,herbin_31.jpg,herbin,13,22.551794,-3.2938454
702,herbin_37.jpg,herbin,12,26.842709,-16.32285
703,herbin_39.jpg,herbin,7,7.790612,-14.83362
704,herbin_4.jpg,herbin,12,29.734335,-14.799227
705,herbin_40.jpg,herbin,9,9.865872,-3.8469207
706,herbin_41.jpg,herbin,9,-1.9719591,8.853535
707,herbin_42.jpg,herbin,5,1.2473438,25.737347
708,herbin_5.jpg,herbin,1,32.205414,1.6132145
709,herbin_6.jpg,herbin,1,6.236509,23.78684
710,herbin_7.jpg,herbin,13,28.182077,9.232291
711,herbin_8.jpg,herbin,1,28.919325,-1.2689004
712,herbin_9.jpg,herbin,11,20.517523,-23.534252
713,herrera_1.jpg,herrera,3,21.403908,21.306198
714,herrera_2.jpg,herrera,6,-12.61742,11.947102
715,herrera_3.jpg,herrera,0,12.480999,13.222319
716,hong_1.jpg,hong,8,7.7355,-0.53517884
717,horlain_1.jpg,horlain,11,16.113436,-12.965144
718,horlain_2.jpg,horlain,11,16.713335,-12.141216
719,horlain_3.jpg,horlain,10,9.482294,-1.8282785
720,horlain_4.jpg,horlain,9,17.65825,5.667416
721,hugo_1.jpg,hugo,2,-15.630511,10.62731
722,hugo_2.jpg,hugo,2,-16.498652,-24.836329
723,hugo_3.jpg,hugo,7,2.6237938,-6.325988
724,hugo_4.jpg,hugo,2,-15.662668,10.56162
725,huitric-nahas_1.jpg,huitric-nahas,4,-29.684978,-8.870277
726,hume_1.jpg,hume,3,5.0963273,-17.618975
727,humphries_1.jpg,humphries,4,-30.332478,-3.9239857
728,humphries_2.jpg,humphries,4,-28.683617,-4.654428
729,huszar_1.jpg,huszar,13,24.817877,3.8400152
730,huszar_2.jpg,huszar,13,31.113321,5.95556
731,iannone_10.jpg,iannone,4,-26.26924,-6.6839495
732,iannone_5.jpg,iannone,4,-15.991349,-12.798946
733,iannone_6.jpg,iannone,0,8.853576,-27.900356
734,iannone_7.jpg,iannone,0,9.809747,16.104406
735,iannone_8.jpg,iannone,7,27.12126,-9.703804
736,iannone_9.jpg,iannone,1,18.044218,4.4755893
737,ismael_1.jpg,ismael,7,12.153445,-9.17829
738,isou_1.jpg,isou,4,-16.263784,-8.199512
739,istrati_1.jpg,istrati,10,-11.848585,-11.461544
740,janco_1.jpg,janco,10,-8.027306,-6.849818
741,janicot_1.jpg,janicot,2,-15.127763,11.992438
742,jaray_1.jpg,jaray,2,-2.4818106,18.511375
743,jemek_1.jpg,jemek,14,-11.272702,31.082687
744,johns_1.jpg,johns,2,-17.325306,12.5182
745,joong_1.jpg,joong,7,3.343043,-22.675161
746,jorn_1.jpg,jorn,10,-2.1571472,-8.832284
747,jorn_2.jpg,jorn,10,1.4428991,-9.740549
748,jorn_3.jpg,jorn,2,-16.415728,-4.026572
749,joung_1.jpg,joung,6,-6.16214,25.474705
750,jung_1.jpg,jung,4,-18.909954,-8.03656
751,kablat_1.jpg,kablat,9,-15.652809,6.1398234
752,kadiweu_1.jpg,kadiweu,10,7.312972,-20.573837
753,kagaya_1.jpg,kagaya,4,-24.159317,-13.123911
754,kagaya_2.jpg,kagaya,4,-24.332453,-13.178378
755,kallos_1.jpg,kallos,14,-10.860934,29.543793
756,kallos_2.jpg,kallos,10,2.9174464,-12.310439
757,kalt_1.jpg,kalt,6,-10.730353,9.77322
758,kandinsky_1.jpg,kandinsky,2,14.435772,11.374677
759,kandinsky_10.jpg,kandinsky,10,-4.3455,9.624473
760,kandinsky_11.jpg,kandinsky,9,0.70953983,11.798329
761,kandinsky_12.jpg,kandinsky,10,11.016588,-0.06488417
762,kandinsky_13.jpg,kandinsky,10,-1.3665901,-7.0100837
763,kandinsky_14.jpg,kandinsky,11,20.088583,-21.798204
764,kandinsky_16.jpg,kandinsky,10,-3.6324296,-11.074238
765,kandinsky_17.jpg,kandinsky,0,-5.5068493,-25.10836
766,kandinsky_18.jpg,kandinsky,6,-5.608664,8.02848
767,kandinsky_19.jpg,kandinsky,9,2.64005,6.37682
768,kandinsky_2.jpg,kandinsky,11,12.829414,-11.253964
769,kandinsky_20.jpg,kandinsky,11,20.069866,-8.524295
770,kandinsky_21.jpg,kandinsky,10,-3.0881443,-14.519756
771,kandinsky_22.jpg,kandinsky,6,-8.13995,12.739783
772,kandinsky_23.jpg,kandinsky,2,-6.8148627,-19.545021
773,kandinsky_24.jpg,kandinsky,2,9.21839,9.064478
774,kandinsky_25.jpg,kandinsky,3,35.540424,-11.957747
775,kandinsky_3.jpg,kandinsky,9,-0.674238,6.009562
776,kandinsky_4.jpg,kandinsky,0,-5.939294,-26.217701
777,kandinsky_5.jpg,kandinsky,2,4.010663,-1.0237886
778,kandinsky_6.jpg,kandinsky,10,-4.2193837,9.098523
779,kandinsky_7.jpg,kandinsky,10,-3.6656382,11.894064
780,kandinsky_8.jpg,kandinsky,9,2.0719213,3.167086
781,kandinsky_9.jpg,kandinsky,9,7.601683,1.0052978
782,kapus_1.jpg,kapus,10,-3.7931783,2.782458
783,katsura_1.jpg,katsura,4,-21.68055,-2.1665258
784,katsura_2.jpg,katsura,4,-17.373726,0.08511136
785,katsura_3.jpg,katsura,13,23.73543,8.614937
786,kazuo_1.jpg,kazuo,7,3.5719295,-20.860611
787,kelly_1.jpg,kelly,1,24.271797,-2.2329645
788,kelly_10.jpg,kelly,2,6.4432297,18.719427
789,kelly_11.jpg,kelly,6,1.7308645,19.996767
790,kelly_12.jpg,kelly,1,26.226109,-2.837217
791,kelly_13.jpg,kelly,5,3.3337102,28.754442
792,kelly_14.jpg,kelly,5,21.499374,20.045258
793,kelly_15.jpg,kelly,2,-7.000911,-19.117971
794,kelly_2.jpg,kelly,0,11.413369,9.7184105
795,kelly_3.jpg,kelly,0,-4.711546,27.61687
796,kelly_4.jpg,kelly,10,0.24377567,-11.414829
797,kelly_5.jpg,kelly,14,-12.086018,27.569387
798,kelly_6.jpg,kelly,12,26.197092,-20.099894
799,kelly_7.jpg,kelly,14,-3.2187004,33.81441
800,kelly_8.jpg,kelly,12,29.198639,-19.182518
801,kelly_9.jpg,kelly,11,-8.353438,-14.968947
802,kemeny_1.jpg,kemeny,4,-24.542402,-2.6818507
803,kera_1.jpg,kera,10,-18.537678,-11.088133
804,kerouac_1.jpg,kerouac,6,-10.544253,23.4658
805,keseru_1.jpg,keseru,11,18.06022,-21.398966
806,khanna_1.jpg,khanna,10,-8.069176,-11.572606
807,khanna_2.jpg,khanna,2,-9.938169,-6.803494
808,khanna_3.jpg,khanna,2,-14.260423,-0.719474
809,khanna_4.jpg,khanna,11,16.71541,-19.827648
810,khanna_5.jpg,khanna,2,-14.736072,-0.40377718
811,khanna_6.jpg,khanna,10,-8.129729,-14.285979
812,khanna_7.jpg,khanna,4,-10.775104,-6.819091
813,khidekel_1.jpg,khidekel,13,23.63672,-4.4997697
814,khidekel_2.jpg,khidekel,14,-9.132285,30.518654
815,kiefer_1.jpg,kiefer,4,-15.705809,-1.4574178
816,kiefer_2.jpg,kiefer,4,-21.393488,-5.5543585
817,kiefer_3.jpg,kiefer,4,-21.7214,-5.129634
818,kiefer_4.jpg,kiefer,4,-21.291847,-5.3168936
819,kijno_1.jpg,kijno,9,19.33438,16.158464
820,kim_1.jpg,kim,4,-28.443052,-9.545566
821,kim_2.jpg,kim,2,-15.361171,-3.2644918
822,kim_4.jpg,kim,4,-24.474775,-8.947922
823,kim_5.jpg,kim,10,4.4327407,-2.2977865
824,kim_6.jpg,kim,10,0.79136837,-6.8018217
825,kim_7.jpg,kim,2,-13.311357,-16.819214
826,kim_8.jpg,kim,8,6.76185,5.5850654
827,kirchberger_1.jpg,kirchberger,14,-5.1870837,31.91763
828,klee_1.jpg,klee,2,-12.67772,5.19504
829,klee_10.jpg,klee,13,21.88587,4.0469584
830,klee_11.jpg,klee,13,28.13173,3.0891912
831,klee_2.jpg,klee,6,-3.798532,20.213896
832,klee_22.jpg,klee,4,-29.591335,-3.530711
833,klee_23.jpg,klee,6,-20.522322,20.26076
834,klee_25.jpg,klee,14,-11.2236805,31.351393
835,klee_26.jpg,klee,14,-8.447111,26.026222
836,klee_32.jpg,klee,4,-17.152895,-0.70889765
837,klee_33.jpg,klee,4,-16.79481,-0.64358765
838,klee_9.jpg,klee,6,3.5922165,12.769418
839,klein_1.jpg,klein,6,-6.389035,6.3691974
840,klein_2.jpg,klein,7,22.030624,-6.551003
841,klein_3.jpg,klein,5,3.8931723,17.971268
842,klucis_1.jpg,klucis,7,4.735727,-16.252962
843,kossof_1.jpg,kossof,4,-20.71798,-4.820175
844,kotnik_1.jpg,kotnik,11,16.763935,-11.362314
845,koudriachov_1.jpg,koudriachov,9,8.700457,-7.4147334
846,koudriachov_2.jpg,koudriachov,0,-1.0801182,11.376769
847,ko_1.jpg,ko,2,-14.961164,3.931464
848,krasner_1.jpg,krasner,4,-18.916162,-13.538292
849,krasner_2.jpg,krasner,10,-18.764748,-14.026013
850,kregar_1.jpg,kregar,6,-5.88044,15.719814
851,kregar_2.jpg,kregar,6,-4.941885,15.7497
852,kulmer_1.jpg,kulmer,2,-14.620881,-2.346459
853,kum_1.jpg,kum,10,11.593723,-16.49866
854,kupka_1.jpg,kupka,12,26.16377,-19.63777
855,kupka_10.jpg,kupka,7,7.491632,-11.62595
856,kupka_11.jpg,kupka,11,15.021272,-23.005688
857,kupka_12.jpg,kupka,10,-0.9708412,-10.938697
858,kupka_13.jpg,kupka,11,21.215912,-18.775414
859,kupka_14.jpg,kupka,0,4.027563,0.6317273
860,kupka_17.jpg,kupka,11,18.028042,-18.7829
861,kupka_2.jpg,kupka,11,21.662485,-18.639158
862,kupka_3.jpg,kupka,10,7.542306,-23.169962
863,kupka_4.jpg,kupka,10,-1.9313583,-17.322424
864,kupka_5.jpg,kupka,10,-0.18804881,-14.701047
865,kupka_6.jpg,kupka,9,-2.4703968,10.674268
866,kupka_7.jpg,kupka,10,-5.6338186,-7.5646687
867,kupka_8.jpg,kupka,12,21.368158,-20.352564
868,kupka_9.jpg,kupka,11,14.906998,-18.664936
869,kwon_1.jpg,kwon,10,-13.055125,-3.3062658
870,la-bourdonnaye_1.jpg,la-bourdonnaye,5,-6.760877,23.240005
871,labs_1.jpg,labs,4,-27.073925,-2.382422
872,laloy_1.jpg,laloy,4,-28.683764,1.3528091
873,lamarche_1.jpg,lamarche,10,19.96473,16.058691
874,lamba_1.jpg,lamba,6,-9.0927105,20.410837
875,lanyon_1.jpg,lanyon,10,7.317921,-9.297799
876,lanyon_2.jpg,lanyon,11,14.286434,-12.227338
877,laubies_1.jpg,laubies,6,-11.962951,23.43043
878,laubies_2.jpg,laubies,7,4.2160687,-3.9358943
879,lazzari_1.jpg,lazzari,4,-22.934557,-11.027644
880,le-corbusier_1.jpg,le-corbusier,9,0.82043767,3.6845326
881,le-moal_2.jpg,le-moal,10,-0.4976625,-1.0618376
882,le-moal_4.jpg,le-moal,9,5.672125,4.8401384
883,le-parc_1.jpg,le-parc,6,-18.960104,23.559877
884,le-parc_2.jpg,le-parc,11,-3.2058938,-19.14825
885,le-parc_3.jpg,le-parc,9,33.444096,-9.053431
886,leadbeater_1.jpg,leadbeater,7,6.58372,-19.144173
887,leadbeater_2.jpg,leadbeater,7,6.498165,-19.143017
888,leadbeater_3.jpg,leadbeater,10,5.854755,-0.24452412
889,leclercq_1.jpg,leclercq,9,16.534868,8.483958
890,lee_1.jpg,lee,2,-12.6786585,5.192677
891,lee_2.jpg,lee,6,-3.8007896,20.224867
892,lee_3.jpg,lee,10,-7.727754,-6.5044694
893,lee_4.jpg,lee,14,8.642628,30.950447
894,lee_5.jpg,lee,9,3.7368472,8.93812
895,lee_6.jpg,lee,8,12.166349,1.8619857
896,leger-f_16.jpg,leger-f,10,5.367656,-11.334903
897,leger-f_17.jpg,leger-f,11,14.538822,-17.309118
898,leger-f_21.jpg,leger-f,11,26.708529,0.26348755
899,leger-f_23.jpg,leger-f,10,8.598709,-4.5160294
900,leger-f_24.jpg,leger-f,13,26.57984,6.7803326
901,leger-f_25.jpg,leger-f,10,4.271624,-10.686185
902,leger-f_40.jpg,leger-f,13,31.73621,4.5131674
903,leger-f_41.jpg,leger-f,11,13.834892,-25.641066
904,leger-f_6.jpg,leger-f,4,-21.288666,-13.342785
905,leger-f_7.jpg,leger-f,10,12.01246,-22.846102
906,leger-f_8.jpg,leger-f,10,11.410313,-22.700048
907,leger-f_9.jpg,leger-f,11,17.51468,-23.737074
908,leger-n_10.jpg,leger-n,7,18.588093,-12.977453
909,leger-n_11.jpg,leger-n,8,10.513512,-9.765658
910,leger-n_25.jpg,leger-n,7,13.508145,-15.389059
911,leger-n_27.jpg,leger-n,7,32.467873,-13.153883
912,leger-n_30.jpg,leger-n,11,16.605095,-25.949532
913,leger-n_31.jpg,leger-n,7,8.188219,-28.320078
914,leger-n_33.jpg,leger-n,9,8.279743,3.7841954
915,leger-n_34.jpg,leger-n,7,8.274766,-28.261087
916,leger-n_35.jpg,leger-n,9,7.492518,3.46213
917,leger-n_36.jpg,leger-n,2,7.067692,-5.866926
918,leger-n_37.jpg,leger-n,0,-6.367112,-26.460518
919,leger-n_6.jpg,leger-n,12,25.86286,-18.277952
920,leger-n_7.jpg,leger-n,7,13.504285,-15.39136
921,lemonnier_1.jpg,lemonnier,4,-25.222166,-7.7951846
922,lemonnier_2.jpg,lemonnier,13,30.47788,12.064728
923,lerin_1.jpg,lerin,9,5.6290803,8.744333
924,lerin_2.jpg,lerin,8,6.0734425,8.696717
925,leroy_11.jpg,leroy,4,-19.996386,-4.1145215
926,leroy_12.jpg,leroy,4,-20.25411,-5.862685
927,leroy_13.jpg,leroy,4,-19.644411,-6.059501
928,leroy_14.jpg,leroy,4,-18.273706,-4.5649233
929,leroy_16.jpg,leroy,4,-18.293709,-3.8314657
930,leroy_17.jpg,leroy,4,-15.05436,-4.1683235
931,leroy_18.jpg,leroy,4,-23.531544,-7.6064034
932,leroy_19.jpg,leroy,4,-20.700674,-7.26033
933,leroy_2.jpg,leroy,4,-17.670097,-6.317677
934,leroy_20.jpg,leroy,6,-18.577408,1.6498035
935,leroy_21.jpg,leroy,4,-18.456274,1.3154358
936,leroy_4.jpg,leroy,4,-19.250301,-6.021809
937,leroy_7.jpg,leroy,4,-20.07459,-4.683916
938,leroy_8.jpg,leroy,4,-17.073177,-4.54267
939,leroy_9.jpg,leroy,4,-14.291894,-7.4222302
940,lesage_11.jpg,lesage,2,-19.985132,5.65454
941,lesage_12.jpg,lesage,2,-20.231962,4.9456167
942,lesage_13.jpg,lesage,4,-21.6818,-7.997618
943,lesage_14.jpg,lesage,4,-20.012568,5.4609094
944,lesage_15.jpg,lesage,2,-20.257511,4.9195642
945,lesage_24.jpg,lesage,4,-23.929953,-6.2558026
946,lesage_3.jpg,lesage,4,-23.514452,-6.8200965
947,lesage_4.jpg,lesage,4,-24.481567,-7.219115
948,lesage_5.jpg,lesage,11,-26.173792,-14.629465
949,lesage_7.jpg,lesage,4,-26.148731,-13.9286995
950,lesage_9.jpg,lesage,4,-26.028404,-13.87088
951,leslie_1.jpg,leslie,6,-1.1368456,20.832378
952,lewis_1.jpg,lewis,7,-9.110042,-11.008851
953,lichtenberg-1.jpg,lichtenberg-1.jpg,4,-20.896463,-9.816179
954,lichtenberg-2.jpg,lichtenberg-2.jpg,4,-11.100129,-13.372816
955,lichtenberg-3.jpg,lichtenberg-3.jpg,10,-11.058629,-13.519702
956,licini_1.jpg,licini,2,-8.980676,-17.727322
957,licini_2.jpg,licini,2,-4.5942855,6.025206
958,licini_3.jpg,licini,5,3.5406876,25.618069
959,lipchitz_9.jpg,lipchitz,8,14.020041,2.2295887
960,loazzari_2.jpg,loazzari,2,-13.425177,1.9098837
961,long_1.jpg,long,2,-11.31077,2.1285906
962,loubchansky_1.jpg,loubchansky,1,28.388597,-3.4239757
963,loubchansky_2.jpg,loubchansky,2,-2.3153427,-0.2414312
964,loubchansky_3.jpg,loubchansky,3,13.744914,17.225233
965,lupertz_1.jpg,lupertz,0,-3.6803627,13.167749
966,lussigny_1.jpg,lussigny,13,23.456089,14.058541
967,lussigny_2.jpg,lussigny,5,22.745705,14.473626
968,maar_16.jpg,maar,14,-7.841174,28.273539
969,maar_17.jpg,maar,0,-0.47713852,13.513863
970,maar_18.jpg,maar,6,-18.429962,9.375314
971,maar_19.jpg,maar,6,-18.47668,8.556957
972,maar_20.jpg,maar,13,25.083193,6.3049994
973,maar_21.jpg,maar,10,8.175153,-12.065322
974,maar_22.jpg,maar,10,-3.917073,-18.598232
975,maar_23.jpg,maar,6,-9.048642,19.236605
976,magnelli_1.jpg,magnelli,9,-4.6941257,6.3607993
977,magnelli_10.jpg,magnelli,1,17.524958,1.2474649
978,magnelli_2.jpg,magnelli,11,17.429296,-9.088691
979,magnelli_3.jpg,magnelli,9,10.804545,20.470804
980,magnelli_4.jpg,magnelli,7,13.83318,-9.323846
981,magnelli_5.jpg,magnelli,7,13.789299,-10.087911
982,magnelli_6.jpg,magnelli,13,29.892656,1.4847499
983,magnelli_7.jpg,magnelli,12,29.513512,-14.500088
984,magnelli_8.jpg,magnelli,14,20.080301,11.009033
985,magnelli_9.jpg,magnelli,5,-6.7912984,25.192543
986,malaprade_1.jpg,malaprade,1,26.43851,-3.2295153
987,malaprade_2.jpg,malaprade,13,31.873543,2.4673572
988,malaprade_3.jpg,malaprade,13,30.736496,5.375191
989,malevitch_1.jpg,malevitch,1,23.49901,-2.0036204
990,malevitch_10.jpg,malevitch,10,-1.6628101,-10.608225
991,malevitch_11.jpg,malevitch,1,24.669613,-2.2070506
992,malevitch_12.jpg,malevitch,10,-1.6650281,-4.2556777
993,malevitch_2.jpg,malevitch,0,-2.1150281,12.699677
994,malevitch_3.jpg,malevitch,11,19.5128,-7.3771915
995,malevitch_4.jpg,malevitch,13,30.689253,11.790717
996,malevitch_7.jpg,malevitch,11,6.286172,-11.762573
997,malevitch_8.jpg,malevitch,7,7.619794,-16.4347
998,mallo_2.jpg,mallo,11,17.565836,-16.40431
999,mallo_3.jpg,mallo,2,4.191406,13.538678
1000,manessier_1.jpg,manessier,11,19.37444,-19.835272
1001,manessier_2.jpg,manessier,12,25.216722,-18.355766
1002,manessier_3.jpg,manessier,11,21.49553,-12.904819
1003,manzoni_1.jpg,manzoni,6,-13.703234,18.738409
1004,marclay_1.jpg,marclay,4,-19.601933,-12.095325
1005,marclay_2.jpg,marclay,9,21.803568,3.9686878
1006,marclay_3.jpg,marclay,11,33.3484,-11.367598
1007,marclay_4.jpg,marclay,4,-18.661348,7.8471065
1008,marclay_5.jpg,marclay,10,-5.8111405,-12.030125
1009,marclay_6.jpg,marclay,4,-25.551987,0.5445228
1010,marclay_7.jpg,marclay,10,-9.196171,-9.763082
1011,marclay_9.jpg,marclay,10,-18.415956,7.369253
1012,marden_1.jpg,marden,12,27.933685,-15.901317
1013,marden_2.jpg,marden,10,-6.704634,-4.4057055
1014,marden_3.jpg,marden,4,-19.171686,-12.273407
1015,marfaing_1.jpg,marfaing,9,-10.475022,8.827336
1016,marfaing_2.jpg,marfaing,5,0.63533413,31.235653
1017,marfaing_3.jpg,marfaing,10,-1.9670544,2.1168184
1018,marfaing_4.jpg,marfaing,5,0.7215429,31.313955
1019,marquette_1.jpg,marquette,13,22.896309,7.0453544
1020,massanet_1.jpg,massanet,14,-8.981197,27.013378
1021,masson_1.jpg,masson,2,-9.370756,-3.3488553
1022,masson_11.jpg,masson,6,-7.5889363,20.118307
1023,masson_12.jpg,masson,9,5.867214,5.0237045
1024,masson_13.jpg,masson,9,-1.8843852,8.262598
1025,masson_2.jpg,masson,10,1.0320657,-5.6312633
1026,masson_4.jpg,masson,10,-3.2135804,-9.480886
1027,masson_5.jpg,masson,2,2.0456722,14.216051
1028,masson_8.jpg,masson,2,-9.888912,-8.707699
1029,mathieu_1.jpg,mathieu,6,-3.7994275,21.976454
1030,mathieu_10.jpg,mathieu,10,-18.05053,-9.70812
1031,mathieu_16.jpg,mathieu,2,4.688351,-3.8004334
1032,mathieu_19.jpg,mathieu,13,26.80965,12.890174
1033,mathieu_27.jpg,mathieu,2,-15.495796,0.79249483
1034,mathieu_3.jpg,mathieu,10,-10.210775,-12.13362
1035,mathieu_5.jpg,mathieu,10,-6.477201,-11.189929
1036,mathieu_7.jpg,mathieu,10,2.5181243,-12.616977
1037,matisse_20.jpg,matisse,9,15.259644,13.89326
1038,matta_1.jpg,matta,6,4.227205,21.733658
1039,matta_2.jpg,matta,9,-10.7620735,4.8460183
1040,matta_3.jpg,matta,2,-6.2911344,2.0851862
1041,matta_4.jpg,matta,6,-7.2524657,9.509971
1042,matta_5.jpg,matta,10,-7.0301795,8.980016
1043,matta_6.jpg,matta,2,-10.651195,4.7276626
1044,mauri_1.jpg,mauri,13,32.517666,6.8444586
1045,mehadji_10.jpg,mehadji,9,7.869799,7.501611
1046,mehadji_11.jpg,mehadji,6,-20.746296,5.7110634
1047,mehadji_16.jpg,mehadji,2,6.0253196,6.6623855
1048,mehadji_17.jpg,mehadji,9,5.8899446,6.681808
1049,mehadji_18.jpg,mehadji,9,1.5228128,8.733354
1050,mehadji_2.jpg,mehadji,9,-1.4835334,6.902592
1051,mehadji_30.jpg,mehadji,7,-3.2115734,-23.966022
1052,mehadji_32.jpg,mehadji,1,17.937222,-4.0062003
1053,mehadji_6.jpg,mehadji,6,-22.598032,3.8685713
1054,mehretu_1.jpg,mehretu,10,-5.920922,-15.748721
1055,meijer_1.jpg,meijer,0,-7.3850265,14.08211
1056,meijer_2.jpg,meijer,7,19.088572,-0.34788555
1057,melehi_1.jpg,melehi,8,14.891468,-3.3757951
1058,merz_1.jpg,merz,5,-2.430027,29.551659
1059,messagier_1.jpg,messagier,6,-7.543476,19.89089
1060,messagier_2.jpg,messagier,6,-8.203639,11.415461
1061,messagier_3.jpg,messagier,10,9.082495,-1.8198745
1062,meurice_1.jpg,meurice,12,27.37064,-18.53912
1063,michaux_1.jpg,michaux,6,-6.700374,22.53802
1064,michaux_11.jpg,michaux,4,-21.21547,-1.3552183
1065,michaux_12.jpg,michaux,6,1.4845201,16.591928
1066,michaux_13.jpg,michaux,4,-20.934502,-0.9807785
1067,michaux_14.jpg,michaux,2,-9.708276,3.3129416
1068,michaux_15.jpg,michaux,9,-5.076669,13.163829
1069,michaux_2.jpg,michaux,6,-29.415932,4.954102
1070,michaux_3.jpg,michaux,10,-19.340086,-17.453758
1071,michaux_4.jpg,michaux,10,-21.016222,-13.960496
1072,michaux_5.jpg,michaux,10,-8.970929,-7.5358768
1073,michaux_6.jpg,michaux,6,-14.250885,13.441968
1074,michaux_7.jpg,michaux,9,-28.024633,6.972949
1075,millares_1.jpg,millares,9,-12.413784,-15.066191
1076,minoru_1.jpg,minoru,4,-26.903938,-4.0443363
1077,min_1.jpg,min,11,21.189224,-11.192754
1078,min_10.jpg,min,11,21.453709,-10.819684
1079,min_2.jpg,min,13,24.261873,0.38339096
1080,min_3.jpg,min,11,20.808374,-11.2518
1081,min_4.jpg,min,12,22.548685,-16.566168
1082,min_5.jpg,min,4,-20.86255,-10.208052
1083,min_6.jpg,min,11,15.503935,-9.113913
1084,min_7.jpg,min,9,2.9113579,-2.4035172
1085,min_8.jpg,min,7,4.9541206,-2.041827
1086,min_9.jpg,min,9,-10.168083,14.412855
1087,miro_1.jpg,miro,2,-14.488548,13.523196
1088,miro_10.jpg,miro,7,5.6983438,-4.648296
1089,miro_11.jpg,miro,9,6.874161,-4.429864
1090,miro_12.jpg,miro,9,3.9462285,22.677011
1091,miro_13.jpg,miro,2,-7.971886,0.0445306
1092,miro_14.jpg,miro,4,-15.18597,-9.183409
1093,miro_16.jpg,miro,10,-8.203933,-3.9662278
1094,miro_2.jpg,miro,10,-14.975075,-9.208386
1095,miro_3.jpg,miro,2,15.904381,22.272251
1096,miro_4.jpg,miro,2,15.926364,22.264013
1097,miro_5.jpg,miro,2,15.813476,22.345524
1098,miro_7.jpg,miro,10,-14.94482,-9.687459
1099,miro_8.jpg,miro,2,-13.096156,0.4338054
1100,miro_9.jpg,miro,7,13.64297,-8.430409
1101,mitchell_1.jpg,mitchell,10,-4.2779865,-5.0213776
1102,mitchell_10.jpg,mitchell,6,-2.1955028,10.675597
1103,mitchell_11.jpg,mitchell,6,-9.067739,9.695071
1104,mitchell_12.jpg,mitchell,10,-8.997293,8.906888
1105,mitchell_13.jpg,mitchell,9,1.4851512,5.411901
1106,mitchell_14.jpg,mitchell,10,-2.6303647,-6.8742023
1107,mitchell_15.jpg,mitchell,10,2.512638,-9.417186
1108,mitchell_16.jpg,mitchell,10,-7.231257,-8.532247
1109,mitchell_17.jpg,mitchell,10,-13.707565,7.2593427
1110,mitchell_18.jpg,mitchell,10,-0.7666825,4.886908
1111,mitchell_19.jpg,mitchell,10,-4.9493523,1.1471438
1112,mitchell_2.jpg,mitchell,4,-22.241695,-0.37486005
1113,mitchell_20.jpg,mitchell,7,2.922636,-7.4834576
1114,mitchell_21.jpg,mitchell,10,-2.8641374,-7.6114187
1115,mitchell_22.jpg,mitchell,11,18.579853,-11.209053
1116,mitchell_23.jpg,mitchell,10,19.285175,-10.528048
1117,mitchell_24.jpg,mitchell,6,-7.7078733,15.662446
1118,mitchell_25.jpg,mitchell,10,2.2169292,-8.324369
1119,mitchell_26.jpg,mitchell,1,14.786827,-8.702986
1120,mitchell_27.jpg,mitchell,10,-3.6356254,-6.7279377
1121,mitchell_28.jpg,mitchell,10,-1.3955549,-6.096522
1122,mitchell_29.jpg,mitchell,10,-3.1381319,-5.7091336
1123,mitchell_3.jpg,mitchell,6,-7.216429,11.333795
1124,mitchell_30.jpg,mitchell,11,18.728136,-21.138695
1125,mitchell_31.jpg,mitchell,10,14.272857,-22.063854
1126,mitchell_4.jpg,mitchell,6,-7.8545394,11.09064
1127,mitchell_5.jpg,mitchell,10,-8.638079,10.216338
1128,mitchell_6.jpg,mitchell,10,-9.482876,9.214972
1129,mitchell_7.jpg,mitchell,6,-12.227833,11.97104
1130,mitchell_8.jpg,mitchell,10,-0.45090646,5.046343
1131,mitchell_9.jpg,mitchell,4,-11.818158,-10.548689
1132,moholy-nagy_1.jpg,moholy-nagy,7,10.479227,15.667338
1133,moholy-nagy_2.jpg,moholy-nagy,2,-6.732163,-22.379673
1134,moignard_1.jpg,moignard,2,-3.1972811,-22.81979
1135,moignard_2.jpg,moignard,10,-2.5348456,-15.695664
1136,moignard_3.jpg,moignard,2,4.6102395,-6.6022453
1137,moignard_4.jpg,moignard,7,3.9909964,-17.028055
1138,molinero_1.jpg,molinero,4,-17.354414,-7.024113
1139,molinero_2.jpg,molinero,4,-16.883717,-6.7922764
1140,molnar_1.jpg,molnar,13,24.832817,12.891512
1141,mondrian_10.jpg,mondrian,13,21.620945,5.823654
1142,mondrian_13.jpg,mondrian,13,30.425516,7.365705
1143,mondrian_14.jpg,mondrian,13,33.009907,5.2784233
1144,mondrian_15.jpg,mondrian,13,32.68214,5.722326
1145,mondrian_16.jpg,mondrian,13,27.482351,5.3494654
1146,mondrian_17.jpg,mondrian,13,27.49561,5.2972655
1147,mondrian_27.jpg,mondrian,13,29.579735,5.9466057
1148,mondrian_7.jpg,mondrian,11,18.2799,-21.752338
1149,mondrian_8.jpg,mondrian,4,-21.551476,-12.219629
1150,monory_1.jpg,monory,6,-8.194269,17.975311
1151,montalcini_1.jpg,montalcini,4,-21.286192,-9.058014
1152,montanier_1.jpg,montanier,11,19.500252,-2.1434252
1153,montanier_2.jpg,montanier,9,0.5795213,6.855572
1154,montanier_3.jpg,montanier,7,7.7204103,-15.1916065
1155,montanier_4.jpg,montanier,11,19.918396,-13.162871
1156,mont_1.jpg,mont,14,-10.139549,32.11584
1157,moon_1.jpg,moon,4,-19.743792,-8.477785
1158,morellet_1.jpg,morellet,4,-26.112001,-10.857128
1159,morellet_2.jpg,morellet,13,31.445177,6.935012
1160,morellet_3.jpg,morellet,3,8.552115,3.9990165
1161,morellet_4.jpg,morellet,0,-1.8148315,12.751175
1162,morellet_5.jpg,morellet,2,-14.776599,-20.233294
1163,morellet_6.jpg,morellet,4,-27.468193,-10.851898
1164,moreni_1.jpg,moreni,9,7.7291446,-9.615075
1165,mortensen_1.jpg,mortensen,3,6.6171145,3.348209
1166,murillo_1.jpg,murillo,7,11.203077,-14.692573
1167,music_1.jpg,music,2,-22.95926,-20.861517
1168,music_2.jpg,music,2,-5.8824677,-2.132309
1169,music_3.jpg,music,2,-9.23381,-1.8071827
1170,napangardi_1.jpg,napangardi,4,-27.542881,-11.91596
1171,napangardi_2.jpg,napangardi,4,-28.813282,-12.257564
1172,napangardi_3.jpg,napangardi,4,-28.710947,-12.175396
1173,nasseri_1.jpg,nasseri,4,-29.065779,-10.496201
1174,nassyo_1.jpg,nassyo,10,-6.6409335,-6.105431
1175,nassyo_2.jpg,nassyo,10,-6.377244,-6.092473
1176,nay_1.jpg,nay,10,-1.0707716,-5.5919275
1177,nemours_1.jpg,nemours,3,28.610758,-10.614309
1178,newman_1.jpg,newman,3,28.411503,-8.0184765
1179,newman_2.jpg,newman,11,-24.181177,-14.42873
1180,newman_3.jpg,newman,11,13.700088,-27.11767
1181,nishida_1.jpg,nishida,4,-24.558023,-10.57552
1182,nkanga_17.jpg,nkanga,9,3.6576912,1.1076639
1183,nkanga_19.jpg,nkanga,7,3.9059331,-21.434155
1184,nkanga_25.jpg,nkanga,8,13.166726,4.383236
1185,nkanga_3.jpg,nkanga,10,-11.052205,-9.66656
1186,noel_1.jpg,noel,0,10.547164,14.061655
1187,noel_2.jpg,noel,4,-20.907566,-2.905292
1188,noel_3.jpg,noel,4,-22.457233,-3.3678875
1189,noel_4.jpg,noel,4,-16.32205,-2.5766735
1190,novelli_1.jpg,novelli,2,-19.628626,11.536091
1191,oba_1.jpg,oba,7,5.871069,-7.5785017
1192,oehlen_1.jpg,oehlen,6,8.549199,23.501537
1193,oehlen_3.jpg,oehlen,10,2.691716,-5.028961
1194,oelze_1.jpg,oelze,10,-0.4357609,-1.6449232
1195,okamura_1.jpg,okamura,10,-7.5938053,1.5328346
1196,omigakuen_1.jpg,omigakuen,4,-27.360283,-6.132849
1197,omigakuen_2.jpg,omigakuen,4,-32.611366,-8.432891
1198,onslow-ford_1.jpg,onslow-ford,10,13.096841,-12.354643
1199,opoku_1.jpg,opoku,10,-4.153474,-13.336055
1200,paek_1.jpg,paek,2,20.20635,16.042887
1201,pagava_1.jpg,pagava,14,-12.227443,21.355257
1202,pagava_2.jpg,pagava,12,27.472454,-16.142199
1203,pagava_3.jpg,pagava,6,-0.923687,22.703072
1204,pagava_5.jpg,pagava,6,-8.69143,25.398762
1205,pages_1.jpg,pages,5,3.055188,27.249651
1206,pages_99.jpg,pages,6,-22.05513,8.242633
1207,pailhorpe_1.jpg,pailhorpe,6,-8.002138,16.735321
1208,pailthorpe_1.jpg,pailthorpe,6,-1.75672,17.50787
1209,palencia_1.jpg,palencia,2,-5.852921,3.3037155
1210,palencia_2.jpg,palencia,6,-12.622549,8.257599
1211,palmer_1.jpg,palmer,4,-19.39222,-0.52399135
1212,pannaggi_1.jpg,pannaggi,7,23.923168,-7.9162135
1213,papazoff_1.jpg,papazoff,2,1.3385184,-21.519724
1214,paressant-tual_1.jpg,paressant-tual,11,19.0181,-13.15349
1215,park_1.jpg,park,10,-10.150692,6.7117662
1216,parmeggiani_1.jpg,parmeggiani,6,-1.7488128,15.32331
1217,parmentier_1.jpg,parmentier,5,-2.4502025,26.476786
1218,parmentier_2.jpg,parmentier,14,-14.514336,28.629297
1219,patel_1.jpg,patel,2,-6.649169,-2.5541868
1220,paternosto_1.jpg,paternosto,2,-9.118972,-15.366749
1221,patricio_1.jpg,patricio,4,-29.630396,-5.36761
1222,peire_1.jpg,peire,12,26.392857,-20.663689
1223,penone_1.jpg,penone,4,-26.077532,-10.010286
1224,perilli_1.jpg,perilli,11,16.182177,-18.60282
1225,perl_1.jpg,perl,0,0.7597062,12.972251
1226,perrament_1.jpg,perrament,10,-1.0827172,-9.320794
1227,petyarre_1.jpg,petyarre,4,-24.65795,-10.619627
1228,phase-2_1.jpg,phase-2,9,4.0146065,7.300365
1229,picabia_1.jpg,picabia,2,11.372853,16.404871
1230,picabia_10.jpg,picabia,10,0.65418035,-3.0712714
1231,picabia_2.jpg,picabia,7,0.28988653,-20.861511
1232,picabia_3.jpg,picabia,10,10.284106,-5.72129
1233,picabia_4.jpg,picabia,6,-11.1622,-18.578169
1234,picabia_5.jpg,picabia,2,14.17598,8.934796
1235,picabia_6.jpg,picabia,11,19.535378,-4.147931
1236,picabia_7.jpg,picabia,2,10.443116,14.248418
1237,picasso_1.jpg,picasso,11,25.229584,-15.333301
1238,picasso_11.jpg,picasso,7,10.34097,-14.297355
1239,picasso_12.jpg,picasso,11,25.226742,-15.33014
1240,picasso_2.jpg,picasso,2,-1.8283544,17.59434
1241,picasso_23.jpg,picasso,10,-13.804384,-7.1380057
1242,picasso_4.jpg,picasso,10,-0.5058515,-3.30726
1243,picasso_6.jpg,picasso,10,-0.93462247,-3.8925672
1244,piffaretti_1.jpg,piffaretti,13,31.222633,7.8956485
1245,piffaretti_2.jpg,piffaretti,13,26.347704,7.644052
1246,piffaretti_3.jpg,piffaretti,3,29.559826,-10.215929
1247,podgornik_1.jpg,podgornik,10,-4.398062,-0.4068531
1248,poliakoff_2.jpg,poliakoff,7,11.517281,-6.1654363
1249,poliakoff_3.jpg,poliakoff,9,5.2703667,21.080626
1250,poliakoff_4.jpg,poliakoff,2,15.580264,10.039802
1251,poliakoff_5.jpg,poliakoff,7,16.809372,11.24148
1252,poliakoff_6.jpg,poliakoff,10,0.30791435,-5.1634946
1253,poliakof_1.jpg,poliakof,2,15.729577,10.121732
1254,polke_1.jpg,polke,2,-9.8486595,-2.660202
1255,polke_2.jpg,polke,10,0.77373505,-6.1998487
1256,polke_3.jpg,polke,14,-8.235949,29.718481
1257,polke_4.jpg,polke,13,21.146713,7.632696
1258,pollock-3.jpg,pollock-3.jpg,4,-31.654015,-11.407944
1259,pollock_1.jpg,pollock,4,-26.63713,-8.909504
1260,pollock_10.jpg,pollock,4,-32.159054,-11.171072
1261,pollock_12.jpg,pollock,4,-30.863651,-11.030355
1262,pollock_13.jpg,pollock,4,-31.96256,-11.533889
1263,pollock_2.jpg,pollock,4,-16.487894,-9.992049
1264,pollock_4.jpg,pollock,4,-32.268314,-11.643076
1265,pollock_5.jpg,pollock,4,-31.656605,-11.124647
1266,pollock_7.jpg,pollock,4,-32.48634,-11.453363
1267,pollock_8.jpg,pollock,4,-32.025246,-11.17582
1268,pollock_9.jpg,pollock,4,-31.9413,-10.925129
1269,pons_1.jpg,pons,7,23.329287,5.2253942
1270,popova_1.jpg,popova,7,10.412568,-27.026064
1271,popova_2.jpg,popova,10,-4.880298,-10.665293
1272,popova_3.jpg,popova,10,-4.1517587,-9.253127
1273,prampolini_1.jpg,prampolini,5,3.100251,23.54604
1274,prampolini_2.jpg,prampolini,6,-4.7258606,11.033745
1275,prampolini_3.jpg,prampolini,9,3.9365234,2.8590097
1276,prampolini_4.jpg,prampolini,7,10.927776,-6.817432
1277,prampolini_5.jpg,prampolini,9,-1.3955314,7.732539
1278,pressager_1.jpg,pressager,10,0.59555334,-9.948728
1279,pressager_2.jpg,pressager,10,0.46447662,-9.859392
1280,prevati_1.jpg,prevati,5,-2.205797,29.753508
1281,proweller_1.jpg,proweller,7,28.627888,-8.711269
1282,rae_1.jpg,rae,10,-3.517338,-4.4262166
1283,rahon_1.jpg,rahon,4,-16.771244,-10.584292
1284,rahon_2.jpg,rahon,4,-23.353107,-10.496151
1285,rama_1.jpg,rama,2,-16.995361,-5.231638
1286,rama_2.jpg,rama,6,-11.250178,20.998419
1287,rama_3.jpg,rama,14,-9.328838,28.814556
1288,rawsthorne_1.jpg,rawsthorne,11,20.708088,-17.223753
1289,redon_2.jpg,redon,2,-23.023191,-20.839598
1290,redon_3.jpg,redon,2,-23.008718,-20.836832
1291,reggiani_1.jpg,reggiani,0,3.2450342,-29.201658
1292,reigl_1.jpg,reigl,6,-14.17124,19.145926
1293,reigl_2.jpg,reigl,10,-8.619163,-25.615007
1294,reigl_3.jpg,reigl,9,4.102879,4.9288554
1295,reigl_4.jpg,reigl,9,3.964162,5.1453424
1296,reigl_5.jpg,reigl,7,16.139572,12.414181
1297,reth_1.jpg,reth,2,-14.339149,-2.4141715
1298,reth_2.jpg,reth,7,13.291845,-13.715589
1299,reth_3.jpg,reth,7,10.736311,-11.372071
1300,reutersvard_1.jpg,reutersvard,7,16.18191,11.259235
1301,reutersvard_2.jpg,reutersvard,0,-4.792503,-15.165984
1302,rheingantz_1.jpg,rheingantz,10,-8.270482,-0.30258307
1303,richter_1.jpg,richter,14,-14.904168,24.995764
1304,richter_10.jpg,richter,6,-11.670756,13.929247
1305,richter_11.jpg,richter,6,-11.988821,14.960014
1306,richter_12.jpg,richter,2,-12.546847,14.725508
1307,richter_13.jpg,richter,4,-12.078022,-2.854232
1308,richter_14.jpg,richter,10,-11.98308,-2.8000224
1309,richter_15.jpg,richter,10,-1.3918934,-13.031106
1310,richter_17.jpg,richter,14,-2.5746741,24.932177
1311,richter_2.jpg,richter,13,30.995743,6.0075765
1312,richter_3.jpg,richter,11,17.417856,-19.85479
1313,richter_4.jpg,richter,10,-4.962206,-12.275949
1314,richter_5.jpg,richter,4,-12.8513775,-1.8447874
1315,richter_6.jpg,richter,4,-19.420984,-7.151164
1316,richter_7.jpg,richter,10,-0.731144,-12.501954
1317,richter_8.jpg,richter,10,-13.374902,-5.2952833
1318,richter_9.jpg,richter,10,-13.3693905,-5.2974505
1319,riley_98.jpg,riley,12,28.4481,-21.272709
1320,riley_99.jpg,riley,12,28.43363,-21.270802
1321,ripoulin_1.jpg,ripoulin,4,-26.16451,-6.072052
1322,ristori_1.jpg,ristori,13,1.3763363,21.485058
1323,ristori_2.jpg,ristori,13,29.514761,11.854976
1324,ristori_3.jpg,ristori,10,3.602471,-13.691611
1325,ristori_4.jpg,ristori,10,-3.2430944,-7.782285
1326,ristori_5.jpg,ristori,6,-6.7997627,17.167406
1327,ristori_6.jpg,ristori,10,-3.7340453,-18.428514
1328,ristori_7.jpg,ristori,6,-10.368243,9.346182
1329,rist_1.jpg,rist,13,25.024475,-13.9796295
1330,roche_1.jpg,roche,10,1.9670093,-17.091896
1331,rodtchenko_.jpg,rodtchenko,7,21.719818,17.773651
1332,rodtchenko_1.jpg,rodtchenko,8,15.368833,0.51399064
1333,rodtchenko_3.jpg,rodtchenko,7,9.723224,-16.084278
1334,rondinone_1.jpg,rondinone,8,15.393046,2.7515311
1335,rossiter_1.jpg,rossiter,5,1.3759985,31.922253
1336,rotella_1.jpg,rotella,2,-11.745393,-0.096153505
1337,rotella_2.jpg,rotella,10,-11.556032,-0.031475518
1338,rothko_1.jpg,rothko,10,-2.771022,5.8126884
1339,rothko_11.jpg,rothko,6,8.838089,23.297483
1340,rothko_20.jpg,rothko,10,4.4504614,-7.5244107
1341,rothko_21.jpg,rothko,10,-2.3771753,5.5045667
1342,rothko_24.jpg,rothko,5,5.7282047,23.89541
1343,rothko_26.jpg,rothko,10,0.40721437,1.8398619
1344,rothko_27.jpg,rothko,10,-2.97679,4.3277173
1345,rothko_28.jpg,rothko,10,4.55134,-7.7110825
1346,rothko_29.jpg,rothko,6,-14.365359,18.090693
1347,rothko_30.jpg,rothko,10,4.6753087,-8.294881
1348,rothko_31.jpg,rothko,10,0.53775465,1.7325215
1349,rothko_32.jpg,rothko,10,4.149312,-8.816082
1350,rothko_33.jpg,rothko,11,7.056587,-10.325372
1351,rothko_34.jpg,rothko,10,3.6761472,-9.1685705
1352,rothko_35.jpg,rothko,6,-6.136986,11.969125
1353,rothko_36.jpg,rothko,6,-4.1159987,15.371367
1354,rothko_37.jpg,rothko,9,-3.962794,15.386196
1355,rothko_38.jpg,rothko,10,6.7432365,-10.447457
1356,rothko_39.jpg,rothko,11,30.539684,-5.212529
1357,rothko_40.jpg,rothko,12,31.659805,-6.2256174
1358,rothko_41.jpg,rothko,1,30.900454,-4.655634
1359,rothko_42.jpg,rothko,1,31.692831,-3.8809037
1360,rothko_43.jpg,rothko,6,9.117141,23.035618
1361,rothko_44.jpg,rothko,1,31.35938,-4.194202
1362,rothko_45.jpg,rothko,1,31.607536,-5.994158
1363,rothko_46.jpg,rothko,1,13.258288,26.183039
1364,rothko_47.jpg,rothko,1,11.659429,30.675457
1365,rothko_48.jpg,rothko,1,10.681962,30.762756
1366,rothko_49.jpg,rothko,1,11.900033,26.680845
1367,rothko_50.jpg,rothko,14,-6.814271,28.788979
1368,rothko_51.jpg,rothko,1,21.731867,-0.985235
1369,rothko_52.jpg,rothko,14,10.402543,29.127354
1370,rothko_53.jpg,rothko,1,29.723833,-2.5889862
1371,rothko_54.jpg,rothko,1,10.465705,29.030577
1372,rothko_55.jpg,rothko,1,11.721292,26.718233
1373,rothko_56.jpg,rothko,1,10.766053,26.447199
1374,rothko_57.jpg,rothko,1,7.461211,25.386576
1375,rothko_58.jpg,rothko,9,4.942263,23.141659
1376,rothko_59.jpg,rothko,1,13.341484,26.159567
1377,rothko_60.jpg,rothko,8,10.101841,25.760382
1378,rothko_61.jpg,rothko,1,11.360247,30.702751
1379,rothko_62.jpg,rothko,1,30.443213,-2.5640867
1380,rothko_63.jpg,rothko,14,9.088624,30.902845
1381,rothko_64.jpg,rothko,14,9.721328,30.952707
1382,rothko_65.jpg,rothko,14,-5.317534,29.719542
1383,rothko_66.jpg,rothko,1,28.957296,-2.7019877
1384,rothko_67.jpg,rothko,7,13.495785,-4.536285
1385,rothko_68.jpg,rothko,11,18.723213,-16.827793
1386,rothko_69.jpg,rothko,2,10.002206,25.131292
1387,rothschild_1.jpg,rothschild,10,1.6837097,-13.258569
1388,rozanova_1.jpg,rozanova,9,6.1173744,-5.8106217
1389,rozanova_2.jpg,rozanova,11,28.008913,-9.643139
1390,ruff_1.jpg,ruff,14,-9.3338175,28.149406
1391,ruggeri_1.jpg,ruggeri,9,-1.2466164,-22.354134
1392,sabatier_1.jpg,sabatier,10,-15.306301,-11.512883
1393,saburo_1.jpg,saburo,10,0.20001379,-4.975692
1394,sage_1.jpg,sage,2,-17.377584,13.226815
1395,sage_2.jpg,sage,0,-4.372194,-0.3808862
1396,saint-phalle_1.jpg,saint-phalle,11,18.959589,-20.971748
1397,saint-phalle_2.jpg,saint-phalle,11,17.917665,-19.92745
1398,saito_1.jpg,saito,4,-26.649721,2.2159345
1399,sander_1.jpg,sander,2,-9.893052,0.6602166
1400,sanfilippo_1.jpg,sanfilippo,4,-15.765863,-13.157245
1401,saroni_1.jpg,saroni,10,2.14858,-9.448033
1402,saura_1 (2).jpg,saura,9,-7.7968063,7.2570095
1403,saura_1.jpg,saura,9,-7.7920012,7.2598634
1404,scheggi_1.jpg,scheggi,5,1.4618528,28.466576
1405,schifano_1.jpg,schifano,6,-10.474474,12.315936
1406,schneider_1.jpg,schneider,7,8.677782,-11.8257265
1407,schoffer_1.jpg,schoffer,5,-2.1749725,25.92079
1408,schonberg_1.jpg,schonberg,5,2.0574992,27.944637
1409,schonberg_2.jpg,schonberg,5,21.494019,17.512712
1410,schonberg_3.jpg,schonberg,6,21.038488,17.443495
1411,schoonhoven_1.jpg,schoonhoven,14,-11.480141,31.309744
1412,schumacher_1.jpg,schumacher,2,2.1988182,-21.145287
1413,schwitters_1.jpg,schwitters,7,12.312209,-3.0487185
1414,scott_1.jpg,scott,2,11.65891,16.912481
1415,seligmann.jpg,seligmann.jpg,9,1.198371,-21.777044
1416,senkine_1.jpg,senkine,7,-13.5555105,-23.661146
1417,serusier_1.jpg,serusier,7,12.067424,-4.7795258
1418,severini_1.jpg,severini,10,-9.009517,-5.369098
1419,seys_1.jpg,seys,10,-7.072547,-4.2420125
1420,shabazi_1.jpg,shabazi,3,10.052322,31.607779
1421,shanghai_1.jpg,shanghai,6,-15.829182,15.122895
1422,shanghai_10.jpg,shanghai,6,-16.602169,18.441675
1423,shanghai_11.jpg,shanghai,6,-16.476955,18.724586
1424,shanghai_2.jpg,shanghai,2,-14.094611,-5.7836137
1425,shanghai_3.jpg,shanghai,6,-18.963741,15.006627
1426,shanghai_4.jpg,shanghai,2,-18.387045,14.087547
1427,shanghai_6.jpg,shanghai,4,-28.452494,-10.068566
1428,shanghai_7.jpg,shanghai,11,19.291346,-7.4118795
1429,shanghai_8.jpg,shanghai,6,-14.639663,16.38948
1430,shanghai_9.jpg,shanghai,2,-13.212632,17.066854
1431,shemza_1.jpg,shemza,12,22.191498,-21.518995
1432,shiraga_1.jpg,shiraga,10,-7.970069,-9.967175
1433,shiraga_2.jpg,shiraga,10,-0.49155834,-8.168548
1434,sima_1.jpg,sima,2,-5.4105563,-1.4702301
1435,sima_2.jpg,sima,2,2.4164112,14.042218
1436,simon_1.jpg,simon,10,-8.671103,14.63078
1437,simon_3.jpg,simon,4,-24.676552,-5.362861
1438,simon_6.jpg,simon,4,-24.660702,-5.867583
1439,singier_1.jpg,singier,10,-3.7477102,-18.205856
1440,singier_2.jpg,singier,9,21.140549,6.5239935
1441,singier_3.jpg,singier,11,20.930826,5.5063944
1442,siqueiros_1.jpg,siqueiros,13,28.742285,1.9002312
1443,sklavos_1.jpg,sklavos,6,-11.801441,7.2519064
1444,smith_1.jpg,smith,4,-23.974474,-7.9329443
1445,snyder_1.jpg,snyder,10,-3.7553477,-3.6144984
1446,son_1.jpg,son,10,-12.458817,-7.047203
1447,soto_1.jpg,soto,10,-24.399296,2.7029097
1448,soto_2.jpg,soto,14,-6.1385274,33.450703
1449,souietine_1.jpg,souietine,0,-3.0971084,13.003766
1450,souietine_2.jpg,souietine,13,27.812792,5.732276
1451,souietine_3.jpg,souietine,7,26.172867,-9.911936
1452,soulages_1.jpg,soulages,5,0.26452795,29.928492
1453,soulages_10.jpg,soulages,3,35.00341,-11.560419
1454,soulages_11.jpg,soulages,2,-17.426437,12.420312
1455,soulages_12.jpg,soulages,2,19.852516,2.4019575
1456,soulages_13.jpg,soulages,6,0.20232128,20.559286
1457,soulages_14.jpg,soulages,3,33.523884,-11.725124
1458,soulages_15.jpg,soulages,14,-13.415786,31.269022
1459,soulages_16.jpg,soulages,14,-13.419798,31.272934
1460,soulages_17.jpg,soulages,13,22.714376,16.957233
1461,soulages_18.jpg,soulages,11,12.404069,-19.416233
1462,soulages_19.jpg,soulages,9,1.2720816,-25.585318
1463,soulages_2.jpg,soulages,13,22.724607,17.013323
1464,soulages_20.jpg,soulages,4,-18.98625,-5.0637093
1465,soulages_21.jpg,soulages,10,-15.455719,-5.8382525
1466,soulages_22.jpg,soulages,3,22.099949,2.7952952
1467,soulages_23.jpg,soulages,7,27.463667,-11.602435
1468,soulages_24.jpg,soulages,11,19.1654,-21.911543
1469,soulages_25.jpg,soulages,7,24.573805,-13.3733225
1470,soulages_26.jpg,soulages,7,18.088448,-5.9995623
1471,soulages_3.jpg,soulages,6,-14.622195,22.401976
1472,soulages_4.jpg,soulages,1,26.858688,-1.7752964
1473,soulages_5.jpg,soulages,12,30.880789,-18.048927
1474,soulages_6.jpg,soulages,11,31.339525,-17.88348
1475,soulages_7.jpg,soulages,12,30.855518,-18.067162
1476,soulages_8.jpg,soulages,13,22.922583,2.9845564
1477,soulages_9.jpg,soulages,14,-8.69759,31.438559
1478,sowden_1.jpg,sowden,4,-26.985083,-8.755437
1479,spaletti_1.jpg,spaletti,5,1.4287097,29.871382
1480,specker_1.jpg,specker,11,17.803312,-22.77689
1481,stalhy_1.jpg,stalhy,14,-6.3738813,28.825323
1482,stalhy_2.jpg,stalhy,6,-3.897618,21.934288
1483,stalhy_3.jpg,stalhy,7,16.390646,-5.724429
1484,stazewski_1.jpg,stazewski,12,27.349283,-14.858164
1485,stella_1.jpg,stella,7,16.58792,-26.253222
1486,still_1.jpg,still,11,23.139715,-12.433669
1487,still_2.jpg,still,11,15.883954,-17.604246
1488,stojka_1.jpg,stojka,7,11.967116,-9.908117
1489,storel_1.jpg,storel,10,8.000344,-12.70082
1490,strzeminski_1.jpg,strzeminski,11,7.5628514,-7.4755316
1491,stupica_1.jpg,stupica,2,8.419825,16.92271
1492,szenes_1.jpg,szenes,14,-10.35634,28.38529
1493,szenes_2.jpg,szenes,14,-10.461334,28.81833
1494,taeuber-arp_1.jpg,taeuber-arp,13,27.803028,3.1804059
1495,taeuber-arp_2.jpg,taeuber-arp,2,-8.161036,-12.53439
1496,taeuber-arp_3.jpg,taeuber-arp,13,30.183552,6.170532
1497,taeuber-arp_4.jpg,taeuber-arp,3,17.282362,11.841996
1498,taghavi_1.jpg,taghavi,10,-6.9729023,-7.5078907
1499,tal-coat_3.jpg,tal-coat,2,5.3111315,12.452875
1500,tamayo_1.jpg,tamayo,9,7.3733234,1.8441356
1501,tanavoli_1.jpg,tanavoli,5,0.331597,26.34995
1502,tancredi_1.jpg,tancredi,2,-10.656093,14.470461
1503,tanning_1.jpg,tanning,2,-13.782992,-3.052101
1504,tapies_1.jpg,tapies,2,-12.6897955,1.1966182
1505,tchachnik_1.jpg,tchachnik,13,31.802988,8.377404
1506,tchachnik_2.jpg,tchachnik,12,26.563515,-18.849113
1507,tchelitchew_1.jpg,tchelitchew,10,-5.30349,-3.7736452
1508,themerson_1.jpg,themerson,2,-5.0487304,4.392441
1509,themerson_3.jpg,themerson,2,-5.5965295,4.9335337
1510,themerson_5.jpg,themerson,10,-6.4824576,-15.949556
1511,themerson_6.jpg,themerson,11,9.262049,-15.158985
1512,themerson_7.jpg,themerson,10,-1.3811904,-4.6924725
1513,tiberghien_1.jpg,tiberghien,1,7.6478524,26.908497
1514,tilmans_1.jpg,tilmans,1,7.84261,26.964724
1515,timms_1.jpg,timms,9,1.0667946,3.5847347
1516,tinguely_1.jpg,tinguely,4,-29.11111,-9.973913
1517,tinker_1.jpg,tinker,2,7.9133477,16.722216
1518,tobey_1.jpg,tobey,4,-11.897192,-4.35297
1519,tobey_2.jpg,tobey,2,-8.303987,-1.0838013
1520,tobey_3.jpg,tobey,2,8.4657345,14.326931
1521,tobey_4.jpg,tobey,4,-14.3019285,-8.684011
1522,tomasello_1.jpg,tomasello,6,-22.231266,8.820868
1523,toroni_1.jpg,toroni,6,2.1799712,19.846167
1524,toroni_2.jpg,toroni,5,25.9338,9.344797
1525,toroni_3.jpg,toroni,13,30.777395,9.897838
1526,tourliere_1.jpg,tourliere,2,-20.482729,12.186394
1527,toyen_1.jpg,toyen,11,15.588994,-19.541666
1528,toyen_10.jpg,toyen,6,-0.6701681,9.886371
1529,toyen_11.jpg,toyen,6,-4.718379,18.796242
1530,toyen_12.jpg,toyen,6,-13.3068,9.730291
1531,toyen_13.jpg,toyen,9,-4.2373114,-2.3459215
1532,toyen_14.jpg,toyen,6,-9.688913,23.171574
1533,toyen_15.jpg,toyen,10,-3.4868393,-1.7194366
1534,toyen_16.jpg,toyen,9,-0.25901783,18.787298
1535,toyen_17.jpg,toyen,9,-3.8023043,7.8510284
1536,toyen_18.jpg,toyen,11,13.880248,-20.713688
1537,toyen_2.jpg,toyen,9,-3.6796699,9.837342
1538,toyen_26.jpg,toyen,9,-10.009525,-4.7166324
1539,toyen_7.jpg,toyen,2,6.3019433,-5.2600336
1540,toyen_9.jpg,toyen,6,-4.9918227,23.366713
1541,trenkwalder_1.jpg,trenkwalder,4,-21.523867,-9.205817
1542,trevelyan_1.jpg,trevelyan,2,-5.8209696,0.1488602
1543,tsukiuchi_1.jpg,tsukiuchi,4,-10.860713,-6.2208395
1544,tsukiuchi_2.jpg,tsukiuchi,4,-24.743822,1.0242656
1545,turcato_1.jpg,turcato,2,-13.226744,2.082368
1546,turcato_2.jpg,turcato,14,-5.1935716,27.26109
1547,turcato_5.jpg,turcato,10,-0.3655604,-7.291676
1548,turner-daniel_1.jpg,turner-daniel,7,9.248829,-24.619549
1549,twombly_1.jpg,twombly,11,9.3907385,-20.645906
1550,twombly_10.jpg,twombly,2,-12.529086,2.717728
1551,twombly_11.jpg,twombly,2,-9.106019,5.0418673
1552,twombly_2.jpg,twombly,11,16.019182,-21.274294
1553,twombly_3.jpg,twombly,2,-9.506199,4.684037
1554,twombly_4.jpg,twombly,4,-22.069778,-4.2810593
1555,twombly_5.jpg,twombly,14,-6.5921035,30.849546
1556,twombly_6.jpg,twombly,2,-8.519798,3.8067884
1557,twombly_7.jpg,twombly,2,5.166142,16.790865
1558,twombly_8.jpg,twombly,10,-8.479621,3.8375282
1559,twombly_9.jpg,twombly,6,-5.766951,7.7633667
1560,tyson_1.jpg,tyson,6,-5.626223,16.012226
1561,tyson_2.jpg,tyson,6,-8.191395,12.007151
1562,tzara_1.jpg,tzara,7,3.8817625,-15.235629
1563,ubac_1.jpg,ubac,14,-11.096769,26.723814
1564,ubac_2.jpg,ubac,14,-12.488886,25.080572
1565,ufan_1.jpg,ufan,12,27.425362,-20.157267
1566,van-hecke_1.jpg,van-hecke,10,-1.3847945,2.8654356
1567,van-hirtum_1.jpg,van-hirtum,4,-23.756744,-11.524345
1568,van-rees-duthil_14.jpg,van-rees-duthil,2,-12.928893,-4.253851
1569,van-rees-o_10.jpg,van-rees-o,11,14.885947,-13.832275
1570,van-rees-o_46.jpg,van-rees-o,7,10.244125,-6.6568003
1571,van-rees-o_47.jpg,van-rees-o,7,14.028683,-2.2880929
1572,van-rees-o_49.jpg,van-rees-o,11,21.603617,-12.594717
1573,van-rees-o_5.jpg,van-rees-o,11,18.124105,-16.709661
1574,van-rees-o_56.jpg,van-rees-o,10,-5.064619,-15.01275
1575,van-rees-o_57.jpg,van-rees-o,7,14.826031,-7.576573
1576,van-rees-o_9.jpg,van-rees-o,7,14.315676,-13.493151
1577,van-velde-b_1.jpg,van-velde-b,9,-0.40010172,8.438212
1578,van-velde_1.jpg,van-velde,2,5.6536965,15.179837
1579,vanel_2.jpg,vanel,11,12.361199,-22.618687
1580,vantongerloo_1.jpg,vantongerloo,13,28.550669,7.942435
1581,van_doesburg_1.jpg,van,13,30.811874,3.2152913
1582,van_doesburg_2.jpg,van,13,30.317833,4.047018
1583,van_doesburg_3.jpg,van,12,29.879854,-15.017968
1584,varo_1.jpg,varo,10,-5.8682094,-14.1457405
1585,varo_2.jpg,varo,9,-1.2031326,0.60730183
1586,vasarely_1.jpg,vasarely,13,27.377062,4.727044
1587,vasarely_10.jpg,vasarely,11,-27.397522,-15.440379
1588,vasarely_11.jpg,vasarely,4,-29.547003,-12.526648
1589,vasarely_12.jpg,vasarely,13,26.184017,5.820287
1590,vasarely_13.jpg,vasarely,12,29.002846,-21.041758
1591,vasarely_14.jpg,vasarely,4,-30.73379,-8.775024
1592,vasarely_15.jpg,vasarely,13,31.856993,-13.486112
1593,vasarely_16.jpg,vasarely,13,26.214811,8.836002
1594,vasarely_17.jpg,vasarely,2,-3.9364896,-6.1204004
1595,vasarely_18.jpg,vasarely,10,-15.018454,-19.170673
1596,vasarely_19.jpg,vasarely,10,-12.822671,-14.709757
1597,vasarely_2.jpg,vasarely,13,22.450003,6.662913
1598,vasarely_20.jpg,vasarely,10,-3.858264,-7.8876657
1599,vasarely_21.jpg,vasarely,9,5.0400033,7.9667306
1600,vasarely_22.jpg,vasarely,9,2.6071916,4.8390603
1601,vasarely_23.jpg,vasarely,13,26.468126,6.7643776
1602,vasarely_24.jpg,vasarely,4,-31.130848,-8.025251
1603,vasarely_25.jpg,vasarely,10,-15.627743,-18.978212
1604,vasarely_26.jpg,vasarely,10,-15.651559,-18.895645
1605,vasarely_27.jpg,vasarely,4,-15.98125,-17.802683
1606,vasarely_28.jpg,vasarely,10,-15.495326,-17.22241
1607,vasarely_29.jpg,vasarely,10,-24.014744,6.7287035
1608,vasarely_3.jpg,vasarely,6,-14.502649,-14.69465
1609,vasarely_30.jpg,vasarely,7,8.237429,-16.363688
1610,vasarely_31.jpg,vasarely,10,-14.878448,-20.140265
1611,vasarely_32.jpg,vasarely,10,9.783848,-0.15058453
1612,vasarely_33.jpg,vasarely,8,14.7916355,2.9388595
1613,vasarely_34.jpg,vasarely,11,12.065075,-13.341921
1614,vasarely_35.jpg,vasarely,8,14.229455,1.795248
1615,vasarely_36.jpg,vasarely,7,10.634344,-0.98426914
1616,vasarely_4.jpg,vasarely,14,-11.0666065,28.689352
1617,vasarely_5.jpg,vasarely,13,25.295044,7.3465953
1618,vasarely_6.jpg,vasarely,12,30.401627,-17.167694
1619,vasarely_7.jpg,vasarely,1,27.75711,-3.8276312
1620,vasarely_8.jpg,vasarely,1,30.881083,-1.7038276
1621,vasarely_9.jpg,vasarely,14,33.498245,9.53947
1622,vedova_1.jpg,vedova,4,-19.680561,-11.219132
1623,vedova_2.jpg,vedova,4,-18.318012,-11.122992
1624,vedova_3.jpg,vedova,4,-18.125977,-11.882313
1625,vedova_99.jpg,vedova,11,14.330093,-20.567324
1626,venet_1.jpg,venet,11,20.738152,-16.861294
1627,venet_2.jpg,venet,9,0.46552715,-24.417788
1628,veronesi_1.jpg,veronesi,5,4.8131647,16.218765
1629,vescovi_1.jpg,vescovi,2,11.757774,17.344934
1630,vezelay_1.jpg,vezelay,2,1.2025863,14.20712
1631,vezelay_2.jpg,vezelay,2,-10.430485,-22.928675
1632,vezelay_3.jpg,vezelay,7,24.272772,-8.64069
1633,viallat_99.jpg,viallat,2,-9.672181,-20.644901
1634,vieira-da-silva_1.jpg,vieira-da-silva,2,7.1494207,14.998379
1635,vieira-da-silva_10.jpg,vieira-da-silva,5,-0.25963467,19.02972
1636,vieira-da-silva_11.jpg,vieira-da-silva,6,-7.230533,21.704601
1637,vieira-da-silva_12.jpg,vieira-da-silva,6,-19.720652,11.467636
1638,vieira-da-silva_13.jpg,vieira-da-silva,2,-9.788559,-0.57389694
1639,vieira-da-silva_14.jpg,vieira-da-silva,6,-9.545201,10.977814
1640,vieira-da-silva_4.jpg,vieira-da-silva,4,-16.168877,-12.953131
1641,vieira-da-silva_5.jpg,vieira-da-silva,2,5.4341063,15.367258
1642,vieira-da-silva_6.jpg,vieira-da-silva,10,-9.154846,-10.050025
1643,vieira-da-silva_7.jpg,vieira-da-silva,10,-0.1932616,2.3173983
1644,vieira-da-silva_9.jpg,vieira-da-silva,6,-10.411451,19.596441
1645,villard_1.jpg,villard,4,-18.066826,-8.41446
1646,villard_2.jpg,villard,4,-17.661892,-7.0054355
1647,villa_1.jpg,villa,2,-16.523767,-24.872381
1648,villon_1.jpg,villon,6,-5.6308393,20.054558
1649,volpi_1.jpg,volpi,6,-17.762516,18.223038
1650,von-heyl_1.jpg,von-heyl,10,-14.81115,-13.741926
1651,von-heyl_2.jpg,von-heyl,9,17.801802,14.8641405
1652,vordemberge-gildewart_1.jpg,vordemberge-gildewart,0,11.240456,11.540316
1653,vssd_1.jpg,vssd,4,-15.798935,-6.854653
1654,warhol_26.jpg,warhol,10,-8.626892,-25.61314
1655,william_1.jpg,william,1,15.308621,18.990671
1656,wols_1.jpg,wols,10,-10.790028,-1.7498807
1657,wols_2.jpg,wols,10,7.065342,-7.0153303
1658,wool_1.jpg,wool,10,-17.987278,-12.243247
1659,wool_2.jpg,wool,10,-0.3188816,-2.4740763
1660,wool_3.jpg,wool,10,2.821867,-4.9923
1661,x-3.jpg,x-3.jpg,2,20.233046,12.351194
1662,x-4.jpg,x-4.jpg,2,-18.429934,14.139958
1663,xenakis_1.jpg,xenakis,11,9.672851,-21.76302
1664,xie_1.jpg,xie,9,-3.1059244,6.430711
1665,x_1.jpg,x,13,31.467531,3.7567546
1666,x_2.jpg,x,5,22.9161,11.393736
1667,youngerman_1.jpg,youngerman,9,3.4781654,2.1929991
1668,zakharina-unkovskaya_1.jpg,zakharina-unkovskaya,14,-9.627056,30.176962
1669,zao_1.jpg,zao,10,-2.1598353,-2.5942132
1670,zao_10.jpg,zao,6,-11.139448,24.948702
1671,zao_11.jpg,zao,10,-8.112371,1.4303114
1672,zao_12.jpg,zao,10,-1.9878354,-3.041015
1673,zao_13.jpg,zao,9,-5.1397767,13.925628
1674,zao_14.jpg,zao,2,-8.143296,1.5353143
1675,zao_15.jpg,zao,10,-2.080822,-2.7856863
1676,zao_16.jpg,zao,11,22.533453,-16.54348
1677,zao_17.jpg,zao,2,-8.641863,1.5147938
1678,zao_18.jpg,zao,10,-6.2037587,15.399659
1679,zao_19.jpg,zao,10,-6.260318,14.294275
1680,zao_2.jpg,zao,14,-9.939376,26.252441
1681,zao_20.jpg,zao,6,-5.8411674,14.720523
1682,zao_21.jpg,zao,10,-12.903513,-12.870428
1683,zao_22.jpg,zao,2,-2.8662808,0.8119106
1684,zao_23.jpg,zao,6,-8.251397,22.529053
1685,zao_24.jpg,zao,6,-6.633293,22.617046
1686,zao_25.jpg,zao,10,-3.1275413,0.8786881
1687,zao_26.jpg,zao,6,-10.374557,21.006618
1688,zao_27.jpg,zao,2,-13.728358,-2.4691024
1689,zao_3.jpg,zao,6,-16.43665,17.134039
1690,zao_4.jpg,zao,9,5.3839,1.5102404
1691,zao_5.jpg,zao,6,-9.620805,21.502361
1692,zao_6.jpg,zao,9,2.6973722,8.031737
1693,zao_7.jpg,zao,6,-9.74651,22.353975
1694,zao_8.jpg,zao,6,-11.120136,24.833065
1695,zao_9.jpg,zao,4,-20.465673,-6.429122
1696,zion_1.jpg,zion,10,2.3287575,-2.997656
1697,zion_2.jpg,zion,10,2.2136471,-3.1915383
1698,zion_3.jpg,zion,10,2.1838834,-3.282717
1699,zurn_1.jpg,zurn,9,3.6287932,6.8800807
