index,filename,artist,cluster,x,y
0,aborigene_1.jpg,aborigene,1,-32.046013,-10.414396
1,accardi_1.jpg,accardi,22,-27.441555,-27.030647
2,accardi_2.jpg,accardi,13,2.9374607,28.467566
3,af-klint_1.jpg,af-klint,2,-1.5435041,12.321458
4,af-klint_10.jpg,af-klint,7,3.6272457,-2.6866086
5,af-klint_11.jpg,af-klint,10,18.885698,6.4038076
6,af-klint_12.jpg,af-klint,14,16.626928,-21.933586
7,af-klint_13.jpg,af-klint,12,13.659052,1.7904638
8,af-klint_2.jpg,af-klint,7,-6.527569,-8.597216
9,af-klint_3.jpg,af-klint,19,-23.095327,2.0934157
10,af-klint_4.jpg,af-klint,7,-6.786802,-2.160274
11,af-klint_5.jpg,af-klint,7,-20.331604,8.161149
12,af-klint_6.jpg,af-klint,7,-11.046213,-14.426726
13,af-klint_8.jpg,af-klint,4,-7.5582433,11.065188
14,af-klint_9.jpg,af-klint,12,19.805439,-21.838034
15,afif_1.jpg,afif,1,-5.627441,24.52654
16,afnan_2.jpg,afnan,2,-12.701773,-14.090469
17,afro_1.jpg,afro,7,-1.8244678,-2.638223
18,afro_2.jpg,afro,1,-15.760941,14.282736
19,afro_3.jpg,afro,2,8.164553,12.2527
20,afro_4.jpg,afro,2,13.035494,12.593087
21,afro_5.jpg,afro,2,7.5793104,11.202406
22,afro_6.jpg,afro,2,8.75884,13.026494
23,afro_7.jpg,afro,17,33.07454,0.6314014
24,al-azzawi_1.jpg,al-azzawi,7,2.5057282,0.5206703
25,albers_1.jpg,albers,20,19.140032,24.80004
26,albers_10.jpg,albers,13,2.0705962,30.063852
27,albers_11.jpg,albers,12,24.523493,-6.0908957
28,albers_12.jpg,albers,1,-26.47331,16.259184
29,albers_13.jpg,albers,9,37.321175,-0.34844688
30,albers_14.jpg,albers,3,27.78163,8.485863
31,albers_15.jpg,albers,11,-9.112974,26.146841
32,albers_16.jpg,albers,11,-13.398055,33.677944
33,albers_17.jpg,albers,13,-5.216405,13.9340105
34,albers_2.jpg,albers,2,-6.41604,20.670336
35,albers_3.jpg,albers,18,41.662323,-10.25122
36,albers_4.jpg,albers,2,13.987042,14.457394
37,albers_5.jpg,albers,15,18.552328,32.237442
38,albers_6.jpg,albers,15,18.054102,32.091263
39,albers_7.jpg,albers,15,22.952368,20.384426
40,albers_8.jpg,albers,18,41.532032,-10.130874
41,albers_9.jpg,albers,18,41.540936,-10.142191
42,albert-birot_1.jpg,albert-birot,5,-16.939096,-19.518797
43,alechinsky_1.jpg,alechinsky,5,-21.391273,-11.513666
44,alechinsky_2.jpg,alechinsky,7,-24.714819,-19.539484
45,alechinsky_3.jpg,alechinsky,7,-8.207146,5.0259185
46,alechinsky_4.jpg,alechinsky,23,5.8058023,-8.873455
47,allard_1.jpg,allard,5,-31.342049,-12.144208
48,andre_1.jpg,andre,15,14.675493,21.524712
49,angkasapura_1.jpg,angkasapura,5,-26.936487,-8.605835
50,angkasapura_2.jpg,angkasapura,5,-10.863661,-5.8265266
51,angkasapura_3.jpg,angkasapura,5,-28.074362,-9.3605795
52,appel_11.jpg,appel,19,19.461212,-8.344257
53,appel_2.jpg,appel,19,27.591312,-0.15445645
54,appel_3.jpg,appel,19,-9.511345,-18.121565
55,appel_4.jpg,appel,7,-18.636745,0.7968196
56,appel_5.jpg,appel,7,-11.6441965,-5.852021
57,appel_6.jpg,appel,7,-11.636772,-3.9527354
58,araeen_1.jpg,araeen,17,32.151768,0.30744955
59,arguelles_1.jpg,arguelles,15,16.268742,26.697727
60,arman_1.jpg,arman,7,-13.762893,-5.619326
61,arman_2.jpg,arman,7,-14.111806,-7.3302174
62,arman_3.jpg,arman,7,-13.197165,-4.75306
63,arman_4.jpg,arman,19,26.189196,-8.843138
64,arman_5.jpg,arman,5,-23.136656,-1.7924144
65,arman_6.jpg,arman,22,-17.52079,-4.7799726
66,arman_7.jpg,arman,1,-21.820398,-1.1650649
67,arman_98.jpg,arman,5,-17.404753,-7.043537
68,arman_99.jpg,arman,19,-12.479468,-7.9354467
69,armandon_1.jpg,armandon,2,-14.614869,0.37770858
70,arnal_1.jpg,arnal,5,-19.272896,-10.132509
71,arp_1.jpg,arp,19,10.133592,4.617861
72,arp_2.jpg,arp,14,14.105429,4.56789
73,arp_3.jpg,arp,13,-0.9299841,16.51371
74,arp_4.jpg,arp,14,0.46096665,-14.638559
75,arp_8.jpg,arp,13,-0.51269656,18.472536
76,art-et-language_1.jpg,art-et-language,2,1.3160595,11.464514
77,asse_1.jpg,asse,10,23.86261,8.898581
78,asse_10.jpg,asse,17,21.739098,-4.4293485
79,asse_2.jpg,asse,16,12.424016,19.862442
80,asse_3.jpg,asse,1,-30.295639,7.3372965
81,asse_4.jpg,asse,2,4.163626,19.372183
82,asse_5.jpg,asse,2,6.148983,19.832504
83,asse_6.jpg,asse,14,14.525333,-26.550323
84,asse_7.jpg,asse,16,11.072545,21.200047
85,asse_8.jpg,asse,16,10.340311,20.016739
86,asse_9.jpg,asse,2,6.3397837,16.342173
87,atassi_1.jpg,atassi,8,10.210216,-19.432793
88,atassi_2.jpg,atassi,19,29.827843,-13.834862
89,atlan_1.jpg,atlan,19,11.854885,-5.1538353
90,atlan_2.jpg,atlan,19,25.726599,1.5807275
91,atlan_3.jpg,atlan,17,26.367437,-3.3906133
92,atlan_4.jpg,atlan,19,25.413744,2.6030884
93,atlan_5.jpg,atlan,17,25.011347,-4.291186
94,auerbach_1.jpg,auerbach,7,-16.762615,-5.568169
95,auerbach_2.jpg,auerbach,7,-14.097205,-13.782124
96,ayme_1.jpg,ayme,3,33.392815,10.701936
97,bacher_1.jpg,bacher,11,-12.319244,30.954948
98,bae_1.jpg,bae,7,-9.536814,-14.41801
99,bak_1.jpg,bak,13,4.994193,29.084385
100,balas_1.jpg,balas,4,-11.132495,2.8870804
101,balla_1.jpg,balla,1,-17.99418,11.549262
102,balla_2.jpg,balla,12,15.784512,-20.148792
103,balla_3.jpg,balla,9,37.017307,1.1612036
104,barre_1.jpg,barre,10,10.851994,18.22004
105,barre_2.jpg,barre,16,10.811766,18.50727
106,barre_3.jpg,barre,8,4.1138663,17.312574
107,barre_4.jpg,barre,8,9.400679,17.500729
108,barre_5.jpg,barre,20,21.608906,24.675592
109,bart_1.jpg,bart,16,10.923275,16.443502
110,barthes_1.jpg,barthes,2,-0.6666862,-6.304721
111,barthes_2.jpg,barthes,2,-0.55856997,-6.4053307
112,baruch_1.jpg,baruch,10,20.743734,8.152727
113,baruch_2.jpg,baruch,10,20.627453,7.924872
114,baruchello_1.jpg,baruchello,2,7.4677362,14.454293
115,basquiat_1.jpg,basquiat,5,-26.270018,-18.501348
116,basquiat_12.jpg,basquiat,5,-26.26973,-18.512106
117,basquiat_2.jpg,basquiat,7,-23.18497,-16.272825
118,basquiat_7.jpg,basquiat,19,16.550285,-16.446377
119,bazaine_1.jpg,bazaine,4,-3.0830956,2.2339551
120,beck_1.jpg,beck,4,-1.8286864,8.6236725
121,bedin_1.jpg,bedin,2,-4.60225,-14.268174
122,bellaguet_1.jpg,bellaguet,8,12.749199,8.028907
123,bellmer_1.jpg,bellmer,4,0.86511385,-22.140703
124,beloussovitch_1.jpg,beloussovitch,2,10.29513,9.334034
125,benchamma_1.jpg,benchamma,22,-21.75518,-10.686772
126,benrath_1.jpg,benrath,7,-9.871762,-8.370281
127,benrath_2.jpg,benrath,16,-6.743295,32.82578
128,bergman_1.jpg,bergman,4,-5.1417947,9.113505
129,bergman_10.jpg,bergman,4,8.011971,-18.88424
130,bergman_11.jpg,bergman,4,6.936318,3.4149413
131,bergman_12.jpg,bergman,4,5.454196,1.5232329
132,bergman_13.jpg,bergman,12,14.337257,0.09414653
133,bergman_14.jpg,bergman,19,27.783588,-7.409766
134,bergman_15.jpg,bergman,12,16.186954,-7.851867
135,bergman_16.jpg,bergman,2,9.200618,7.365552
136,bergman_17.jpg,bergman,12,19.11308,-9.9362335
137,bergman_18.jpg,bergman,2,6.050918,-26.005632
138,bergman_19.jpg,bergman,19,13.019571,-8.623644
139,bergman_2.jpg,bergman,10,33.411736,-8.833753
140,bergman_20.jpg,bergman,19,11.785216,-14.3997555
141,bergman_21.jpg,bergman,17,33.854942,-5.171256
142,bergman_22.jpg,bergman,13,-9.113321,18.819311
143,bergman_23.jpg,bergman,5,-16.287481,-18.293642
144,bergman_24.jpg,bergman,12,15.509792,-2.7090597
145,bergman_25.jpg,bergman,11,-14.781134,30.818623
146,bergman_26.jpg,bergman,12,16.12767,-13.310126
147,bergman_27.jpg,bergman,5,-8.649758,-16.976608
148,bergman_28.jpg,bergman,7,-14.4799595,-15.057227
149,bergman_29.jpg,bergman,7,-14.263482,4.2722206
150,bergman_3.jpg,bergman,10,34.047146,-8.476335
151,bergman_30.jpg,bergman,1,-12.05908,25.428493
152,bergman_31.jpg,bergman,12,21.901283,-7.6893415
153,bergman_32.jpg,bergman,4,-3.0100095,8.707666
154,bergman_33.jpg,bergman,2,-15.24705,-16.549807
155,bergman_34.jpg,bergman,4,-18.039562,4.429218
156,bergman_35.jpg,bergman,4,-5.932981,9.820246
157,bergman_36.jpg,bergman,22,-24.582296,-28.75344
158,bergman_37.jpg,bergman,5,-20.74656,-20.772137
159,bergman_38.jpg,bergman,1,-19.223438,25.059206
160,bergman_39.jpg,bergman,19,20.79255,-13.70355
161,bergman_4.jpg,bergman,26,7.774946,-26.114033
162,bergman_40.jpg,bergman,4,-5.2269382,17.23723
163,bergman_41.jpg,bergman,1,-17.045471,15.17239
164,bergman_42.jpg,bergman,19,26.150158,2.8036647
165,bergman_43.jpg,bergman,1,-2.3078558,22.725588
166,bergman_44.jpg,bergman,19,5.572711,5.501219
167,bergman_45.jpg,bergman,11,-10.62038,28.553768
168,bergman_46.jpg,bergman,1,-17.303034,21.024641
169,bergman_47.jpg,bergman,13,-18.227873,27.83659
170,bergman_48.jpg,bergman,1,-4.7072315,30.82724
171,bergman_49.jpg,bergman,11,-14.63823,29.182518
172,bergman_5.jpg,bergman,3,22.288136,-8.029031
173,bergman_50.jpg,bergman,1,-16.846731,14.979262
174,bergman_51.jpg,bergman,2,-7.5160637,-14.003733
175,bergman_52.jpg,bergman,19,3.9462056,-11.412725
176,bergman_6.jpg,bergman,8,18.496254,-10.889904
177,bergman_7.jpg,bergman,4,-6.074945,6.199331
178,bergman_8.jpg,bergman,1,-16.928432,16.02713
179,bergman_9.jpg,bergman,4,-14.885118,13.625188
180,bergman_91.jpg,bergman,17,28.031313,-4.3216076
181,bergman_98.jpg,bergman,2,7.2965627,18.576199
182,bergman_99.jpg,bergman,9,35.009876,1.0490495
183,berman_1.jpg,berman,4,-15.538607,6.22798
184,bernsk_1.jpg,bernsk,2,14.308549,13.108858
185,bernsk_2.jpg,bernsk,7,-8.01276,-16.203924
186,bertholle_1.jpg,bertholle,2,-3.1088483,-19.155132
187,bertholle_2.jpg,bertholle,19,-14.003452,-23.040525
188,bertholle_3.jpg,bertholle,7,-3.1983523,-0.48015887
189,bertholle_4.jpg,bertholle,7,-4.0163956,0.26142094
190,bertrand_1.jpg,bertrand,2,10.484486,7.9002166
191,bezie_1.jpg,bezie,2,11.987929,14.333754
192,bissiere_1.jpg,bissiere,19,27.703762,-5.8522253
193,bissiere_2.jpg,bissiere,21,27.552677,-1.2600996
194,bloc_1.jpg,bloc,8,-1.8011874,-26.455462
195,bloch_1.jpg,bloch,5,-18.310066,-12.110157
196,boccioni_1.jpg,boccioni,7,-7.649259,-10.642659
197,boeti_1.jpg,boeti,2,-6.4012938,-12.7188015
198,boetti_1.jpg,boetti,5,-26.5768,-9.104279
199,boetti_2.jpg,boetti,1,-19.3051,15.715246
200,bonneaud_1.jpg,bonneaud,11,-8.726668,30.964457
201,boumester_1.jpg,boumester,2,3.785016,9.445864
202,bourgeois_1.jpg,bourgeois,20,25.764137,23.809864
203,bouttier_1.jpg,bouttier,5,-16.237297,-18.382915
204,bouttier_2.jpg,bouttier,7,-17.2199,-0.07852034
205,bowling_1.jpg,bowling,23,16.773714,-6.273769
206,bozzolino_1.jpg,bozzolino,8,8.036083,-0.38573393
207,bradford_1.jpg,bradford,5,-15.742252,-14.550886
208,bradford_2.jpg,bradford,5,-20.569664,-9.895444
209,brassai_1.jpg,brassai,23,-16.537476,-8.774894
210,brassai_2.jpg,brassai,7,-20.72581,-8.447634
211,brusse_1.jpg,brusse,1,-8.654864,17.117893
212,brusse_2.jpg,brusse,4,0.05846411,3.460688
213,bryen_1.jpg,bryen,2,2.4600792,11.035643
214,bryen_2.jpg,bryen,7,-21.404655,2.266306
215,buren_1.jpg,buren,17,33.918922,-0.32916054
216,buren_2.jpg,buren,9,34.62112,0.18782085
217,buren_3.jpg,buren,9,38.334377,1.6825597
218,buren_4.jpg,buren,9,38.22539,1.9669062
219,buren_5.jpg,buren,15,29.127846,21.963877
220,burri_1.jpg,burri,1,-6.701748,25.695347
221,burri_10.jpg,burri,7,-8.4265585,-6.883627
222,burri_11.jpg,burri,2,7.546844,11.161643
223,burri_12.jpg,burri,2,-6.086615,-20.308
224,burri_13.jpg,burri,2,3.704109,11.301788
225,burri_14.jpg,burri,2,4.7915287,24.748875
226,burri_15.jpg,burri,2,-12.566515,15.973949
227,burri_2.jpg,burri,4,2.5239758,-17.708595
228,burri_3.jpg,burri,2,-8.863273,-28.833067
229,burri_4.jpg,burri,2,-9.012744,-28.729822
230,burri_5.jpg,burri,11,-0.029068511,31.78424
231,burri_6.jpg,burri,23,-14.882234,-7.6953635
232,burri_7.jpg,burri,1,-12.197135,-27.330229
233,burri_8.jpg,burri,2,-5.8068376,-20.138512
234,burri_9.jpg,burri,1,-15.217731,20.764954
235,burroughs_1.jpg,burroughs,7,-10.073036,-4.0841875
236,buthe_1.jpg,buthe,12,29.877108,6.3460894
237,calima_1.jpg,calima,3,24.604683,18.917875
238,calima_2.jpg,calima,6,27.55172,23.580973
239,cane_1.jpg,cane,4,5.060836,-17.586296
240,capogrossi_1.jpg,capogrossi,15,16.014017,0.4842685
241,capogrossi_5.jpg,capogrossi,5,-27.684282,-18.698593
242,cappa_1.jpg,cappa,19,-4.9488225,1.6427506
243,carlsund_1.jpg,carlsund,9,38.149918,2.2314079
244,cassel_1.jpg,cassel,12,17.780834,-19.398294
245,cassel_2.jpg,cassel,2,0.376463,-30.522976
246,cassel_3.jpg,cassel,7,-20.683357,8.472115
247,castellani_1.jpg,castellani,19,5.5050955,19.056416
248,castellani_2.jpg,castellani,15,-5.692397,16.106623
249,chagall_1.jpg,chagall,19,-2.5709178,-26.079712
250,chardon_1.jpg,chardon,6,23.724773,25.959835
251,charlton_1.jpg,charlton,9,38.771046,2.282946
252,chesnier_1.jpg,chesnier,16,-5.2604375,31.646648
253,choi_1.jpg,choi,7,-9.287328,-0.30279258
254,choi_2.jpg,choi,1,-32.398884,2.51441
255,choi_3.jpg,choi,1,-32.39943,2.5381398
256,clark_1.jpg,clark,5,-14.653685,-9.288581
257,clement_1.jpg,clement,7,-9.96617,-2.102991
258,clough_1.jpg,clough,19,10.773965,-3.145492
259,colombet_1.jpg,colombet,2,-2.792406,-4.740996
260,colombet_2.jpg,colombet,5,-19.671604,-13.348898
261,colombet_3.jpg,colombet,5,-10.623807,-16.57044
262,colombet_4.jpg,colombet,5,-11.130757,-16.771994
263,colombet_5.jpg,colombet,1,-15.343673,22.079166
264,colombet_6.jpg,colombet,1,-14.374677,19.678001
265,colquhoun_1.jpg,colquhoun,12,11.988532,4.6845856
266,colquhoun_2.jpg,colquhoun,17,29.100897,-3.6678054
267,colquhoun_3.jpg,colquhoun,1,-4.092805,18.88958
268,colquhoun_4.jpg,colquhoun,26,1.4908732,-6.123669
269,colquhoun_5.jpg,colquhoun,4,-1.485861,4.554541
270,colquhoun_6.jpg,colquhoun,7,-1.6466986,4.6445966
271,condo_1.jpg,condo,2,11.118752,8.213383
272,condo_10.jpg,condo,5,-13.20539,-9.800581
273,condo_20.jpg,condo,7,1.6544986,-5.8022676
274,condo_21.jpg,condo,7,-13.770476,-7.495609
275,condo_3.jpg,condo,19,26.949146,-10.100633
276,condo_30.jpg,condo,23,-13.350724,-8.738544
277,condo_33.jpg,condo,7,-13.141037,-8.57175
278,condo_42.jpg,condo,4,-6.0180354,5.8132854
279,condo_49.jpg,condo,15,15.414138,16.927887
280,condo_50.jpg,condo,15,15.024059,17.10221
281,condo_51.jpg,condo,2,-2.3383965,-20.567036
282,condo_53.jpg,condo,23,0.37716484,-4.8474298
283,condo_58.jpg,condo,4,-5.962311,2.910498
284,condo_60.jpg,condo,23,-5.6700783,2.562031
285,condo_73.jpg,condo,15,14.482105,7.2875404
286,conner_1.jpg,conner,7,-7.446887,-4.7475004
287,conner_2.jpg,conner,2,-2.317775,-29.260426
288,covert_1.jpg,covert,1,-15.476892,14.1974745
289,crepin_1.jpg,crepin,5,-24.50656,-9.181418
290,crepin_2.jpg,crepin,5,-24.42999,-9.598397
291,crotti_1.jpg,crotti,4,-3.3904815,13.484605
292,crotti_2.jpg,crotti,19,1.3251449,-30.313133
293,cruz-diez_1.jpg,cruz-diez,15,7.142661,7.3797693
294,culbert_1.jpg,culbert,15,17.346088,15.609232
295,culbert_2.jpg,culbert,4,-2.9181285,15.980505
296,culbert_3.jpg,culbert,21,28.866095,-7.369896
297,culbert_4.jpg,culbert,4,9.256535,4.5207663
298,culin_1.jpg,culin,12,1.0834076,-16.497673
299,dali_1.jpg,dali,1,-11.742407,21.456793
300,damoah_1.jpg,damoah,12,28.166117,7.540669
301,damoah_2.jpg,damoah,13,2.350381,29.82521
302,damoah_3.jpg,damoah,7,-7.5130463,-12.418943
303,de-bary_1.jpg,de-bary,1,-12.204909,22.121864
304,de-dominicis_1.jpg,de-dominicis,12,11.134717,6.3651047
305,de-kooning_13.jpg,de-kooning,7,-6.059035,-3.2254086
306,de-kooning_16.jpg,de-kooning,7,-13.069666,-1.2323946
307,de-kooning_3.jpg,de-kooning,19,7.940264,-7.6810875
308,de-kooning_7.jpg,de-kooning,4,-11.692105,9.038912
309,de-kooning_8.jpg,de-kooning,7,-21.676895,1.9618611
310,de-kooning_9.jpg,de-kooning,7,-5.741552,-3.0794165
311,de-souza-cardoso_11.jpg,de-souza-cardoso,19,6.9849067,-8.867928
312,de-souza-cardoso_12.jpg,de-souza-cardoso,7,6.5092087,-7.9612417
313,de-souza-cardoso_13.jpg,de-souza-cardoso,23,6.8668633,-7.7391663
314,de-souza-cardoso_14.jpg,de-souza-cardoso,7,6.7243185,-7.8082404
315,de-souza-cardoso_15.jpg,de-souza-cardoso,19,12.396582,-4.045699
316,de-souza-cardoso_31.jpg,de-souza-cardoso,17,30.474075,1.0634693
317,de-souza-cardoso_32.jpg,de-souza-cardoso,17,30.440218,1.1400473
318,de-souza-cardoso_33.jpg,de-souza-cardoso,19,29.23799,2.1508315
319,de-souza-cardoso_34.jpg,de-souza-cardoso,19,29.187412,2.1902046
320,de-stael_1.jpg,de-stael,2,-17.395412,2.5510352
321,de-stael_10.jpg,de-stael,15,23.099075,18.648977
322,de-stael_11.jpg,de-stael,2,-17.329832,2.5556023
323,de-stael_12.jpg,de-stael,7,-16.191584,3.4649847
324,de-stael_13.jpg,de-stael,7,-16.329042,3.3108492
325,de-stael_14.jpg,de-stael,7,-16.035748,2.591067
326,de-stael_15.jpg,de-stael,1,-16.324854,4.3789043
327,de-stael_16.jpg,de-stael,26,3.7842686,6.3236384
328,de-stael_18.jpg,de-stael,1,-8.727422,25.69736
329,de-stael_19.jpg,de-stael,15,2.4965885,-4.8872504
330,de-stael_2.jpg,de-stael,23,-12.745829,-19.330698
331,de-stael_20.jpg,de-stael,1,-7.91829,25.539225
332,de-stael_21.jpg,de-stael,4,-0.6660877,21.903887
333,de-stael_22.jpg,de-stael,11,-9.984723,25.52987
334,de-stael_23.jpg,de-stael,19,10.927749,-2.6958294
335,de-stael_24.jpg,de-stael,7,-14.828227,-1.1257095
336,de-stael_29.jpg,de-stael,26,-0.16561866,10.399937
337,de-stael_3.jpg,de-stael,7,-14.146468,-1.7304192
338,de-stael_4.jpg,de-stael,7,-12.622399,-19.340422
339,de-stael_41.jpg,de-stael,7,-16.416348,-5.2672505
340,de-stael_5.jpg,de-stael,19,12.20626,-8.255015
341,de-stael_6.jpg,de-stael,23,6.9026756,-3.8391564
342,de-stael_7.jpg,de-stael,7,-16.175787,1.4078711
343,de-stael_8.jpg,de-stael,4,-0.738477,22.867815
344,de-stael_9.jpg,de-stael,4,13.160644,-1.0140239
345,debre_1.jpg,debre,2,9.875076,8.034373
346,debre_2.jpg,debre,16,10.687381,19.351326
347,defeo_1.jpg,defeo,7,-8.370896,-18.019579
348,degottex_1.jpg,degottex,22,24.301079,11.308236
349,degottex_10.jpg,degottex,10,20.638702,5.773379
350,degottex_11.jpg,degottex,1,-19.203264,25.154139
351,degottex_2.jpg,degottex,17,30.55353,-2.9515748
352,degottex_3.jpg,degottex,4,-12.520364,10.211798
353,degottex_4.jpg,degottex,11,-13.238861,29.952793
354,degottex_5.jpg,degottex,22,-2.7938478,6.1466384
355,deguelle_1.jpg,deguelle,19,20.315203,4.4385633
356,del-marle_1.jpg,del-marle,13,-18.3403,27.839104
357,delaney_1.jpg,delaney,1,-10.22054,18.583464
358,delaunay-r_10.jpg,delaunay-r,19,24.377066,-9.777447
359,delaunay-r_12.jpg,delaunay-r,12,11.006708,-11.210481
360,delaunay-r_15.jpg,delaunay-r,7,7.897114,2.7555547
361,delaunay-r_17.jpg,delaunay-r,5,-16.28738,-22.458876
362,delaunay-r_18.jpg,delaunay-r,7,-7.5528736,-32.714287
363,delaunay-r_19.jpg,delaunay-r,2,3.8536685,-13.029348
364,delaunay-r_2.jpg,delaunay-r,19,24.083927,-11.931446
365,delaunay-r_21.jpg,delaunay-r,14,20.629436,-26.030909
366,delaunay-r_32.jpg,delaunay-r,14,20.637583,-26.038
367,delaunay-r_34.jpg,delaunay-r,19,21.999296,0.16660859
368,delaunay-r_35.jpg,delaunay-r,14,19.482243,-22.922863
369,delaunay-r_36.jpg,delaunay-r,14,18.065567,-21.696278
370,delaunay-r_4.jpg,delaunay-r,14,20.636787,-26.04121
371,delaunay-r_5.jpg,delaunay-r,12,22.727129,-24.010672
372,delaunay-r_9.jpg,delaunay-r,7,-8.777083,-11.30016
373,delaunay-s_10.jpg,delaunay-s,12,21.680534,-22.398525
374,delaunay-s_12.jpg,delaunay-s,4,9.489813,-12.755437
375,delaunay-s_16.jpg,delaunay-s,19,23.636518,-15.522465
376,delaunay-s_17.jpg,delaunay-s,26,8.724574,-7.636046
377,delaunay-s_18.jpg,delaunay-s,12,22.701965,-23.987038
378,delaunay-s_2.jpg,delaunay-s,26,1.4142843,1.5399526
379,delaunay-s_3.jpg,delaunay-s,7,-21.207106,3.456227
380,delaunay-s_4.jpg,delaunay-s,19,2.50047,0.5921442
381,delaunay-s_5.jpg,delaunay-s,7,-5.2451997,4.218418
382,delaunay-s_6.jpg,delaunay-s,4,3.252585,2.34721
383,delaunay-s_7.jpg,delaunay-s,12,22.735748,-24.028667
384,delaunay-s_8.jpg,delaunay-s,19,23.395647,-15.563387
385,delporte_1.jpg,delporte,7,-4.797575,-17.590302
386,delprat_1.jpg,delprat,11,-13.581963,31.792372
387,devade_1.jpg,devade,16,9.047578,20.025833
388,deyrolle_1.jpg,deyrolle,4,-0.37392312,-17.333414
389,dezeuze_1.jpg,dezeuze,8,13.547622,2.1518703
390,dezeuze_2.jpg,dezeuze,11,-17.809608,30.93235
391,diebenkorn_1.jpg,diebenkorn,1,-11.573162,23.356167
392,dmitrienko_1.jpg,dmitrienko,4,6.0554957,-17.265486
393,do-amaral_17.jpg,do-amaral,17,32.5041,-1.5666265
394,do-amaral_18.jpg,do-amaral,17,32.089527,-2.167946
395,doka_1.jpg,doka,14,7.1001954,-23.243515
396,domela_1.jpg,domela,6,24.38157,26.12775
397,domela_2.jpg,domela,8,1.7379764,14.678969
398,domela_3.jpg,domela,12,32.698982,-10.709658
399,domela_4.jpg,domela,8,11.69088,1.3398349
400,domela_5.jpg,domela,8,11.886447,2.2686942
401,domela_6.jpg,domela,8,9.367442,-15.331391
402,domela_7.jpg,domela,8,0.10264072,-8.052371
403,dominguez_1.jpg,dominguez,1,-2.6318347,26.014174
404,dominguez_2.jpg,dominguez,1,-19.570938,13.65628
405,dondi-white_1.jpg,dondi-white,1,-9.407659,23.32759
406,dorazio_1.jpg,dorazio,5,-21.782286,6.9666133
407,dordek_1.jpg,dordek,12,15.468155,-22.725536
408,dotremont_1.jpg,dotremont,4,-27.380177,-28.011326
409,doumar_1.jpg,doumar,12,15.476799,-5.3651223
410,drew_1.jpg,drew,5,-20.144283,-11.1338825
411,du-pasquier_1.jpg,du-pasquier,7,-20.27406,-2.3224955
412,du-pasquier_2.jpg,du-pasquier,5,-26.658287,-14.673352
413,du-pasquier_3.jpg,du-pasquier,5,-26.44165,-17.770033
414,dubuffet_1.jpg,dubuffet,5,-25.988453,-18.497541
415,dubuffet_10.jpg,dubuffet,4,-28.711502,-27.834705
416,dubuffet_11.jpg,dubuffet,5,-29.251137,-23.948252
417,dubuffet_12.jpg,dubuffet,4,-28.047966,-27.679554
418,dubuffet_13.jpg,dubuffet,5,-25.472544,-17.705502
419,dubuffet_14.jpg,dubuffet,7,-5.5824614,-10.458253
420,dubuffet_16.jpg,dubuffet,7,-10.387844,-11.612267
421,dubuffet_19.jpg,dubuffet,7,-12.873476,-0.034400474
422,dubuffet_2.jpg,dubuffet,5,-9.917425,-11.292357
423,dubuffet_21.jpg,dubuffet,4,-12.454029,0.60831875
424,dubuffet_3.jpg,dubuffet,5,-16.717066,-11.996986
425,dubuffet_4.jpg,dubuffet,12,17.46014,-10.051284
426,dubuffet_5.jpg,dubuffet,5,-16.232012,-16.618258
427,dubuffet_7.jpg,dubuffet,4,-28.111696,-27.797499
428,dubuffet_8.jpg,dubuffet,5,-29.219687,-23.849712
429,dubuffet_9.jpg,dubuffet,4,-29.49333,-24.466976
430,dulom_1.jpg,dulom,16,10.18576,21.605728
431,dumitresco_1.jpg,dumitresco,5,-14.478757,-7.9533353
432,dumitresco_2.jpg,dumitresco,7,-17.173704,-3.3557692
433,dupre_1.jpg,dupre,5,-27.823322,-14.273701
434,durieu_1.jpg,durieu,15,23.692516,23.198004
435,durieu_2.jpg,durieu,7,-25.574465,-4.7712646
436,el-anatsui_1.jpg,el-anatsui,5,-15.155601,-9.148891
437,el-anatsui_2.jpg,el-anatsui,5,-20.18194,-19.097176
438,el-lissitzky_1.jpg,el-lissitzky,8,3.5496936,15.845143
439,el-lissitzky_2.jpg,el-lissitzky,14,13.775784,4.56949
440,el-lissitzky_3.jpg,el-lissitzky,15,1.8900027,18.611599
441,el-lissitzky_4.jpg,el-lissitzky,8,0.7236437,17.648731
442,el-lissitzky_5.jpg,el-lissitzky,3,24.396196,-0.7272515
443,el-lissitzky_6.jpg,el-lissitzky,8,3.5197608,16.214087
444,el-lissitzky_7.jpg,el-lissitzky,8,0.95340884,21.05996
445,el-lissitzky_8.jpg,el-lissitzky,13,12.017841,29.687387
446,ermolaeva_1.jpg,ermolaeva,2,15.165566,13.399724
447,ernst_1.jpg,ernst,19,27.812788,-14.315554
448,ernst_10.jpg,ernst,19,20.466125,-13.6278105
449,ernst_11.jpg,ernst,19,27.79241,-14.330052
450,ernst_12.jpg,ernst,23,19.505424,-13.883045
451,ernst_13.jpg,ernst,7,-13.115197,4.308467
452,ernst_14.jpg,ernst,22,-24.397902,-7.886504
453,ernst_15.jpg,ernst,19,19.28072,-13.912367
454,ernst_18.jpg,ernst,7,-11.352092,4.9470944
455,ernst_25.jpg,ernst,4,1.9678837,-21.447521
456,ernst_26.jpg,ernst,4,1.8686537,-21.91591
457,ernst_3.jpg,ernst,7,-19.620663,-6.328379
458,ernst_33.jpg,ernst,19,4.536807,-31.421183
459,ernst_5.jpg,ernst,26,-1.2314177,8.711279
460,ernst_8.jpg,ernst,7,-2.438034,-10.992533
461,erruas_1.jpg,erruas,2,-3.425476,6.865417
462,esteve_1.jpg,esteve,15,16.977722,23.396046
463,esteve_2.jpg,esteve,4,11.02185,25.030844
464,fangor_1.jpg,fangor,14,18.153128,-24.49436
465,farmanfarmaian_1.jpg,farmanfarmaian,15,28.741251,15.9555855
466,farmanfarmaian_2.jpg,farmanfarmaian,15,28.741404,15.954659
467,fautrier_11.jpg,fautrier,7,0.5907271,-10.821449
468,fautrier_12.jpg,fautrier,7,0.38752967,-10.826909
469,fautrier_13.jpg,fautrier,7,-0.392208,-11.578038
470,fautrier_14.jpg,fautrier,1,-19.932465,12.436804
471,fautrier_2.jpg,fautrier,1,-9.851285,18.6344
472,fautrier_25.jpg,fautrier,1,-12.917089,24.972277
473,fautrier_26.jpg,fautrier,5,-17.361647,-13.227614
474,fautrier_29.jpg,fautrier,7,-7.298616,-7.3778377
475,fautrier_7.jpg,fautrier,7,-0.91938496,-9.204962
476,fautrier_9.jpg,fautrier,7,-0.121236645,-9.996877
477,favier_1.jpg,favier,2,14.100496,17.533897
478,fernandez.jpg,fernandez.jpg,15,-5.8888693,16.745636
479,festa_1.jpg,festa,9,37.8705,-0.8636735
480,filia_1.jpg,filia,4,2.090659,5.2651424
481,fini_1.jpg,fini,7,-5.615672,-9.834676
482,fini_2.jpg,fini,19,22.613781,-5.82511
483,folmer_1.jpg,folmer,9,38.195946,3.3038867
484,folmer_2.jpg,folmer,4,12.461768,-1.3229624
485,folmer_3.jpg,folmer,10,18.510742,6.5812945
486,fondrillon_1.jpg,fondrillon,2,-12.725399,-9.796203
487,fontana_1.jpg,fontana,2,7.6160264,13.393479
488,fontana_10.jpg,fontana,2,14.537076,12.30546
489,fontana_11.jpg,fontana,7,-19.070898,-4.9287305
490,fontana_12.jpg,fontana,1,-6.866124,-27.31368
491,fontana_13.jpg,fontana,2,-5.1705556,-25.759241
492,fontana_14.jpg,fontana,2,13.013126,13.82116
493,fontana_15.jpg,fontana,2,13.964489,24.843782
494,fontana_16.jpg,fontana,14,12.076458,-25.93185
495,fontana_17.jpg,fontana,2,-4.9717917,-33.190674
496,fontana_18.jpg,fontana,2,-6.432337,-23.997034
497,fontana_19.jpg,fontana,19,19.260933,9.790382
498,fontana_2.jpg,fontana,1,-7.880436,-28.288052
499,fontana_20.jpg,fontana,12,17.980225,-1.2761114
500,fontana_21.jpg,fontana,2,13.95128,24.825304
501,fontana_22.jpg,fontana,13,6.7488275,28.210001
502,fontana_23.jpg,fontana,13,5.403697,30.659367
503,fontana_24.jpg,fontana,2,12.0777855,-26.455135
504,fontana_25.jpg,fontana,2,7.480888,17.252384
505,fontana_26.jpg,fontana,2,4.3736143,21.264725
506,fontana_27.jpg,fontana,2,12.955402,13.936392
507,fontana_28.jpg,fontana,3,9.475268,31.16868
508,fontana_29.jpg,fontana,13,8.471839,30.752024
509,fontana_3.jpg,fontana,2,-22.835747,-25.502304
510,fontana_30.jpg,fontana,2,-6.4401727,-27.115559
511,fontana_31.jpg,fontana,19,-4.5983424,-18.144974
512,fontana_32.jpg,fontana,17,-5.5921044,-34.15732
513,fontana_4.jpg,fontana,12,13.866022,-6.613627
514,fontana_5.jpg,fontana,2,21.190191,10.355602
515,fontana_6.jpg,fontana,1,-35.506405,-6.2202845
516,fontana_7.jpg,fontana,2,7.0250206,13.274284
517,fontana_8.jpg,fontana,1,-7.310164,-27.849152
518,fontana_9.jpg,fontana,2,4.1317816,-20.780218
519,fontana_98.jpg,fontana,11,-15.493673,32.396133
520,francis_1.jpg,francis,7,-2.131166,-6.2291503
521,francis_2.jpg,francis,7,-25.127455,-5.4102473
522,francis_3.jpg,francis,7,-24.96005,-5.6746016
523,frankenthaler_1.jpg,frankenthaler,13,28.111324,9.740823
524,freundlich_10.jpg,freundlich,12,23.864456,-14.4976015
525,freundlich_11.jpg,freundlich,19,21.717451,0.45803595
526,freundlich_12.jpg,freundlich,2,15.949819,7.975257
527,freundlich_13.jpg,freundlich,2,-8.740659,-13.405321
528,freundlich_14.jpg,freundlich,7,1.4358363,-0.47471222
529,freundlich_15.jpg,freundlich,15,16.695835,9.005728
530,freundlich_16.jpg,freundlich,4,-2.0611703,20.414087
531,freundlich_17.jpg,freundlich,15,20.073816,17.688976
532,freundlich_18.jpg,freundlich,17,27.19922,2.48583
533,freundlich_19.jpg,freundlich,4,7.2256527,2.1218126
534,freundlich_20.jpg,freundlich,15,20.89587,18.860012
535,freundlich_21.jpg,freundlich,15,16.539694,8.446863
536,freundlich_22.jpg,freundlich,10,18.912104,2.9060218
537,freundlich_23.jpg,freundlich,2,-3.6361377,-8.373776
538,freundlich_24.jpg,freundlich,6,23.06952,24.40421
539,freundlich_25.jpg,freundlich,8,8.10474,0.56816417
540,freundlich_26.jpg,freundlich,5,-22.766735,-18.885338
541,freundlich_27.jpg,freundlich,4,7.9667993,3.3823855
542,freundlich_28.jpg,freundlich,12,7.842584,4.113544
543,freundlich_6.jpg,freundlich,4,7.9706497,3.5643075
544,freundlich_7.jpg,freundlich,12,24.080372,-13.285625
545,freundlich_79.jpg,freundlich,12,23.289326,-1.1288055
546,freundlich_8.jpg,freundlich,4,-13.213441,12.586307
547,frize_1.jpg,frize,15,6.7441764,7.4738703
548,frize_16.jpg,frize,7,-25.916035,2.144881
549,frize_19.jpg,frize,12,25.76395,-2.363316
550,frize_2.jpg,frize,11,-12.224545,33.50007
551,frize_25.jpg,frize,1,-15.279648,16.032967
552,frize_27.jpg,frize,1,-10.956704,10.773682
553,frize_30.jpg,frize,7,-10.439144,-7.0279293
554,frize_31.jpg,frize,7,-13.298734,2.4309223
555,frize_33.jpg,frize,7,-8.682988,-4.8113256
556,frize_35.jpg,frize,5,-27.21124,-20.6153
557,frize_4.jpg,frize,7,-25.880354,2.1242898
558,frize_7.jpg,frize,7,-27.759935,-0.75133234
559,frize_8.jpg,frize,4,-11.165721,7.1029053
560,fromanger_1.jpg,fromanger,2,2.2468154,-14.688021
561,fromanger_15.jpg,fromanger,17,29.148336,-10.309007
562,fromanger_21.jpg,fromanger,15,4.7676067,21.943874
563,fromanger_25.jpg,fromanger,6,20.379026,22.81292
564,fromanger_26.jpg,fromanger,9,36.676914,-0.5701712
565,fromanger_7.jpg,fromanger,5,-30.975546,-12.272995
566,fukui_1.jpg,fukui,5,-27.182804,-9.684509
567,futura-2000_1.jpg,futura-2000,4,-1.3482575,2.7107038
568,futura-2000_2.jpg,futura-2000,2,-2.0617032,-0.38313028
569,futura-2000_3.jpg,futura-2000,2,8.122017,12.060849
570,futura-2000_4.jpg,futura-2000,4,-13.227892,2.1710148
571,gabori_1.jpg,gabori,19,5.1033764,-4.04941
572,gabori_2.jpg,gabori,4,-11.446516,12.088227
573,gabori_3.jpg,gabori,23,5.966146,-11.010198
574,gabori_4.jpg,gabori,10,25.029228,-16.600203
575,gabori_5.jpg,gabori,15,21.351458,0.92965025
576,gabori_6.jpg,gabori,17,24.7952,-16.276632
577,gabori_7.jpg,gabori,19,15.458232,4.539581
578,galvano_1.jpg,galvano,17,32.129734,2.9293053
579,garcia_1.jpg,garcia,5,-28.003454,-15.974436
580,garcin_1.jpg,garcin,12,17.80033,-4.9878283
581,gaston-dreyfus_1.jpg,gaston-dreyfus,12,19.483973,-6.929699
582,gnamus_1.jpg,gnamus,16,8.083839,19.618322
583,godeg_1.jpg,godeg,12,18.729229,-10.27987
584,goldfarb_1.jpg,goldfarb,7,-7.0471606,-3.7115457
585,gontcharova_8.jpg,gontcharova,17,29.416332,-2.0088894
586,gonzales_1.jpg,gonzales,12,24.07296,-3.761006
587,gonzales_2.jpg,gonzales,2,-7.0004163,-11.406745
588,gonzalez_5.jpg,gonzalez,19,25.755339,-7.7314134
589,gorenec_1.jpg,gorenec,14,16.112762,-25.071451
590,gorin_1.jpg,gorin,6,24.362516,27.70012
591,gorin_2.jpg,gorin,8,-19.58634,19.751137
592,gorin_3.jpg,gorin,8,9.351238,-15.723765
593,gorin_4.jpg,gorin,6,24.953972,25.070532
594,gorin_5 (2).jpg,gorin,14,14.80354,-26.78852
595,gorin_6.jpg,gorin,6,21.867073,24.890877
596,gorin_7.jpg,gorin,6,20.96969,28.10933
597,gorin_8.jpg,gorin,13,3.8506987,31.714619
598,gorki_1.jpg,gorki,4,4.5122886,0.1825971
599,granell_1.jpg,granell,1,-14.186387,10.601643
600,granell_2.jpg,granell,4,0.21076486,-23.768118
601,graverol_1.jpg,graverol,12,17.685452,-8.707387
602,griffa_2.jpg,griffa,2,-0.91460043,17.374805
603,gruden_1.jpg,gruden,7,-8.154192,6.496373
604,guitet_1.jpg,guitet,19,15.455661,-5.458968
605,guitet_11.jpg,guitet,17,35.968502,-1.4771947
606,guitet_12.jpg,guitet,9,35.87394,-1.9369397
607,guitet_13.jpg,guitet,2,3.3518665,18.194235
608,guitet_15.jpg,guitet,10,15.666976,-2.0399241
609,guitet_16.jpg,guitet,1,-6.7152276,23.75728
610,guitet_2.jpg,guitet,7,-14.967279,1.8280485
611,guitet_3.jpg,guitet,16,19.094458,13.896208
612,guitet_4.jpg,guitet,16,11.239266,21.708406
613,guitet_5.jpg,guitet,2,2.9966428,19.112112
614,guitet_6.jpg,guitet,2,1.7252158,-11.472087
615,guitet_7.jpg,guitet,4,-4.545167,21.82042
616,guitet_9.jpg,guitet,1,-4.968361,22.489925
617,gujral_1.jpg,gujral,2,-3.7184138,-10.225055
618,gutai_1.jpg,gutai,7,-19.449865,-8.868456
619,gysin_1.jpg,gysin,7,-16.894167,-3.569009
620,gysin_10.jpg,gysin,15,15.270436,19.993845
621,gysin_11.jpg,gysin,1,-7.438066,23.015123
622,gysin_2.jpg,gysin,1,-14.281626,24.561773
623,gysin_6.jpg,gysin,7,-1.9893677,-4.084815
624,gysin_7.jpg,gysin,1,-14.317922,24.323553
625,gysin_8.jpg,gysin,7,-3.2238886,-4.3589783
626,gysin_9.jpg,gysin,7,-6.6654534,4.883494
627,ha_1.jpg,ha,17,28.397596,-0.012133895
628,ha_2.jpg,ha,4,4.8815007,-20.972446
629,halley_1.jpg,halley,15,28.84546,19.41569
630,hammons_1.jpg,hammons,1,-24.427132,21.162796
631,hantai_1.jpg,hantai,14,10.921648,-23.644756
632,hantai_2.jpg,hantai,22,-20.53403,-3.9196997
633,hantai_4.jpg,hantai,1,-24.474052,21.149076
634,hantai_5.jpg,hantai,4,0.90355396,-3.4393957
635,hantai_6.jpg,hantai,5,-20.607462,-4.1575427
636,hantai_7.jpg,hantai,5,-18.4361,-7.95777
637,hantai_8.jpg,hantai,4,1.4870043,-26.127598
638,haring_12.jpg,haring,5,-24.743309,-17.318016
639,hartung_1.jpg,hartung,7,-14.5798235,-12.477577
640,hartung_10.jpg,hartung,8,16.52024,-16.40117
641,hartung_11.jpg,hartung,7,-12.951871,-6.9451857
642,hartung_12.jpg,hartung,17,28.295774,-11.35222
643,hartung_13.jpg,hartung,1,-12.099974,20.699526
644,hartung_14.jpg,hartung,26,1.0107539,-20.062044
645,hartung_15.jpg,hartung,29,40.607185,-6.451146
646,hartung_16.jpg,hartung,29,40.602207,-6.466517
647,hartung_17.jpg,hartung,1,-15.891772,12.014499
648,hartung_18.jpg,hartung,19,-32.55059,-1.9893079
649,hartung_19.jpg,hartung,1,-17.298395,-23.812025
650,hartung_2.jpg,hartung,5,-19.773703,-17.695826
651,hartung_20.jpg,hartung,2,-16.694096,-23.623867
652,hartung_21.jpg,hartung,1,-17.351599,18.166267
653,hartung_22.jpg,hartung,19,-20.462929,-17.063112
654,hartung_23.jpg,hartung,15,4.295843,5.817603
655,hartung_24.jpg,hartung,5,-25.270365,-2.8418155
656,hartung_25.jpg,hartung,7,-18.682896,-26.814348
657,hartung_26.jpg,hartung,19,8.287722,-30.650835
658,hartung_27.jpg,hartung,2,-16.240095,-24.636438
659,hartung_28.jpg,hartung,2,-2.8721826,-15.889753
660,hartung_29.jpg,hartung,23,-18.671438,-26.685873
661,hartung_3.jpg,hartung,11,-13.467058,32.12876
662,hartung_30.jpg,hartung,19,5.829277,-5.6716795
663,hartung_31.jpg,hartung,5,-29.036043,-15.91449
664,hartung_32.jpg,hartung,5,-20.352587,-29.215433
665,hartung_33.jpg,hartung,19,-13.372762,-21.496649
666,hartung_4.jpg,hartung,4,3.260959,-1.753761
667,hartung_5.jpg,hartung,19,-13.694883,-21.103783
668,hartung_6.jpg,hartung,13,18.249357,23.002083
669,hartung_7.jpg,hartung,8,11.6968775,-12.842664
670,hartung_8.jpg,hartung,17,32.15248,-6.366891
671,hartung_9.jpg,hartung,11,-13.76364,28.26975
672,hartung_98.jpg,hartung,19,4.567386,-31.445152
673,helion_1.jpg,helion,4,6.2364573,10.359192
674,helion_2.jpg,helion,15,24.619576,15.642147
675,helion_20.jpg,helion,2,-13.341053,-32.779926
676,helion_21.jpg,helion,12,21.293697,10.677109
677,helion_22.jpg,helion,2,5.9154153,12.122137
678,helion_23.jpg,helion,20,24.010548,17.218252
679,helion_3.jpg,helion,12,-4.620735,-32.985287
680,helion_4.jpg,helion,12,33.813694,-14.72276
681,helion_5.jpg,helion,2,-13.339798,-32.77975
682,helion_55.jpg,helion,6,26.321745,21.026262
683,helion_56.jpg,helion,6,25.659933,22.263515
684,helion_57.jpg,helion,15,24.430256,16.33412
685,helion_58.jpg,helion,12,17.49536,-1.9847708
686,helion_59.jpg,helion,12,19.048006,-5.1713943
687,helion_60.jpg,helion,15,17.541336,17.934582
688,helion_61.jpg,helion,12,33.81073,-14.730972
689,hemery_1.jpg,hemery,19,3.3279922,-4.9025745
690,henschel_1.jpg,henschel,17,32.981747,-4.3369565
691,henschel_2.jpg,henschel,26,14.356406,10.038677
692,henschel_3.jpg,henschel,23,14.793616,-13.202504
693,henschel_4.jpg,henschel,12,20.079268,-6.2631392
694,henschel_5.jpg,henschel,25,38.81724,-6.860753
695,henschel_6.jpg,henschel,17,27.648245,-1.7169222
696,herbin_1.jpg,herbin,12,25.972538,-0.29540646
697,herbin_26.jpg,herbin,12,28.183207,8.966025
698,herbin_27.jpg,herbin,17,24.418304,-1.2905577
699,herbin_28.jpg,herbin,7,-7.175586,-1.4286182
700,herbin_3.jpg,herbin,14,17.8117,-19.452753
701,herbin_31.jpg,herbin,15,28.986961,11.490826
702,herbin_37.jpg,herbin,9,34.135754,2.7585769
703,herbin_39.jpg,herbin,12,15.959352,-8.803113
704,herbin_4.jpg,herbin,9,38.21522,6.010361
705,herbin_40.jpg,herbin,12,14.141267,-0.22215244
706,herbin_41.jpg,herbin,4,-4.5271916,9.411405
707,herbin_42.jpg,herbin,13,2.7352269,27.829304
708,herbin_5.jpg,herbin,3,31.640533,19.572073
709,herbin_6.jpg,herbin,13,-1.4680251,34.846306
710,herbin_7.jpg,herbin,6,18.907194,27.117449
711,herbin_8.jpg,herbin,6,35.8889,12.319
712,herbin_9.jpg,herbin,17,30.75046,-5.057471
713,herrera_1.jpg,herrera,24,10.951788,32.491604
714,herrera_2.jpg,herrera,1,-21.102446,4.2087092
715,herrera_3.jpg,herrera,8,11.076751,14.391156
716,hong_1.jpg,hong,12,8.989327,1.2786047
717,horlain_1.jpg,horlain,19,29.594494,4.8659663
718,horlain_2.jpg,horlain,17,29.648,5.561531
719,horlain_3.jpg,horlain,19,13.565228,6.5539894
720,horlain_4.jpg,horlain,4,13.962579,6.7203784
721,hugo_1.jpg,hugo,2,-12.982054,15.037632
722,hugo_2.jpg,hugo,7,-22.844166,-25.438221
723,hugo_3.jpg,hugo,19,17.60538,-4.0751023
724,hugo_4.jpg,hugo,2,-13.023766,14.974199
725,huitric-nahas_1.jpg,huitric-nahas,5,-28.000378,-18.43022
726,hume_1.jpg,hume,28,19.39977,-11.209731
727,humphries_1.jpg,humphries,5,-32.742867,-12.225779
728,humphries_2.jpg,humphries,5,-31.747149,-11.065668
729,huszar_1.jpg,huszar,15,23.897593,17.40253
730,huszar_2.jpg,huszar,6,27.798203,23.35453
731,iannone_10.jpg,iannone,5,-27.376217,-10.046613
732,iannone_5.jpg,iannone,5,-21.67419,-5.880816
733,iannone_6.jpg,iannone,8,29.037106,-20.477327
734,iannone_7.jpg,iannone,8,4.8604445,17.681202
735,iannone_8.jpg,iannone,10,21.715647,6.1867456
736,iannone_9.jpg,iannone,15,24.066916,13.695315
737,ismael_1.jpg,ismael,12,28.928953,9.142656
738,isou_1.jpg,isou,5,-20.356388,-29.226353
739,istrati_1.jpg,istrati,7,-10.509399,1.0870374
740,janco_1.jpg,janco,7,-6.625303,-4.121882
741,janicot_1.jpg,janicot,2,-1.579129,13.369604
742,jaray_1.jpg,jaray,2,5.4744005,12.4419985
743,jemek_1.jpg,jemek,11,-14.093894,32.691963
744,johns_1.jpg,johns,1,-5.015913,-21.621819
745,joong_1.jpg,joong,8,11.474294,2.7106037
746,jorn_1.jpg,jorn,7,-10.7034445,2.636712
747,jorn_2.jpg,jorn,22,-9.47658,0.8738118
748,jorn_3.jpg,jorn,7,-13.454201,-13.127508
749,joung_1.jpg,joung,1,-7.344099,27.00888
750,jung_1.jpg,jung,5,-23.493053,-10.523289
751,kablat_1.jpg,kablat,2,-1.9699821,-21.044298
752,kadiweu_1.jpg,kadiweu,7,-8.462927,-22.22892
753,kagaya_1.jpg,kagaya,5,-19.192932,-22.293354
754,kagaya_2.jpg,kagaya,5,-19.359978,-22.290108
755,kallos_1.jpg,kallos,11,-14.246944,31.014954
756,kallos_2.jpg,kallos,19,4.344775,-4.1929636
757,kalt_1.jpg,kalt,1,-15.117791,7.7155533
758,kandinsky_1.jpg,kandinsky,2,13.07808,12.826681
759,kandinsky_10.jpg,kandinsky,7,-8.281827,9.128219
760,kandinsky_11.jpg,kandinsky,4,-2.7195158,16.034992
761,kandinsky_12.jpg,kandinsky,7,6.8552027,5.247571
762,kandinsky_13.jpg,kandinsky,7,-0.9146416,1.7376386
763,kandinsky_14.jpg,kandinsky,17,32.23575,-9.580786
764,kandinsky_16.jpg,kandinsky,7,5.5992475,-7.496078
765,kandinsky_17.jpg,kandinsky,8,7.781337,-16.218847
766,kandinsky_18.jpg,kandinsky,4,-10.338054,7.191824
767,kandinsky_19.jpg,kandinsky,4,4.3743863,-18.82378
768,kandinsky_2.jpg,kandinsky,12,19.273935,-17.05987
769,kandinsky_20.jpg,kandinsky,15,27.358204,0.28369004
770,kandinsky_21.jpg,kandinsky,4,3.8753688,-10.101749
771,kandinsky_22.jpg,kandinsky,1,-17.738295,10.930298
772,kandinsky_23.jpg,kandinsky,2,0.03399636,-13.902416
773,kandinsky_24.jpg,kandinsky,2,-3.1423185,-14.199943
774,kandinsky_25.jpg,kandinsky,18,41.080967,-9.563181
775,kandinsky_3.jpg,kandinsky,4,-10.196979,8.364654
776,kandinsky_4.jpg,kandinsky,8,8.340268,-15.475723
777,kandinsky_5.jpg,kandinsky,2,9.929697,0.59564495
778,kandinsky_6.jpg,kandinsky,4,-7.6201,9.442641
779,kandinsky_7.jpg,kandinsky,7,-6.9113765,11.817885
780,kandinsky_8.jpg,kandinsky,4,7.075912,-1.6321641
781,kandinsky_9.jpg,kandinsky,4,1.8121144,2.5960686
782,kapus_1.jpg,kapus,7,-5.067199,4.3432
783,katsura_1.jpg,katsura,5,-13.88291,-17.39517
784,katsura_2.jpg,katsura,5,-10.846033,-10.693323
785,katsura_3.jpg,katsura,15,15.468136,20.862492
786,kazuo_1.jpg,kazuo,12,17.802227,-12.057872
787,kelly_1.jpg,kelly,3,29.743643,11.471845
788,kelly_10.jpg,kelly,2,4.440289,21.38882
789,kelly_11.jpg,kelly,8,1.7934289,22.676613
790,kelly_12.jpg,kelly,3,32.23902,10.437435
791,kelly_13.jpg,kelly,13,8.69759,32.186806
792,kelly_14.jpg,kelly,13,9.496393,31.271152
793,kelly_15.jpg,kelly,2,-4.8412333,-19.948214
794,kelly_2.jpg,kelly,8,10.472035,9.936916
795,kelly_3.jpg,kelly,8,-4.8907447,27.841513
796,kelly_4.jpg,kelly,19,1.1244066,1.8079579
797,kelly_5.jpg,kelly,11,-15.247423,29.080385
798,kelly_6.jpg,kelly,9,36.217415,2.8793564
799,kelly_7.jpg,kelly,11,-3.6577177,30.009912
800,kelly_8.jpg,kelly,9,39.559147,3.9833214
801,kelly_9.jpg,kelly,19,-4.099791,-13.108996
802,kemeny_1.jpg,kemeny,5,-24.22961,-8.711749
803,kera_1.jpg,kera,7,-22.04545,-16.580425
804,kerouac_1.jpg,kerouac,1,-13.983407,24.517128
805,keseru_1.jpg,keseru,17,30.141209,-6.700067
806,khanna_1.jpg,khanna,7,-4.4955516,-8.999703
807,khanna_2.jpg,khanna,7,-7.8394237,-7.085599
808,khanna_3.jpg,khanna,2,-9.000152,-13.847393
809,khanna_4.jpg,khanna,19,27.881905,-7.12818
810,khanna_5.jpg,khanna,2,-9.377211,-13.122668
811,khanna_6.jpg,khanna,23,-4.8260164,-10.800232
812,khanna_7.jpg,khanna,7,-9.66056,-5.5158734
813,khidekel_1.jpg,khidekel,15,3.933768,13.460043
814,khidekel_2.jpg,khidekel,11,-11.895884,31.770763
815,kiefer_1.jpg,kiefer,7,-11.520325,-12.454544
816,kiefer_2.jpg,kiefer,5,-18.639875,-14.181886
817,kiefer_3.jpg,kiefer,5,-18.466778,-13.643156
818,kiefer_4.jpg,kiefer,5,-18.459652,-14.037999
819,kijno_1.jpg,kijno,4,5.417621,-14.977877
820,kim_1.jpg,kim,5,-28.26695,-16.657969
821,kim_2.jpg,kim,2,-3.2608864,-19.386744
822,kim_4.jpg,kim,5,-19.609455,-15.649146
823,kim_5.jpg,kim,2,2.569097,9.509311
824,kim_6.jpg,kim,26,0.39191493,4.9659123
825,kim_7.jpg,kim,23,-4.6369452,-6.7217493
826,kim_8.jpg,kim,14,10.43132,-23.47416
827,kirchberger_1.jpg,kirchberger,16,-5.770044,31.763746
828,klee_1.jpg,klee,2,9.15029,8.30066
829,klee_10.jpg,klee,15,20.636942,16.668625
830,klee_11.jpg,klee,3,25.846445,20.175396
831,klee_2.jpg,klee,1,-13.27802,18.038288
832,klee_22.jpg,klee,5,-32.198063,-12.270545
833,klee_23.jpg,klee,1,-24.20589,-0.77984256
834,klee_25.jpg,klee,11,-14.082006,33.05319
835,klee_26.jpg,klee,1,-12.593745,26.942547
836,klee_32.jpg,klee,23,-10.222518,-10.331126
837,klee_33.jpg,klee,23,-10.293554,-11.026182
838,klee_9.jpg,klee,26,18.413044,21.00344
839,klein_1.jpg,klein,4,-9.352254,3.737674
840,klein_2.jpg,klein,21,19.080286,9.512422
841,klein_3.jpg,klein,13,0.2931528,19.672705
842,klucis_1.jpg,klucis,8,12.098886,-11.0996065
843,ko_1.jpg,ko,1,-12.137403,-15.262712
844,kossof_1.jpg,kossof,5,-16.661345,-14.144029
845,kotnik_1.jpg,kotnik,3,30.37025,7.259232
846,koudriachov_1.jpg,koudriachov,12,11.93543,-6.3384333
847,koudriachov_2.jpg,koudriachov,4,-1.3127713,-12.985265
848,krasner_1.jpg,krasner,5,-22.758638,-14.652511
849,krasner_2.jpg,krasner,19,-22.93189,-14.547124
850,kregar_1.jpg,kregar,1,-9.268685,16.064627
851,kregar_2.jpg,kregar,4,-8.099971,16.029095
852,kulmer_1.jpg,kulmer,2,-5.6952252,-16.312164
853,kum_1.jpg,kum,19,15.690068,-11.305752
854,kupka_1.jpg,kupka,9,36.096992,1.6404604
855,kupka_10.jpg,kupka,12,7.9288254,-6.893404
856,kupka_11.jpg,kupka,17,27.09771,-5.2894063
857,kupka_12.jpg,kupka,12,-3.4623024,-2.441115
858,kupka_13.jpg,kupka,17,31.344395,-3.2999327
859,kupka_14.jpg,kupka,8,10.876817,-19.810274
860,kupka_17.jpg,kupka,17,26.447445,-5.8549376
861,kupka_2.jpg,kupka,17,31.203524,-3.042308
862,kupka_3.jpg,kupka,19,-7.984296,-0.6297621
863,kupka_4.jpg,kupka,19,13.356801,-19.23228
864,kupka_5.jpg,kupka,19,-14.05189,-3.3166234
865,kupka_6.jpg,kupka,4,-9.621686,11.228753
866,kupka_7.jpg,kupka,7,-9.212719,-4.1147275
867,kupka_8.jpg,kupka,17,27.878551,-3.6872065
868,kupka_9.jpg,kupka,12,24.17394,-9.927205
869,kwon_1.jpg,kwon,2,-7.322868,-15.52252
870,la-bourdonnaye_1.jpg,la-bourdonnaye,13,-10.311728,24.586529
871,labs_1.jpg,labs,5,-25.041662,-14.307571
872,laloy_1.jpg,laloy,5,-18.05294,-8.9384
873,lamarche_1.jpg,lamarche,7,5.313066,-14.304159
874,lamba_1.jpg,lamba,1,-12.685211,24.375555
875,lanyon_1.jpg,lanyon,19,7.4467134,-4.117706
876,lanyon_2.jpg,lanyon,12,19.915686,-0.8025189
877,laubies_1.jpg,laubies,1,-15.53087,24.064634
878,laubies_2.jpg,laubies,8,3.7672725,7.639601
879,lazzari_1.jpg,lazzari,5,-17.054491,-20.84486
880,le-corbusier_1.jpg,le-corbusier,4,5.4068756,-0.13849369
881,le-moal_2.jpg,le-moal,7,-6.406823,3.2760851
882,le-moal_4.jpg,le-moal,4,9.29351,-22.571863
883,le-parc_1.jpg,le-parc,15,-28.877693,-7.937812
884,le-parc_2.jpg,le-parc,19,13.841263,-17.12338
885,le-parc_3.jpg,le-parc,15,22.052189,12.854666
886,leadbeater_1.jpg,leadbeater,12,14.202103,-10.003142
887,leadbeater_2.jpg,leadbeater,12,14.16071,-10.027894
888,leadbeater_3.jpg,leadbeater,4,8.156518,-2.5202003
889,leclercq_1.jpg,leclercq,15,18.317833,22.7103
890,lee_1.jpg,lee,7,-15.255549,-4.8143263
891,lee_2.jpg,lee,7,-10.084549,-5.027145
892,lee_3.jpg,lee,7,-7.0649776,-3.7133746
893,lee_4.jpg,lee,11,-1.931422,38.15968
894,lee_5.jpg,lee,12,2.1793947,-26.022316
895,lee_6.jpg,lee,14,17.42285,-21.660845
896,leger-f_16.jpg,leger-f,19,11.06356,-4.222523
897,leger-f_17.jpg,leger-f,19,24.088825,-11.957233
898,leger-f_21.jpg,leger-f,15,25.52318,5.1881323
899,leger-f_23.jpg,leger-f,19,12.109358,-0.67089325
900,leger-f_24.jpg,leger-f,15,20.80029,22.42631
901,leger-f_25.jpg,leger-f,19,3.6590977,-6.190512
902,leger-f_40.jpg,leger-f,6,28.713362,23.247961
903,leger-f_41.jpg,leger-f,19,15.777454,2.6003563
904,leger-f_6.jpg,leger-f,23,-14.608224,-23.046295
905,leger-f_7.jpg,leger-f,19,-0.48746487,-2.314596
906,leger-f_8.jpg,leger-f,22,-0.42531344,-2.167982
907,leger-f_9.jpg,leger-f,21,29.433714,-8.269362
908,leger-n_10.jpg,leger-n,12,14.159506,-14.480942
909,leger-n_11.jpg,leger-n,12,16.280174,-13.623036
910,leger-n_25.jpg,leger-n,12,21.96755,-10.920573
911,leger-n_27.jpg,leger-n,17,38.63721,-6.710704
912,leger-n_30.jpg,leger-n,17,31.623726,-10.081576
913,leger-n_31.jpg,leger-n,8,29.31917,-19.976717
914,leger-n_33.jpg,leger-n,14,5.276351,3.3488226
915,leger-n_34.jpg,leger-n,8,29.266155,-20.071299
916,leger-n_35.jpg,leger-n,4,4.9312086,2.9275455
917,leger-n_36.jpg,leger-n,2,-1.617255,14.7624855
918,leger-n_37.jpg,leger-n,8,8.1934,-15.142423
919,leger-n_6.jpg,leger-n,9,34.716625,1.0075591
920,leger-n_7.jpg,leger-n,12,21.968014,-10.935027
921,lemonnier_1.jpg,lemonnier,5,-25.52083,-9.178351
922,lemonnier_2.jpg,lemonnier,6,22.051552,27.890196
923,lerin_1.jpg,lerin,14,5.963242,-26.57329
924,lerin_2.jpg,lerin,14,6.1210656,-26.933638
925,leroy_11.jpg,leroy,5,-16.144953,-15.920017
926,leroy_12.jpg,leroy,5,-17.370932,-13.942753
927,leroy_13.jpg,leroy,5,-16.811226,-12.701524
928,leroy_14.jpg,leroy,5,-17.76248,-15.902659
929,leroy_16.jpg,leroy,5,-17.100496,-15.665373
930,leroy_17.jpg,leroy,23,-10.065501,-15.881331
931,leroy_18.jpg,leroy,5,-19.246883,-15.0320215
932,leroy_19.jpg,leroy,5,-18.890043,-14.977692
933,leroy_2.jpg,leroy,5,-15.599567,-12.023889
934,leroy_20.jpg,leroy,1,-15.906654,-16.40609
935,leroy_21.jpg,leroy,5,-16.059206,-15.851784
936,leroy_4.jpg,leroy,5,-16.428988,-13.078915
937,leroy_7.jpg,leroy,5,-16.562904,-14.814491
938,leroy_8.jpg,leroy,5,-14.899011,-13.475406
939,leroy_9.jpg,leroy,7,-13.573016,-1.6873094
940,lesage_11.jpg,lesage,7,-10.21861,-21.813732
941,lesage_12.jpg,lesage,7,-9.224439,-22.102455
942,lesage_13.jpg,lesage,5,-14.852785,-18.82911
943,lesage_14.jpg,lesage,7,-10.139821,-21.800838
944,lesage_15.jpg,lesage,7,-9.215309,-22.11664
945,lesage_24.jpg,lesage,5,-26.496016,-11.492617
946,lesage_3.jpg,lesage,5,-26.679363,-12.383078
947,lesage_4.jpg,lesage,5,-27.124062,-12.443858
948,lesage_5.jpg,lesage,21,-29.057583,-12.18182
949,lesage_7.jpg,lesage,5,-28.847258,-12.358734
950,lesage_9.jpg,lesage,5,-28.564642,-12.510814
951,leslie_1.jpg,leslie,1,-8.138548,24.00242
952,lewis_1.jpg,lewis,19,-10.903982,-8.421731
953,lichtenberg-1.jpg,lichtenberg-1.jpg,5,-17.9887,-17.806232
954,lichtenberg-2.jpg,lichtenberg-2.jpg,7,-18.30893,-1.8359667
955,lichtenberg-3.jpg,lichtenberg-3.jpg,7,-18.477198,-1.8177271
956,licini_1.jpg,licini,2,-22.491283,8.27996
957,licini_2.jpg,licini,4,6.095738,-3.1377025
958,licini_3.jpg,licini,13,-7.4860177,19.039547
959,lipchitz_9.jpg,lipchitz,14,16.570889,-24.039661
960,loazzari_2.jpg,loazzari,2,-6.2357864,-13.668173
961,long_1.jpg,long,2,12.4233675,-26.43725
962,loubchansky_1.jpg,loubchansky,3,34.410244,11.736211
963,loubchansky_2.jpg,loubchansky,2,-2.4789262,5.065239
964,loubchansky_3.jpg,loubchansky,16,12.090825,17.821362
965,lupertz_1.jpg,lupertz,1,-7.21251,13.32275
966,lussigny_1.jpg,lussigny,6,13.794678,28.912457
967,lussigny_2.jpg,lussigny,13,13.316226,29.062916
968,maar_16.jpg,maar,11,-9.384096,30.496996
969,maar_17.jpg,maar,16,-4.173731,13.323607
970,maar_18.jpg,maar,1,-29.683836,7.682055
971,maar_19.jpg,maar,1,-29.669727,7.4496174
972,maar_20.jpg,maar,15,20.038414,21.134365
973,maar_21.jpg,maar,19,9.889448,-6.181021
974,maar_22.jpg,maar,19,12.997775,-16.943594
975,maar_23.jpg,maar,1,-12.571693,18.968863
976,magnelli_1.jpg,magnelli,4,-4.5315714,11.722351
977,magnelli_10.jpg,magnelli,3,25.600445,7.12133
978,magnelli_2.jpg,magnelli,3,24.362352,-1.6411566
979,magnelli_3.jpg,magnelli,26,7.72679,9.130215
980,magnelli_4.jpg,magnelli,12,20.79734,-2.697578
981,magnelli_5.jpg,magnelli,12,20.903494,-3.2793543
982,magnelli_6.jpg,magnelli,15,28.386469,18.584888
983,magnelli_7.jpg,magnelli,17,33.24293,1.8681985
984,magnelli_8.jpg,magnelli,15,11.689139,25.163837
985,magnelli_9.jpg,magnelli,13,-7.472157,27.240612
986,malaprade_1.jpg,malaprade,3,33.11487,10.578351
987,malaprade_2.jpg,malaprade,3,30.559816,21.225409
988,malaprade_3.jpg,malaprade,6,27.829716,22.362732
989,malevitch_1.jpg,malevitch,13,29.36251,9.998929
990,malevitch_10.jpg,malevitch,26,-3.1480577,-1.5610552
991,malevitch_11.jpg,malevitch,13,30.250893,10.738794
992,malevitch_12.jpg,malevitch,7,0.2104035,-1.7951777
993,malevitch_2.jpg,malevitch,8,-5.6731963,13.193767
994,malevitch_3.jpg,malevitch,19,2.42532,-3.3459067
995,malevitch_4.jpg,malevitch,6,22.446377,27.95726
996,malevitch_7.jpg,malevitch,19,12.988229,-4.6256785
997,malevitch_8.jpg,malevitch,19,17.853634,-8.388682
998,mallo_2.jpg,mallo,17,23.652597,-4.60525
999,mallo_3.jpg,mallo,1,6.4658675,23.523464
1000,manessier_1.jpg,manessier,17,29.69497,-4.786636
1001,manessier_2.jpg,manessier,9,34.048054,0.63650215
1002,manessier_3.jpg,manessier,21,27.51496,3.1690388
1003,manzoni_1.jpg,manzoni,1,-8.275117,21.259571
1004,marclay_1.jpg,marclay,22,-22.661428,-17.378876
1005,marclay_2.jpg,marclay,15,20.972017,16.237705
1006,marclay_3.jpg,marclay,12,38.66784,-8.620769
1007,marclay_4.jpg,marclay,5,-29.777779,6.8212957
1008,marclay_5.jpg,marclay,7,-8.159554,-5.8356757
1009,marclay_6.jpg,marclay,5,-21.217329,-15.159355
1010,marclay_7.jpg,marclay,7,-10.248026,-7.8473134
1011,marclay_9.jpg,marclay,7,-2.749061,-6.8888216
1012,marden_1.jpg,marden,9,35.028698,4.6373634
1013,marden_2.jpg,marden,19,-19.963621,7.7953773
1014,marden_3.jpg,marden,5,-22.904387,-16.767912
1015,marfaing_1.jpg,marfaing,4,-14.024572,6.1167974
1016,marfaing_2.jpg,marfaing,13,-0.9817129,29.162066
1017,marfaing_3.jpg,marfaing,7,-4.8033195,-5.058586
1018,marfaing_4.jpg,marfaing,13,-0.9612033,29.115679
1019,marquette_1.jpg,marquette,15,19.201448,18.976088
1020,massanet_1.jpg,massanet,11,-16.78966,25.48761
1021,masson_1.jpg,masson,2,-4.7128835,-11.89356
1022,masson_11.jpg,masson,1,-10.980125,20.382366
1023,masson_12.jpg,masson,4,9.443666,-22.723381
1024,masson_13.jpg,masson,4,4.7920074,1.6808985
1025,masson_2.jpg,masson,7,1.7572241,6.2738876
1026,masson_4.jpg,masson,7,-4.403346,-1.7213022
1027,masson_5.jpg,masson,2,-1.2157383,13.030564
1028,masson_8.jpg,masson,2,-9.409367,-9.353358
1029,mathieu_1.jpg,mathieu,1,-10.318432,27.16051
1030,mathieu_10.jpg,mathieu,7,-11.265643,-17.562056
1031,mathieu_16.jpg,mathieu,2,-5.227493,-0.49833354
1032,mathieu_19.jpg,mathieu,15,15.375541,24.812647
1033,mathieu_27.jpg,mathieu,2,-6.35748,-26.46453
1034,mathieu_3.jpg,mathieu,7,-12.015328,-3.9342663
1035,mathieu_5.jpg,mathieu,7,-10.487947,-2.7820623
1036,mathieu_7.jpg,mathieu,19,-10.481353,-19.087
1037,matisse_20.jpg,matisse,4,18.652443,27.585983
1038,matta_1.jpg,matta,1,-12.596067,-13.194828
1039,matta_2.jpg,matta,4,2.127477,-7.58076
1040,matta_3.jpg,matta,2,-2.1171649,-8.892549
1041,matta_4.jpg,matta,4,-11.679209,5.4036655
1042,matta_5.jpg,matta,4,-2.5363092,0.9095696
1043,matta_6.jpg,matta,2,2.0666146,-7.664058
1044,mauri_1.jpg,mauri,6,27.97049,24.494726
1045,mehadji_10.jpg,mehadji,12,9.253522,11.922515
1046,mehadji_11.jpg,mehadji,1,-9.944178,-22.656761
1047,mehadji_16.jpg,mehadji,2,12.585285,12.027334
1048,mehadji_17.jpg,mehadji,4,4.0177393,-23.465178
1049,mehadji_18.jpg,mehadji,4,2.2547765,-22.441557
1050,mehadji_2.jpg,mehadji,4,3.8913639,-24.11771
1051,mehadji_30.jpg,mehadji,15,-6.010152,-24.045555
1052,mehadji_32.jpg,mehadji,12,11.755638,8.478129
1053,mehadji_6.jpg,mehadji,1,-14.041045,-15.318611
1054,mehretu_1.jpg,mehretu,7,-3.3107293,2.2198765
1055,meijer_1.jpg,meijer,1,-22.053423,15.082307
1056,meijer_2.jpg,meijer,12,17.062395,10.295813
1057,melehi_1.jpg,melehi,12,22.102253,-21.513762
1058,merz_1.jpg,merz,13,-0.156761,31.817535
1059,messagier_1.jpg,messagier,1,-10.73403,19.857136
1060,messagier_2.jpg,messagier,7,-12.357347,8.357757
1061,messagier_3.jpg,messagier,12,13.119303,6.359985
1062,meurice_1.jpg,meurice,9,37.07899,-0.036709774
1063,michaux_1.jpg,michaux,1,-10.193023,23.611998
1064,michaux_11.jpg,michaux,5,-13.476555,-10.568372
1065,michaux_12.jpg,michaux,2,-0.8437493,17.701366
1066,michaux_13.jpg,michaux,5,-13.504005,-10.291421
1067,michaux_14.jpg,michaux,2,2.110232,-12.322991
1068,michaux_15.jpg,michaux,4,-8.799617,12.9009285
1069,michaux_2.jpg,michaux,1,-27.22806,-27.216928
1070,michaux_3.jpg,michaux,7,-11.777213,-20.165586
1071,michaux_4.jpg,michaux,7,-14.257394,-23.889652
1072,michaux_5.jpg,michaux,23,-5.836606,-7.45219
1073,michaux_6.jpg,michaux,1,-21.302908,11.937418
1074,michaux_7.jpg,michaux,4,-27.230732,-29.653614
1075,millares_1.jpg,millares,15,-25.707577,8.284741
1076,min_1.jpg,min,17,27.382107,4.524499
1077,min_10.jpg,min,12,9.461728,-1.7916473
1078,min_2.jpg,min,15,16.087017,21.09687
1079,min_3.jpg,min,15,26.705183,4.003009
1080,min_4.jpg,min,17,34.352993,-2.9425225
1081,min_5.jpg,min,19,-15.735907,-20.504873
1082,min_6.jpg,min,17,22.14456,-2.4268267
1083,min_7.jpg,min,2,-29.320189,9.130734
1084,min_8.jpg,min,12,2.7254045,9.370931
1085,min_9.jpg,min,4,-10.112372,11.937215
1086,minoru_1.jpg,minoru,23,-9.762863,-28.334122
1087,miro_1.jpg,miro,2,-21.886148,11.874326
1088,miro_10.jpg,miro,2,-3.023274,-12.378646
1089,miro_11.jpg,miro,2,9.689368,-9.390759
1090,miro_12.jpg,miro,4,-0.087040134,15.043189
1091,miro_13.jpg,miro,7,-1.3488549,-5.165495
1092,miro_14.jpg,miro,5,-18.453213,-6.7616105
1093,miro_16.jpg,miro,7,-21.278545,7.8953085
1094,miro_2.jpg,miro,7,-18.375866,-6.412349
1095,miro_3.jpg,miro,2,-26.951384,15.247531
1096,miro_4.jpg,miro,2,-26.974293,15.229325
1097,miro_5.jpg,miro,2,-26.859148,15.48134
1098,miro_7.jpg,miro,7,-19.005518,-6.3942957
1099,miro_8.jpg,miro,2,-5.0203815,-25.448774
1100,miro_9.jpg,miro,12,12.100367,5.411191
1101,mitchell_1.jpg,mitchell,7,-10.192679,4.861261
1102,mitchell_10.jpg,mitchell,4,-10.436901,11.186268
1103,mitchell_11.jpg,mitchell,22,-13.612954,7.3325343
1104,mitchell_12.jpg,mitchell,7,-8.264544,1.3616802
1105,mitchell_13.jpg,mitchell,4,5.0428243,-17.795376
1106,mitchell_14.jpg,mitchell,7,-6.9130077,0.7072552
1107,mitchell_15.jpg,mitchell,7,-6.440654,0.71289414
1108,mitchell_16.jpg,mitchell,7,-10.4368305,-4.2805758
1109,mitchell_17.jpg,mitchell,7,-11.153204,-0.6562966
1110,mitchell_18.jpg,mitchell,26,-7.2106276,1.7260009
1111,mitchell_19.jpg,mitchell,19,2.039973,-5.0639687
1112,mitchell_2.jpg,mitchell,7,-16.478601,-8.778597
1113,mitchell_20.jpg,mitchell,4,8.087134,-11.468803
1114,mitchell_21.jpg,mitchell,7,-7.587015,0.27133563
1115,mitchell_22.jpg,mitchell,19,23.549389,1.9279543
1116,mitchell_23.jpg,mitchell,19,-10.130684,4.8926797
1117,mitchell_24.jpg,mitchell,1,-10.686245,16.161896
1118,mitchell_25.jpg,mitchell,19,-8.000448,2.8118143
1119,mitchell_26.jpg,mitchell,12,20.576027,-2.1535912
1120,mitchell_27.jpg,mitchell,7,-5.913187,-1.6056337
1121,mitchell_28.jpg,mitchell,7,-8.547262,2.4829068
1122,mitchell_29.jpg,mitchell,7,-8.987696,3.3870943
1123,mitchell_3.jpg,mitchell,7,-11.087224,8.538544
1124,mitchell_30.jpg,mitchell,17,29.978415,-6.4598484
1125,mitchell_31.jpg,mitchell,19,26.512402,-6.582304
1126,mitchell_4.jpg,mitchell,7,-11.800738,8.035375
1127,mitchell_5.jpg,mitchell,7,-12.82845,7.2134743
1128,mitchell_6.jpg,mitchell,7,-14.1071615,6.9232144
1129,mitchell_7.jpg,mitchell,1,-20.193897,4.9692783
1130,mitchell_8.jpg,mitchell,7,-7.07415,1.4485455
1131,mitchell_9.jpg,mitchell,7,-11.05194,0.928635
1132,moholy-nagy_1.jpg,moholy-nagy,2,8.928241,15.710055
1133,moholy-nagy_2.jpg,moholy-nagy,2,-3.3271482,-25.84488
1134,moignard_1.jpg,moignard,2,2.3064692,-13.896354
1135,moignard_2.jpg,moignard,19,3.777859,-11.313879
1136,moignard_3.jpg,moignard,2,9.726327,-11.797761
1137,moignard_4.jpg,moignard,19,10.306493,-11.594829
1138,molinero_1.jpg,molinero,7,-15.8449545,-10.743163
1139,molinero_2.jpg,molinero,7,-15.895389,-11.083578
1140,molnar_1.jpg,molnar,6,4.541275,31.745014
1141,mondrian_10.jpg,mondrian,15,19.569641,17.929007
1142,mondrian_13.jpg,mondrian,6,25.48872,24.380096
1143,mondrian_14.jpg,mondrian,6,29.67594,24.682589
1144,mondrian_15.jpg,mondrian,6,29.24844,24.549036
1145,mondrian_16.jpg,mondrian,15,23.377064,21.81801
1146,mondrian_17.jpg,mondrian,15,23.444565,21.849709
1147,mondrian_27.jpg,mondrian,20,26.348639,22.362183
1148,mondrian_7.jpg,mondrian,21,29.894041,-7.932357
1149,mondrian_8.jpg,mondrian,5,-16.105852,-22.010752
1150,monory_1.jpg,monory,1,-3.7087255,18.854092
1151,mont_1.jpg,mont,11,-14.363243,33.990032
1152,montalcini_1.jpg,montalcini,5,-18.13376,-12.2474785
1153,montanier_1.jpg,montanier,19,16.929497,1.7963374
1154,montanier_2.jpg,montanier,4,4.2595577,-16.950726
1155,montanier_3.jpg,montanier,19,16.28459,-8.462524
1156,montanier_4.jpg,montanier,12,24.934172,3.064016
1157,moon_1.jpg,moon,5,-24.025366,-11.633243
1158,morellet_1.jpg,morellet,5,-22.907904,-20.855381
1159,morellet_2.jpg,morellet,6,26.896635,24.28006
1160,morellet_3.jpg,morellet,16,5.3381033,3.9283745
1161,morellet_4.jpg,morellet,8,-3.8748136,11.663514
1162,morellet_5.jpg,morellet,2,-30.42591,-4.749934
1163,morellet_6.jpg,morellet,5,-28.31171,-14.992667
1164,moreni_1.jpg,moreni,4,10.786579,-1.2040614
1165,mortensen_1.jpg,mortensen,27,3.6119227,2.5137095
1166,murillo_1.jpg,murillo,12,20.869503,-7.6005406
1167,music_1.jpg,music,2,-6.4793434,-33.936153
1168,music_2.jpg,music,2,1.5663502,7.5681543
1169,music_3.jpg,music,2,1.1685183,8.554553
1170,napangardi_1.jpg,napangardi,5,-30.70215,-15.615473
1171,napangardi_2.jpg,napangardi,5,-30.70016,-17.211786
1172,napangardi_3.jpg,napangardi,5,-30.725695,-17.18387
1173,nasseri_1.jpg,nasseri,5,-27.099472,-16.640436
1174,nassyo_1.jpg,nassyo,7,-10.587568,-1.2533296
1175,nassyo_2.jpg,nassyo,7,-10.379976,-1.2850554
1176,nay_1.jpg,nay,4,-9.609133,2.214496
1177,nemours_1.jpg,nemours,10,20.038769,6.536358
1178,newman_1.jpg,newman,10,18.42421,0.3865971
1179,newman_2.jpg,newman,19,-19.680832,-23.139011
1180,newman_3.jpg,newman,17,-5.9350405,-34.60123
1181,nishida_1.jpg,nishida,5,-19.090435,-20.710415
1182,nkanga_17.jpg,nkanga,8,10.216997,-19.508764
1183,nkanga_19.jpg,nkanga,8,10.830518,1.0820731
1184,nkanga_25.jpg,nkanga,14,15.26799,-25.96996
1185,nkanga_3.jpg,nkanga,7,-12.418507,-2.6062768
1186,noel_1.jpg,noel,8,5.559008,14.984984
1187,noel_2.jpg,noel,5,-11.836368,-11.310299
1188,noel_3.jpg,noel,5,-19.968569,-12.346935
1189,noel_4.jpg,noel,23,-12.593182,-14.084424
1190,novelli_1.jpg,novelli,7,-12.571127,-26.605555
1191,oba_1.jpg,oba,19,10.98872,-7.761256
1192,oehlen_1.jpg,oehlen,4,-1.2383559,25.189152
1193,oehlen_3.jpg,oehlen,26,5.4696445,7.7584095
1194,oelze_1.jpg,oelze,4,1.6319579,-1.733274
1195,okamura_1.jpg,okamura,7,-0.31253886,7.034502
1196,omigakuen_1.jpg,omigakuen,5,-24.883188,-21.46539
1197,omigakuen_2.jpg,omigakuen,5,-26.65786,-21.568447
1198,onslow-ford_1.jpg,onslow-ford,19,22.544413,-6.0020146
1199,opoku_1.jpg,opoku,7,-1.8411777,0.14181276
1200,paek_1.jpg,paek,2,-8.500584,-15.695193
1201,pagava_1.jpg,pagava,1,-15.224405,27.116188
1202,pagava_2.jpg,pagava,9,35.018288,4.1211996
1203,pagava_3.jpg,pagava,1,-2.1381955,22.800499
1204,pagava_5.jpg,pagava,1,-12.990122,26.623377
1205,pages_1.jpg,pages,13,6.791499,28.586954
1206,pages_99.jpg,pages,7,-15.506988,-7.1342454
1207,pailhorpe_1.jpg,pailhorpe,7,-13.1937275,12.975882
1208,pailthorpe_1.jpg,pailthorpe,4,-2.6233597,18.38758
1209,palencia_1.jpg,palencia,2,-1.4223725,-9.643258
1210,palencia_2.jpg,palencia,7,-6.9404483,-6.3282056
1211,palmer_1.jpg,palmer,7,-14.26118,-6.8770356
1212,pannaggi_1.jpg,pannaggi,12,21.550724,9.899295
1213,papazoff_1.jpg,papazoff,2,-3.2401655,-17.237822
1214,paressant-tual_1.jpg,paressant-tual,19,25.490963,4.264375
1215,park_1.jpg,park,7,-4.415835,21.586655
1216,parmeggiani_1.jpg,parmeggiani,7,0.4698018,10.653648
1217,parmentier_1.jpg,parmentier,13,-3.9413338,24.325964
1218,parmentier_2.jpg,parmentier,11,-17.829805,30.926596
1219,patel_1.jpg,patel,2,2.7250159,-24.839025
1220,paternosto_1.jpg,paternosto,2,-4.1985908,-13.465805
1221,patricio_1.jpg,patricio,5,-31.29758,-12.837966
1222,peire_1.jpg,peire,9,36.930805,3.3272798
1223,penone_1.jpg,penone,5,-25.806393,-16.150932
1224,perilli_1.jpg,perilli,19,12.5054455,-16.258049
1225,perl_1.jpg,perl,8,-3.0798712,14.396594
1226,perrament_1.jpg,perrament,7,-2.392285,0.10580381
1227,petyarre_1.jpg,petyarre,5,-18.642195,-20.81997
1228,phase-2_1.jpg,phase-2,4,2.872471,-19.71152
1229,picabia_1.jpg,picabia,2,9.058468,16.291836
1230,picabia_10.jpg,picabia,4,0.3275375,0.36928105
1231,picabia_2.jpg,picabia,19,21.55984,3.317114
1232,picabia_3.jpg,picabia,23,16.097189,3.6889405
1233,picabia_4.jpg,picabia,15,-3.2049527,4.6958737
1234,picabia_5.jpg,picabia,2,14.633513,12.633039
1235,picabia_6.jpg,picabia,17,5.488052,-11.461492
1236,picabia_7.jpg,picabia,2,5.8085184,15.22347
1237,picasso_1.jpg,picasso,17,32.0414,4.4566083
1238,picasso_11.jpg,picasso,19,19.958078,-6.9299164
1239,picasso_12.jpg,picasso,17,32.04404,4.4641767
1240,picasso_2.jpg,picasso,2,-2.9808955,18.578012
1241,picasso_23.jpg,picasso,7,0.87187046,-2.930244
1242,picasso_4.jpg,picasso,7,1.3044246,-1.5056497
1243,picasso_6.jpg,picasso,7,0.90590334,-2.0352325
1244,piffaretti_1.jpg,piffaretti,20,26.525879,25.574226
1245,piffaretti_2.jpg,piffaretti,15,21.561049,21.707342
1246,piffaretti_3.jpg,piffaretti,10,19.93945,4.589252
1247,podgornik_1.jpg,podgornik,7,-2.1467855,10.460745
1248,poliakof_1.jpg,poliakof,2,7.7670217,-9.802569
1249,poliakoff_2.jpg,poliakoff,19,18.225706,2.7799644
1250,poliakoff_3.jpg,poliakoff,2,11.740787,11.715856
1251,poliakoff_4.jpg,poliakoff,2,13.360597,10.935732
1252,poliakoff_5.jpg,poliakoff,10,17.06361,11.616432
1253,poliakoff_6.jpg,poliakoff,7,12.708361,10.860808
1254,polke_1.jpg,polke,2,-5.433045,-11.865897
1255,polke_2.jpg,polke,7,0.8018725,5.6499896
1256,polke_3.jpg,polke,11,-10.312512,32.1687
1257,polke_4.jpg,polke,15,19.031313,16.047424
1258,pollock-3.jpg,pollock-3.jpg,5,-32.966976,-19.934254
1259,pollock_1.jpg,pollock,5,-25.841587,-15.556105
1260,pollock_10.jpg,pollock,5,-33.485012,-19.705341
1261,pollock_12.jpg,pollock,5,-32.414772,-19.564745
1262,pollock_13.jpg,pollock,5,-33.271935,-20.209736
1263,pollock_2.jpg,pollock,22,-20.796059,-9.757376
1264,pollock_4.jpg,pollock,5,-33.586845,-20.049276
1265,pollock_5.jpg,pollock,5,-33.025017,-19.62378
1266,pollock_7.jpg,pollock,5,-33.857254,-19.962095
1267,pollock_8.jpg,pollock,5,-33.552925,-19.516106
1268,pollock_9.jpg,pollock,5,-33.37868,-19.402306
1269,pons_1.jpg,pons,15,18.86781,17.325546
1270,popova_1.jpg,popova,12,13.5273,-4.7185197
1271,popova_2.jpg,popova,26,-5.989134,-5.255249
1272,popova_3.jpg,popova,19,-5.099541,-3.2035491
1273,prampolini_1.jpg,prampolini,13,0.11858995,15.321955
1274,prampolini_2.jpg,prampolini,4,-9.284712,9.338023
1275,prampolini_3.jpg,prampolini,2,7.83247,-18.482477
1276,prampolini_4.jpg,prampolini,19,15.883816,-0.42301625
1277,prampolini_5.jpg,prampolini,4,14.912871,-0.89012337
1278,pressager_1.jpg,pressager,7,-24.817047,5.1847095
1279,pressager_2.jpg,pressager,7,-24.811512,5.1909595
1280,prevati_1.jpg,prevati,11,0.17963713,31.634394
1281,proweller_1.jpg,proweller,10,16.740707,6.097607
1282,rae_1.jpg,rae,7,-8.608654,-0.93736356
1283,rahon_1.jpg,rahon,5,-21.504585,-9.384054
1284,rahon_2.jpg,rahon,5,-17.631626,-20.561708
1285,rama_1.jpg,rama,7,-21.856644,1.2117622
1286,rama_2.jpg,rama,1,-1.3994056,-21.45194
1287,rama_3.jpg,rama,11,-12.674511,29.520586
1288,rawsthorne_1.jpg,rawsthorne,17,33.454216,-3.911433
1289,redon_2.jpg,redon,2,-6.6509423,-33.635674
1290,redon_3.jpg,redon,2,-6.643356,-33.61062
1291,reggiani_1.jpg,reggiani,8,8.025713,-0.11033002
1292,reigl_1.jpg,reigl,1,-9.249725,21.045801
1293,reigl_2.jpg,reigl,4,-16.054808,-29.386728
1294,reigl_3.jpg,reigl,15,6.305352,-20.949993
1295,reigl_4.jpg,reigl,4,6.1993556,-20.931787
1296,reigl_5.jpg,reigl,2,17.940863,13.095573
1297,reth_1.jpg,reth,2,-5.1858034,-16.154594
1298,reth_2.jpg,reth,12,21.54953,-4.4734755
1299,reth_3.jpg,reth,12,17.880924,-4.4554486
1300,reutersvard_1.jpg,reutersvard,2,17.694193,12.456765
1301,reutersvard_2.jpg,reutersvard,12,3.5416265,4.1753335
1302,rheingantz_1.jpg,rheingantz,7,-2.4267006,-5.8396096
1303,richter_1.jpg,richter,11,-11.812573,36.294685
1304,richter_10.jpg,richter,1,-15.46315,9.56268
1305,richter_11.jpg,richter,1,-14.579772,10.123658
1306,richter_12.jpg,richter,7,-16.55488,-0.6585295
1307,richter_13.jpg,richter,23,-16.85888,-1.3728015
1308,richter_14.jpg,richter,7,-16.586782,-1.2001486
1309,richter_15.jpg,richter,19,5.289901,-5.971685
1310,richter_17.jpg,richter,1,-5.4242616,24.424316
1311,richter_2.jpg,richter,6,28.116978,23.959496
1312,richter_3.jpg,richter,19,27.92262,-6.2500205
1313,richter_4.jpg,richter,19,4.5625105,-7.393254
1314,richter_5.jpg,richter,7,-17.815334,-10.288549
1315,richter_6.jpg,richter,5,-18.852507,-10.328286
1316,richter_7.jpg,richter,19,-0.97473925,0.17502011
1317,richter_8.jpg,richter,7,-14.810723,-4.107565
1318,richter_9.jpg,richter,7,-14.849738,-4.2293015
1319,riley_98.jpg,riley,9,39.545864,1.7687738
1320,riley_99.jpg,riley,9,39.543278,1.7750497
1321,ripoulin_1.jpg,ripoulin,5,-28.237106,-8.540237
1322,rist_1.jpg,rist,15,31.34973,19.35681
1323,ristori_1.jpg,ristori,15,2.6592996,23.473248
1324,ristori_2.jpg,ristori,20,21.311396,26.908909
1325,ristori_3.jpg,ristori,19,6.4999714,-5.5585456
1326,ristori_4.jpg,ristori,7,-5.799575,-0.79359823
1327,ristori_5.jpg,ristori,1,-10.998266,17.086517
1328,ristori_6.jpg,ristori,19,-3.7875385,-0.7868743
1329,ristori_7.jpg,ristori,1,-14.485518,6.943631
1330,roche_1.jpg,roche,19,-1.344771,-15.344955
1331,rodtchenko_.jpg,rodtchenko,13,10.343839,28.903448
1332,rodtchenko_1.jpg,rodtchenko,14,15.052933,-22.554127
1333,rodtchenko_3.jpg,rodtchenko,12,20.79207,-9.207754
1334,rondinone_1.jpg,rondinone,14,18.13223,-24.502253
1335,rossiter_1.jpg,rossiter,13,-0.6343244,27.795141
1336,rotella_1.jpg,rotella,7,-7.478952,-10.534071
1337,rotella_2.jpg,rotella,7,-7.459915,-10.356958
1338,rothko_1.jpg,rothko,22,-0.53800887,2.283698
1339,rothko_11.jpg,rothko,4,-0.8751499,25.254274
1340,rothko_20.jpg,rothko,19,9.274482,-2.325349
1341,rothko_21.jpg,rothko,4,-0.47566614,2.4472601
1342,rothko_24.jpg,rothko,16,-2.1994834,34.666485
1343,rothko_26.jpg,rothko,7,5.482308,-1.5894243
1344,rothko_27.jpg,rothko,4,3.3480585,-1.354648
1345,rothko_28.jpg,rothko,7,9.206919,-3.3257995
1346,rothko_29.jpg,rothko,1,-13.466205,19.772482
1347,rothko_30.jpg,rothko,19,9.454454,-3.5472364
1348,rothko_31.jpg,rothko,4,5.6925955,-1.5814941
1349,rothko_32.jpg,rothko,19,9.472331,-4.357787
1350,rothko_33.jpg,rothko,19,12.430664,-3.0660787
1351,rothko_34.jpg,rothko,7,9.071556,-4.7517557
1352,rothko_35.jpg,rothko,4,-10.613163,9.5531435
1353,rothko_36.jpg,rothko,4,-7.665001,15.719951
1354,rothko_37.jpg,rothko,4,-7.492856,15.629854
1355,rothko_38.jpg,rothko,19,12.426998,-3.2666755
1356,rothko_39.jpg,rothko,17,32.46331,13.840134
1357,rothko_40.jpg,rothko,10,31.504356,13.882088
1358,rothko_41.jpg,rothko,20,32.69576,14.842752
1359,rothko_42.jpg,rothko,0,32.92519,15.646851
1360,rothko_43.jpg,rothko,26,-0.28153348,25.491726
1361,rothko_44.jpg,rothko,0,32.829357,15.153846
1362,rothko_45.jpg,rothko,0,31.622349,14.012797
1363,rothko_46.jpg,rothko,0,5.6065917,36.135876
1364,rothko_47.jpg,rothko,0,2.2845013,39.151505
1365,rothko_48.jpg,rothko,0,1.5938804,38.728374
1366,rothko_49.jpg,rothko,0,4.840193,36.14285
1367,rothko_50.jpg,rothko,11,-8.460085,31.086142
1368,rothko_51.jpg,rothko,3,25.775225,10.095223
1369,rothko_52.jpg,rothko,0,1.9261463,36.789276
1370,rothko_53.jpg,rothko,3,35.853523,14.106491
1371,rothko_54.jpg,rothko,0,2.1853173,36.840324
1372,rothko_55.jpg,rothko,0,4.339647,36.191994
1373,rothko_56.jpg,rothko,0,3.849277,36.087673
1374,rothko_57.jpg,rothko,16,8.26936,22.839094
1375,rothko_58.jpg,rothko,26,8.252069,22.107359
1376,rothko_59.jpg,rothko,0,6.0504713,36.147667
1377,rothko_60.jpg,rothko,16,8.67508,25.555862
1378,rothko_61.jpg,rothko,0,1.9819844,38.976723
1379,rothko_62.jpg,rothko,0,34.57754,13.934911
1380,rothko_63.jpg,rothko,16,-1.80732,38.15194
1381,rothko_64.jpg,rothko,0,0.8774072,38.35426
1382,rothko_65.jpg,rothko,11,-2.3822792,34.64427
1383,rothko_66.jpg,rothko,26,34.99685,12.442346
1384,rothko_67.jpg,rothko,12,6.829967,20.099562
1385,rothko_68.jpg,rothko,21,24.722277,-5.6645174
1386,rothko_69.jpg,rothko,26,8.697974,25.433237
1387,rothschild_1.jpg,rothschild,19,6.0461607,-13.712634
1388,rozanova_1.jpg,rozanova,19,10.903045,-9.394474
1389,rozanova_2.jpg,rozanova,10,21.0244,5.7177124
1390,ruff_1.jpg,ruff,11,-12.479813,28.69027
1391,ruggeri_1.jpg,ruggeri,19,3.1500413,-15.033962
1392,sabatier_1.jpg,sabatier,7,-20.429007,-3.5808735
1393,saburo_1.jpg,saburo,7,12.626579,10.863557
1394,sage_1.jpg,sage,2,-5.3669453,-21.593508
1395,sage_2.jpg,sage,8,-2.5753877,10.696318
1396,saint-phalle_1.jpg,saint-phalle,17,29.47822,-5.6626306
1397,saint-phalle_2.jpg,saint-phalle,19,28.370907,-5.672041
1398,saito_1.jpg,saito,5,-20.25409,-19.850452
1399,sander_1.jpg,sander,7,-4.282208,-6.5950737
1400,sanfilippo_1.jpg,sanfilippo,5,-21.56181,-6.6777406
1401,saroni_1.jpg,saroni,19,-6.131871,0.5072483
1402,saura_1 (2).jpg,saura,4,-20.914007,-33.77648
1403,saura_1.jpg,saura,4,-20.912064,-33.776318
1404,scheggi_1.jpg,scheggi,13,7.938639,30.718578
1405,schifano_1.jpg,schifano,1,-17.349136,13.038516
1406,schneider_1.jpg,schneider,12,9.920663,-6.508272
1407,schoffer_1.jpg,schoffer,13,-4.4313197,25.135576
1408,schonberg_1.jpg,schonberg,13,4.736323,30.528881
1409,schonberg_2.jpg,schonberg,13,10.614404,29.21607
1410,schonberg_3.jpg,schonberg,4,10.925246,29.416874
1411,schoonhoven_1.jpg,schoonhoven,11,-14.272189,32.988583
1412,schumacher_1.jpg,schumacher,2,-3.7645466,-16.548075
1413,schwitters_1.jpg,schwitters,19,-6.926853,-20.43372
1414,scott_1.jpg,scott,2,9.165803,17.213312
1415,seligmann.jpg,seligmann.jpg,2,-2.9474616,-17.474125
1416,senkine_1.jpg,senkine,8,-8.317257,-19.22437
1417,serusier_1.jpg,serusier,2,17.073757,4.1034393
1418,severini_1.jpg,severini,7,-7.8155694,-9.469798
1419,seys_1.jpg,seys,7,-20.312275,7.856665
1420,shabazi_1.jpg,shabazi,0,0.4923662,38.405605
1421,shanghai_1.jpg,shanghai,1,-28.43657,3.65385
1422,shanghai_10.jpg,shanghai,1,-20.241192,21.146322
1423,shanghai_11.jpg,shanghai,1,-20.203453,21.361788
1424,shanghai_2.jpg,shanghai,7,-15.282348,-2.636996
1425,shanghai_3.jpg,shanghai,1,-33.91895,-7.585517
1426,shanghai_4.jpg,shanghai,2,-9.832553,-25.156801
1427,shanghai_6.jpg,shanghai,5,-27.29343,-16.038683
1428,shanghai_7.jpg,shanghai,19,7.3210044,-12.921417
1429,shanghai_8.jpg,shanghai,1,-17.300476,6.4957395
1430,shanghai_9.jpg,shanghai,2,-7.2782946,21.143406
1431,shemza_1.jpg,shemza,10,30.047724,-1.2511729
1432,shiraga_1.jpg,shiraga,7,-9.333697,-8.207673
1433,shiraga_2.jpg,shiraga,7,-8.592977,-3.1296504
1434,sima_1.jpg,sima,2,1.7692409,6.9717383
1435,sima_2.jpg,sima,2,-0.17714016,12.728597
1436,simon_1.jpg,simon,7,1.1611166,9.4168825
1437,simon_3.jpg,simon,5,-26.608875,-10.166343
1438,simon_6.jpg,simon,5,-26.982218,-10.533382
1439,singier_1.jpg,singier,19,12.623564,-16.535532
1440,singier_2.jpg,singier,15,18.088018,19.871426
1441,singier_3.jpg,singier,15,19.072342,13.632924
1442,siqueiros_1.jpg,siqueiros,15,26.794714,18.062529
1443,sklavos_1.jpg,sklavos,1,-19.434763,0.86734223
1444,smith_1.jpg,smith,5,-20.07644,-14.756772
1445,snyder_1.jpg,snyder,7,-9.054015,-0.5618597
1446,son_1.jpg,son,7,-14.798905,-11.422742
1447,soto_1.jpg,soto,19,12.177427,-31.119045
1448,soto_2.jpg,soto,11,-6.799364,28.722115
1449,souietine_1.jpg,souietine,4,-6.530738,13.232256
1450,souietine_2.jpg,souietine,20,22.660015,23.086365
1451,souietine_3.jpg,souietine,10,18.408379,4.694243
1452,soulages_1.jpg,soulages,13,2.4827218,31.38511
1453,soulages_10.jpg,soulages,18,40.64663,-9.351894
1454,soulages_11.jpg,soulages,15,-4.752048,-21.884508
1455,soulages_12.jpg,soulages,2,14.644748,17.271694
1456,soulages_13.jpg,soulages,4,-25.652624,8.559722
1457,soulages_14.jpg,soulages,21,39.024532,-7.85408
1458,soulages_15.jpg,soulages,11,-17.198423,33.86286
1459,soulages_16.jpg,soulages,11,-17.199152,33.865074
1460,soulages_17.jpg,soulages,3,26.423204,13.316379
1461,soulages_18.jpg,soulages,19,26.002588,12.2799225
1462,soulages_19.jpg,soulages,15,-2.3708136,-22.972666
1463,soulages_2.jpg,soulages,3,26.547905,13.434488
1464,soulages_20.jpg,soulages,2,-13.287705,-16.393316
1465,soulages_21.jpg,soulages,22,-8.397389,-17.76408
1466,soulages_22.jpg,soulages,25,21.996492,14.958573
1467,soulages_23.jpg,soulages,21,21.157742,3.7631047
1468,soulages_24.jpg,soulages,17,31.2825,-7.022649
1469,soulages_25.jpg,soulages,17,22.43023,3.141997
1470,soulages_26.jpg,soulages,12,21.814198,-19.162752
1471,soulages_3.jpg,soulages,1,-20.102407,24.488413
1472,soulages_4.jpg,soulages,3,31.727797,8.894046
1473,soulages_5.jpg,soulages,3,35.264317,7.35204
1474,soulages_6.jpg,soulages,3,35.230423,7.671124
1475,soulages_7.jpg,soulages,3,35.274036,7.3318324
1476,soulages_8.jpg,soulages,3,22.124407,15.024349
1477,soulages_9.jpg,soulages,11,-11.333934,30.732681
1478,sowden_1.jpg,sowden,5,-26.041063,-15.1990185
1479,spaletti_1.jpg,spaletti,13,1.1803031,29.323988
1480,specker_1.jpg,specker,17,29.535664,-8.857272
1481,stalhy_1.jpg,stalhy,11,-8.064099,31.124159
1482,stalhy_2.jpg,stalhy,1,-10.198858,27.722265
1483,stalhy_3.jpg,stalhy,19,15.422358,-3.2189238
1484,stazewski_1.jpg,stazewski,9,33.85633,3.624318
1485,stella_1.jpg,stella,10,19.439747,1.7671032
1486,still_1.jpg,still,17,19.666456,12.878123
1487,still_2.jpg,still,17,23.709951,-7.4918094
1488,stojka_1.jpg,stojka,12,13.946435,-12.305074
1489,storel_1.jpg,storel,12,8.9845705,-5.531673
1490,strzeminski_1.jpg,strzeminski,12,13.7285,-7.1022444
1491,stupica_1.jpg,stupica,2,3.91189,17.471922
1492,szenes_1.jpg,szenes,11,-13.659341,29.608885
1493,szenes_2.jpg,szenes,11,-13.702178,29.820595
1494,taeuber-arp_1.jpg,taeuber-arp,15,25.032576,20.211971
1495,taeuber-arp_2.jpg,taeuber-arp,2,-3.8753273,-9.824679
1496,taeuber-arp_3.jpg,taeuber-arp,6,26.53145,23.42159
1497,taeuber-arp_4.jpg,taeuber-arp,10,16.241577,11.975578
1498,taghavi_1.jpg,taghavi,7,-5.0543923,-9.112198
1499,tal-coat_3.jpg,tal-coat,2,0.27194104,12.621405
1500,tamayo_1.jpg,tamayo,4,2.0639713,4.0242863
1501,tanavoli_1.jpg,tanavoli,13,4.1979613,28.654491
1502,tancredi_1.jpg,tancredi,7,1.895694,10.150314
1503,tanning_1.jpg,tanning,2,-5.854041,-16.895142
1504,tapies_1.jpg,tapies,2,-5.896716,-13.144294
1505,tchachnik_1.jpg,tchachnik,6,26.797245,26.27881
1506,tchachnik_2.jpg,tchachnik,9,35.277946,1.5456415
1507,tchelitchew_1.jpg,tchelitchew,7,-8.104068,5.3347015
1508,themerson_1.jpg,themerson,2,0.31907853,-8.398166
1509,themerson_3.jpg,themerson,2,1.3621463,-8.498506
1510,themerson_5.jpg,themerson,4,-3.5908723,3.0586452
1511,themerson_6.jpg,themerson,19,19.753529,-8.599157
1512,themerson_7.jpg,themerson,7,-0.014214374,-0.8808241
1513,tiberghien_1.jpg,tiberghien,16,-5.0153356,33.233788
1514,tilmans_1.jpg,tilmans,16,-5.051205,33.036343
1515,timms_1.jpg,timms,4,5.774961,0.053520974
1516,tinguely_1.jpg,tinguely,5,-27.624123,-17.179962
1517,tinker_1.jpg,tinker,2,2.7120442,17.249605
1518,tobey_1.jpg,tobey,23,-6.085851,-10.598244
1519,tobey_2.jpg,tobey,7,-1.7110832,-4.4394608
1520,tobey_3.jpg,tobey,2,6.8700805,16.535784
1521,tobey_4.jpg,tobey,7,-17.346573,-5.5860624
1522,tomasello_1.jpg,tomasello,1,-25.808823,-0.79856735
1523,toroni_1.jpg,toroni,1,1.9957767,22.419449
1524,toroni_2.jpg,toroni,15,17.634232,32.043926
1525,toroni_3.jpg,toroni,6,23.921614,26.983095
1526,tourliere_1.jpg,tourliere,2,-12.094709,-27.42407
1527,toyen_1.jpg,toyen,21,27.781126,-8.542769
1528,toyen_10.jpg,toyen,1,-15.507125,18.361715
1529,toyen_11.jpg,toyen,1,-14.708094,17.376379
1530,toyen_12.jpg,toyen,4,-17.735197,3.8425484
1531,toyen_13.jpg,toyen,4,-7.7360353,4.553917
1532,toyen_14.jpg,toyen,1,-14.008635,22.82049
1533,toyen_15.jpg,toyen,4,-12.923049,3.360531
1534,toyen_16.jpg,toyen,4,-6.697398,7.32931
1535,toyen_17.jpg,toyen,4,2.5727434,12.714061
1536,toyen_18.jpg,toyen,19,25.53646,-10.463313
1537,toyen_2.jpg,toyen,4,-8.167781,8.387438
1538,toyen_26.jpg,toyen,4,-12.273442,-23.907808
1539,toyen_7.jpg,toyen,2,10.5099325,-8.79859
1540,toyen_9.jpg,toyen,1,-16.414366,18.359787
1541,trenkwalder_1.jpg,trenkwalder,5,-18.107576,-18.25177
1542,trevelyan_1.jpg,trevelyan,2,3.8616157,0.33004117
1543,tsukiuchi_1.jpg,tsukiuchi,23,-8.90971,-6.76395
1544,tsukiuchi_2.jpg,tsukiuchi,5,-20.035028,-20.434086
1545,turcato_1.jpg,turcato,2,-6.0780396,-13.717844
1546,turcato_2.jpg,turcato,11,-5.207183,27.967302
1547,turcato_5.jpg,turcato,4,8.864536,5.3093777
1548,turner-daniel_1.jpg,turner-daniel,12,9.236815,15.016507
1549,twombly_1.jpg,twombly,19,26.79583,-12.633842
1550,twombly_10.jpg,twombly,2,-0.4373514,-13.320888
1551,twombly_11.jpg,twombly,2,2.1581774,-9.733583
1552,twombly_2.jpg,twombly,17,28.16349,-10.319561
1553,twombly_3.jpg,twombly,2,2.0675128,-9.632771
1554,twombly_4.jpg,twombly,5,-19.95899,-13.08344
1555,twombly_5.jpg,twombly,16,-6.956024,32.931477
1556,twombly_6.jpg,twombly,2,2.3092697,-11.091897
1557,twombly_7.jpg,twombly,2,2.307424,18.904278
1558,twombly_8.jpg,twombly,7,2.2271664,-10.875352
1559,twombly_9.jpg,twombly,4,-5.614024,-1.7219124
1560,tyson_1.jpg,tyson,1,-8.985081,16.330166
1561,tyson_2.jpg,tyson,7,-12.959921,9.494104
1562,tzara_1.jpg,tzara,26,11.963123,-11.555065
1563,ubac_1.jpg,ubac,11,-14.6111355,25.673792
1564,ubac_2.jpg,ubac,1,-15.672119,22.533121
1565,ufan_1.jpg,ufan,9,37.779293,1.748663
1566,van-hecke_1.jpg,van-hecke,7,-0.4560766,-4.484922
1567,van-hirtum_1.jpg,van-hirtum,5,-17.380997,-21.334703
1568,van-rees-duthil_14.jpg,van-rees-duthil,2,-7.1244183,-18.082972
1569,van-rees-o_10.jpg,van-rees-o,17,19.675987,-16.747488
1570,van-rees-o_46.jpg,van-rees-o,12,16.56013,-0.4225454
1571,van-rees-o_47.jpg,van-rees-o,12,21.402233,-20.076517
1572,van-rees-o_49.jpg,van-rees-o,17,27.98946,3.2983227
1573,van-rees-o_5.jpg,van-rees-o,21,24.300581,-4.3705945
1574,van-rees-o_56.jpg,van-rees-o,2,3.034408,4.192339
1575,van-rees-o_57.jpg,van-rees-o,12,18.875141,-3.3058598
1576,van-rees-o_9.jpg,van-rees-o,12,21.747278,-6.6309648
1577,van-velde-b_1.jpg,van-velde-b,4,-8.5157,7.0359497
1578,van-velde_1.jpg,van-velde,2,3.019701,12.228871
1579,van_doesburg_1.jpg,van,3,28.993292,19.756306
1580,van_doesburg_2.jpg,van,20,28.484701,21.229828
1581,van_doesburg_3.jpg,van,6,38.21752,5.937689
1582,vanel_2.jpg,vanel,19,30.414549,-8.30004
1583,vantongerloo_1.jpg,vantongerloo,6,23.186491,24.669014
1584,varo_1.jpg,varo,7,-8.483902,-1.9254913
1585,varo_2.jpg,varo,2,-13.4026985,-17.911446
1586,vasarely_1.jpg,vasarely,15,23.976992,21.57907
1587,vasarely_10.jpg,vasarely,17,-29.768404,-14.274314
1588,vasarely_11.jpg,vasarely,5,-29.411598,-18.592222
1589,vasarely_12.jpg,vasarely,15,22.817665,21.048431
1590,vasarely_13.jpg,vasarely,9,39.104713,1.1161933
1591,vasarely_14.jpg,vasarely,5,-28.218796,-19.74679
1592,vasarely_15.jpg,vasarely,6,38.40759,-5.933719
1593,vasarely_16.jpg,vasarely,15,17.91138,31.871832
1594,vasarely_17.jpg,vasarely,2,16.696362,32.353832
1595,vasarely_18.jpg,vasarely,7,-29.616665,-5.5341015
1596,vasarely_19.jpg,vasarely,7,-21.924788,-3.4628942
1597,vasarely_2.jpg,vasarely,15,19.338854,18.72465
1598,vasarely_20.jpg,vasarely,7,-10.019672,-5.422356
1599,vasarely_21.jpg,vasarely,26,4.3181868,-27.3306
1600,vasarely_22.jpg,vasarely,4,5.6985188,-19.08268
1601,vasarely_23.jpg,vasarely,15,21.6189,21.847807
1602,vasarely_24.jpg,vasarely,5,-27.350817,-20.055979
1603,vasarely_25.jpg,vasarely,7,-29.005806,-5.5163445
1604,vasarely_26.jpg,vasarely,7,-29.392307,-5.6169276
1605,vasarely_27.jpg,vasarely,5,-28.00237,-6.281847
1606,vasarely_28.jpg,vasarely,7,-28.305311,-5.9689507
1607,vasarely_29.jpg,vasarely,7,-27.855486,-0.79415035
1608,vasarely_3.jpg,vasarely,8,-23.244587,-4.7011404
1609,vasarely_30.jpg,vasarely,12,18.137306,-7.3035564
1610,vasarely_31.jpg,vasarely,7,-29.985704,-4.9380713
1611,vasarely_32.jpg,vasarely,12,8.959201,3.1723354
1612,vasarely_33.jpg,vasarely,14,19.12704,-24.311716
1613,vasarely_34.jpg,vasarely,12,13.786305,-2.8645704
1614,vasarely_35.jpg,vasarely,14,16.568083,-23.640635
1615,vasarely_36.jpg,vasarely,26,9.392673,2.4780922
1616,vasarely_4.jpg,vasarely,11,-12.850535,30.835508
1617,vasarely_5.jpg,vasarely,15,21.230415,20.354425
1618,vasarely_6.jpg,vasarely,3,33.95131,7.2803683
1619,vasarely_7.jpg,vasarely,3,33.923855,11.192969
1620,vasarely_8.jpg,vasarely,3,35.183643,15.739787
1621,vasarely_9.jpg,vasarely,11,-11.166753,36.436172
1622,vedova_1.jpg,vedova,5,-18.891188,-16.609243
1623,vedova_2.jpg,vedova,5,-21.419254,-13.229274
1624,vedova_3.jpg,vedova,5,-22.38809,-13.0532255
1625,vedova_99.jpg,vedova,19,26.7529,-9.959916
1626,venet_1.jpg,venet,17,33.591743,-4.2594767
1627,venet_2.jpg,venet,2,-2.4313571,-20.616837
1628,veronesi_1.jpg,veronesi,13,2.052051,19.960262
1629,vescovi_1.jpg,vescovi,2,8.143539,17.800451
1630,vezelay_1.jpg,vezelay,2,-1.8753496,14.214753
1631,vezelay_2.jpg,vezelay,2,-1.6523036,-8.221843
1632,vezelay_3.jpg,vezelay,10,22.665228,9.061589
1633,viallat_99.jpg,viallat,2,3.650937,-8.6554985
1634,vieira-da-silva_1.jpg,vieira-da-silva,2,4.867895,9.012535
1635,vieira-da-silva_10.jpg,vieira-da-silva,13,-6.3974586,7.5702043
1636,vieira-da-silva_11.jpg,vieira-da-silva,1,-10.786274,22.428514
1637,vieira-da-silva_12.jpg,vieira-da-silva,1,-12.669476,-26.602861
1638,vieira-da-silva_13.jpg,vieira-da-silva,7,-3.627015,-4.032137
1639,vieira-da-silva_14.jpg,vieira-da-silva,1,-16.867317,8.580825
1640,vieira-da-silva_4.jpg,vieira-da-silva,22,-21.843895,-5.7524443
1641,vieira-da-silva_5.jpg,vieira-da-silva,2,2.503881,20.991446
1642,vieira-da-silva_6.jpg,vieira-da-silva,7,-10.085179,-7.6503577
1643,vieira-da-silva_7.jpg,vieira-da-silva,7,4.616763,-2.195783
1644,vieira-da-silva_9.jpg,vieira-da-silva,1,-13.924822,20.18034
1645,villa_1.jpg,villa,2,-10.421833,-12.963376
1646,villard_1.jpg,villard,5,-22.665224,-8.302248
1647,villard_2.jpg,villard,5,-22.928461,-24.757824
1648,villon_1.jpg,villon,1,-5.897163,18.97786
1649,volpi_1.jpg,volpi,1,-22.219698,21.185152
1650,von-heyl_1.jpg,von-heyl,7,-22.76791,-5.3206477
1651,von-heyl_2.jpg,von-heyl,4,-4.926066,8.212063
1652,vordemberge-gildewart_1.jpg,vordemberge-gildewart,8,1.2195764,14.861768
1653,vssd_1.jpg,vssd,23,-15.516507,-13.4742565
1654,warhol_26.jpg,warhol,4,-16.05534,-29.390507
1655,william_1.jpg,william,16,11.453324,20.984756
1656,wols_1.jpg,wols,7,-7.5619526,-14.310988
1657,wols_2.jpg,wols,23,11.515409,-8.035824
1658,wool_1.jpg,wool,22,-22.792025,-13.213171
1659,wool_2.jpg,wool,4,6.309035,9.381033
1660,wool_3.jpg,wool,19,5.974292,7.677409
1661,x-3.jpg,x-3.jpg,2,13.237005,24.88816
1662,x-4.jpg,x-4.jpg,2,-9.848094,-25.178122
1663,x_1.jpg,x,6,28.886953,20.572287
1664,x_2.jpg,x,13,-5.79352,10.364993
1665,xenakis_1.jpg,xenakis,15,24.151045,5.7330904
1666,xie_1.jpg,xie,4,0.87867767,-18.762901
1667,youngerman_1.jpg,youngerman,8,9.237401,-19.348845
1668,zakharina-unkovskaya_1.jpg,zakharina-unkovskaya,11,-12.35495,31.77394
1669,zao_1.jpg,zao,7,-21.170683,18.40062
1670,zao_10.jpg,zao,1,-16.812696,23.03893
1671,zao_11.jpg,zao,7,-0.8687762,6.515017
1672,zao_12.jpg,zao,7,-20.971352,18.036068
1673,zao_13.jpg,zao,4,-9.631388,13.676986
1674,zao_14.jpg,zao,2,-0.6432993,6.838099
1675,zao_15.jpg,zao,7,-21.033346,18.132082
1676,zao_16.jpg,zao,17,34.568214,-4.4624104
1677,zao_17.jpg,zao,2,-5.9270253,-14.858522
1678,zao_18.jpg,zao,7,-9.502097,15.5052
1679,zao_19.jpg,zao,7,-10.726547,14.230929
1680,zao_2.jpg,zao,1,-14.089374,27.17965
1681,zao_20.jpg,zao,1,-10.123263,14.583897
1682,zao_21.jpg,zao,7,-3.0823205,-5.890648
1683,zao_22.jpg,zao,7,-3.4248347,6.2673993
1684,zao_23.jpg,zao,1,-11.740442,22.997763
1685,zao_24.jpg,zao,1,-10.943432,23.954811
1686,zao_25.jpg,zao,7,-3.573214,6.323942
1687,zao_26.jpg,zao,1,-14.423995,21.220093
1688,zao_27.jpg,zao,2,-5.4237967,-16.92842
1689,zao_3.jpg,zao,1,-19.712938,20.118965
1690,zao_4.jpg,zao,4,-1.4757075,-18.52081
1691,zao_5.jpg,zao,1,-13.631164,21.62299
1692,zao_6.jpg,zao,4,1.449412,-19.58365
1693,zao_7.jpg,zao,1,-14.23631,21.88546
1694,zao_8.jpg,zao,1,-17.21387,22.791096
1695,zao_9.jpg,zao,5,-17.513004,-14.533912
1696,zion_1.jpg,zion,7,-26.583244,13.2079315
1697,zion_2.jpg,zion,7,-26.568554,13.180623
1698,zion_3.jpg,zion,7,-26.594877,13.151044
1699,zurn_1.jpg,zurn,4,2.9162304,-20.388454
